id,age_years,sex,bmi,hiv_status,cough_2weeks,cough_duration_weeks,fever,night_sweats,weight_loss,hemoptysis,chest_pain,fatigue,loss_of_appetite,who_symptom_screen_count,smear_result,xpert_mtb_detected,xpert_rif_resistance,cxr_result,cxr_abnormal,true_tb_status,tb_type,tb_classification,rifampicin_resistant,treatment_outcome
1,34,F,23.7,0,0,0,0,0,0,0,0,0,0,0,0,1,not_detected,normal,0,0,none,not_tb,0,not_applicable
2,17,M,17.5,0,1,7,1,1,0,0,1,1,0,3,0,1,not_detected,pleural_effusion,1,1,pulmonary,smear_negative_ptb,0,cured
3,42,F,15.0,1,0,0,1,1,0,0,1,1,1,2,1,0,N/A,normal,0,1,extrapulmonary,extrapulmonary_tb,0,completed
4,51,F,21.1,0,0,0,0,0,0,0,0,1,0,0,0,0,N/A,normal,0,0,none,not_tb,0,not_applicable
5,42,M,19.6,1,0,0,1,1,0,0,1,1,1,2,0,0,N/A,normal,0,1,pulmonary,smear_negative_ptb,0,completed
6,16,F,17.1,0,0,0,0,0,0,0,0,1,0,0,0,1,not_detected,normal,0,0,none,not_tb,0,not_applicable
7,52,F,24.0,0,0,0,0,0,0,0,0,0,0,0,0,0,N/A,old_tb_scar,1,0,none,not_tb,0,not_applicable
8,30,F,26.1,1,1,2,0,0,0,0,0,1,0,1,0,0,N/A,normal,0,0,none,not_tb,0,not_applicable
9,53,M,22.2,0,0,0,0,1,1,0,1,1,1,2,1,1,not_detected,infiltrate,1,1,pulmonary,smear_positive_ptb,0,lost_to_followup
10,16,M,23.2,0,0,0,0,0,0,0,0,1,0,0,0,0,N/A,infiltrate,1,0,none,not_tb,0,not_applicable
11,39,M,15.7,0,0,0,1,0,0,0,0,0,0,1,0,0,N/A,normal,0,0,none,not_tb,0,not_applicable
12,40,F,20.1,1,0,0,1,1,1,0,0,1,1,3,1,1,not_detected,infiltrate,1,1,pulmonary,smear_positive_ptb,0,cured
13,65,F,20.9,1,1,3,1,0,1,0,1,1,1,3,0,0,N/A,infiltrate,1,1,pulmonary,smear_negative_ptb,0,cured
14,38,F,16.8,0,0,0,0,1,1,0,0,1,1,2,0,0,N/A,normal,0,1,extrapulmonary,extrapulmonary_tb,0,cured
15,21,M,18.3,1,0,0,0,0,0,0,0,1,0,0,0,0,N/A,normal,0,1,pulmonary,smear_negative_ptb,0,completed
16,48,M,23.7,0,0,0,0,0,0,0,0,0,0,0,0,0,N/A,normal,0,0,none,not_tb,0,not_applicable
17,29,M,28.3,0,0,0,0,0,0,0,0,0,0,0,0,0,N/A,normal,0,0,none,not_tb,0,not_applicable
18,35,M,21.1,1,1,6,0,0,0,0,0,1,0,1,0,0,N/A,normal,0,0,none,not_tb,0,not_applicable
19,51,F,25.1,0,0,0,0,0,0,0,0,0,0,0,0,0,N/A,other_pathology,1,0,none,not_tb,0,not_applicable
20,20,F,23.1,1,0,0,0,0,0,0,0,0,0,0,0,0,N/A,other_pathology,1,0,none,not_tb,0,not_applicable
21,40,F,22.7,1,1,3,0,0,0,0,0,0,1,1,0,0,N/A,normal,0,0,none,not_tb,0,not_applicable
22,61,M,21.8,0,0,0,1,1,1,0,1,0,0,3,0,1,not_detected,normal,0,1,extrapulmonary,extrapulmonary_tb,0,cured
23,55,F,16.4,0,1,4,1,0,1,0,1,1,0,3,0,1,not_detected,normal,0,1,pulmonary,smear_negative_ptb,0,cured
24,27,F,22.8,1,1,3,0,0,0,0,0,0,0,1,0,0,N/A,normal,0,0,none,not_tb,0,not_applicable
25,43,F,18.6,1,1,6,0,1,1,0,0,1,0,3,0,1,not_detected,normal,0,1,extrapulmonary,extrapulmonary_tb,0,died
26,46,M,16.7,0,0,0,0,0,0,0,1,0,0,0,0,0,N/A,old_tb_scar,1,0,none,not_tb,0,not_applicable
27,24,M,21.6,1,0,0,1,0,1,1,0,1,1,2,0,1,not_detected,normal,0,1,pulmonary,smear_negative_ptb,0,lost_to_followup
28,24,M,24.9,0,0,0,0,0,1,0,1,1,0,1,0,0,N/A,other_pathology,1,0,none,not_tb,0,not_applicable
29,42,M,22.1,0,0,0,0,0,0,0,0,0,0,0,0,0,N/A,infiltrate,1,0,none,not_tb,0,not_applicable
30,52,F,17.8,0,0,0,1,0,0,0,0,1,1,1,1,1,not_detected,cavity,1,1,pulmonary,smear_positive_ptb,0,died
31,42,F,22.0,0,0,0,1,0,0,0,0,1,0,1,0,0,N/A,normal,0,0,none,not_tb,0,not_applicable
32,21,F,24.5,0,0,0,0,0,0,0,0,0,0,0,0,0,N/A,normal,0,0,none,not_tb,0,not_applicable
33,33,M,18.6,1,0,0,1,1,1,0,0,1,1,3,1,1,not_detected,infiltrate,1,1,pulmonary,smear_positive_ptb,0,completed
34,38,M,19.7,0,0,0,1,0,0,0,0,0,0,1,0,0,N/A,normal,0,0,none,not_tb,0,not_applicable
35,39,M,20.2,0,0,0,0,0,0,0,1,0,0,0,0,0,N/A,infiltrate,1,0,none,not_tb,0,not_applicable
36,35,M,22.0,0,0,0,0,0,0,0,0,1,0,0,0,0,N/A,other_pathology,1,0,none,not_tb,0,not_applicable
37,40,M,18.7,0,0,0,1,0,0,0,0,0,0,1,0,0,N/A,normal,0,0,none,not_tb,0,not_applicable
38,42,M,19.3,0,1,2,1,0,1,0,0,1,0,3,1,1,not_detected,infiltrate,1,1,pulmonary,smear_positive_ptb,0,cured
39,25,M,19.2,0,0,0,0,0,0,0,0,1,0,0,0,0,N/A,normal,0,0,none,not_tb,0,not_applicable
40,53,F,18.7,1,0,0,0,0,0,0,0,0,0,0,0,0,N/A,normal,0,0,none,not_tb,0,not_applicable
41,32,M,26.5,0,0,0,0,0,1,0,1,1,0,1,1,1,not_detected,cavity,1,1,pulmonary,smear_positive_ptb,0,cured
42,28,F,28.8,0,0,0,0,0,0,0,0,1,0,0,0,0,N/A,normal,0,0,none,not_tb,0,not_applicable
43,29,F,18.9,0,1,2,1,1,1,0,0,0,0,4,0,1,not_detected,normal,0,1,pulmonary,smear_negative_ptb,1,completed
44,46,M,25.0,0,0,0,0,1,0,0,0,0,0,1,0,0,N/A,normal,0,0,none,not_tb,0,not_applicable
45,50,F,25.6,0,0,0,0,0,0,0,1,0,1,0,0,0,N/A,normal,0,0,none,not_tb,0,not_applicable
46,47,F,21.7,0,0,0,0,0,0,1,0,0,0,0,0,0,N/A,normal,0,0,none,not_tb,0,not_applicable
47,58,M,19.2,0,1,7,0,1,0,1,0,1,0,2,1,1,detected,infiltrate,1,1,pulmonary,smear_positive_ptb,1,cured
48,31,M,17.8,0,1,3,1,0,1,0,0,0,0,3,0,1,not_detected,infiltrate,1,1,pulmonary,smear_negative_ptb,0,cured
49,37,F,26.4,0,0,0,1,0,0,0,0,0,0,1,0,0,N/A,old_tb_scar,1,0,none,not_tb,0,not_applicable
50,29,M,21.7,1,1,5,0,1,1,0,0,1,1,3,1,1,not_detected,infiltrate,1,1,pulmonary,smear_positive_ptb,0,completed
51,34,M,27.5,1,0,0,0,0,0,0,1,0,0,0,0,0,N/A,normal,0,0,none,not_tb,0,not_applicable
52,62,M,22.9,0,0,0,0,0,0,0,0,0,1,0,0,0,N/A,normal,0,0,none,not_tb,0,not_applicable
53,21,F,23.9,0,1,6,1,1,1,0,1,0,0,4,1,1,detected,normal,0,1,pulmonary,smear_positive_ptb,1,lost_to_followup
54,34,F,21.7,0,0,0,0,0,1,0,0,1,0,1,0,0,N/A,normal,0,0,none,not_tb,0,not_applicable
55,69,F,23.6,1,1,3,1,1,1,0,0,0,1,4,0,0,N/A,normal,0,1,extrapulmonary,extrapulmonary_tb,0,cured
56,44,F,20.4,1,0,0,0,0,0,0,1,0,0,0,0,0,N/A,other_pathology,1,0,none,not_tb,0,not_applicable
57,23,M,17.5,0,0,0,1,0,0,0,0,0,0,1,0,0,N/A,normal,0,0,none,not_tb,0,not_applicable
58,36,M,29.1,0,0,0,1,0,0,0,0,0,0,1,0,0,N/A,normal,0,0,none,not_tb,0,not_applicable
59,48,M,24.3,0,0,0,0,0,0,0,0,0,0,0,0,0,N/A,other_pathology,1,0,none,not_tb,0,not_applicable
60,41,M,23.8,0,0,0,0,0,0,0,0,0,0,0,0,0,N/A,old_tb_scar,1,0,none,not_tb,0,not_applicable
61,45,F,17.6,0,1,5,0,1,0,0,1,0,0,2,0,1,not_detected,normal,0,1,pulmonary,smear_negative_ptb,0,cured
62,33,M,16.4,0,1,3,1,1,0,0,0,1,0,3,1,1,not_detected,cavity,1,1,pulmonary,smear_positive_ptb,0,completed
63,37,M,16.6,1,0,0,1,0,1,0,1,0,0,2,1,1,not_detected,infiltrate,1,1,pulmonary,smear_positive_ptb,0,lost_to_followup
64,35,F,22.5,0,0,0,0,0,0,0,0,1,0,0,0,0,N/A,normal,0,0,none,not_tb,0,not_applicable
65,53,F,21.5,0,0,0,0,0,0,0,0,0,1,0,0,0,N/A,normal,0,0,none,not_tb,0,not_applicable
66,32,M,15.2,0,0,0,0,0,0,0,0,0,0,0,0,0,N/A,normal,0,0,none,not_tb,0,not_applicable
67,53,M,27.9,0,0,0,0,0,0,0,0,0,0,0,0,0,N/A,normal,0,0,none,not_tb,0,not_applicable
68,18,M,20.5,0,0,0,0,0,0,0,0,0,0,0,0,0,N/A,normal,0,0,none,not_tb,0,not_applicable
69,18,M,21.6,1,1,2,0,1,1,0,1,1,0,3,0,0,N/A,miliary,1,1,pulmonary,smear_negative_ptb,0,cured
70,34,M,16.7,0,1,6,1,1,1,0,0,1,1,4,0,1,not_detected,infiltrate,1,1,pulmonary,smear_negative_ptb,0,cured
71,48,M,22.5,0,0,0,0,0,0,0,0,0,0,0,0,0,N/A,normal,0,0,none,not_tb,0,not_applicable
72,44,M,25.4,0,0,0,1,0,0,0,1,1,0,1,0,0,N/A,normal,0,0,none,not_tb,0,not_applicable
73,55,F,24.9,0,0,0,0,0,0,0,1,0,1,0,0,0,N/A,normal,0,0,none,not_tb,0,not_applicable
74,68,M,17.8,1,0,0,0,1,0,0,1,1,0,1,0,0,N/A,cavity,1,1,pulmonary,smear_negative_ptb,0,cured
75,22,M,23.8,0,0,0,1,0,0,0,0,0,0,1,0,0,N/A,old_tb_scar,1,0,none,not_tb,0,not_applicable
76,37,M,20.2,0,0,0,0,1,1,0,0,1,0,2,0,1,not_detected,cavity,1,1,pulmonary,smear_negative_ptb,0,failed
77,15,M,21.5,1,0,0,0,0,0,0,0,0,1,0,0,0,N/A,normal,0,0,none,not_tb,0,not_applicable
78,53,F,15.7,0,1,3,0,0,1,1,1,1,1,2,1,1,not_detected,pleural_effusion,1,1,pulmonary,smear_positive_ptb,0,completed
79,26,M,16.9,0,1,2,1,0,1,1,0,1,1,3,1,1,not_detected,infiltrate,1,1,pulmonary,smear_positive_ptb,0,completed
80,42,F,20.7,0,0,0,0,0,0,1,0,0,0,0,0,0,N/A,infiltrate,1,0,none,not_tb,0,not_applicable
81,29,F,22.1,1,0,0,0,0,0,0,0,0,0,0,0,0,N/A,normal,0,0,none,not_tb,0,not_applicable
82,19,M,27.6,1,1,4,0,0,0,0,0,0,0,1,0,0,N/A,infiltrate,1,0,none,not_tb,0,not_applicable
83,15,F,25.2,0,0,0,0,0,0,0,0,0,0,0,0,0,N/A,normal,0,0,none,not_tb,0,not_applicable
84,20,M,19.1,0,0,0,0,0,0,0,0,1,0,0,0,0,N/A,normal,0,0,none,not_tb,0,not_applicable
85,24,M,28.4,0,0,0,0,0,0,0,0,0,1,0,0,0,N/A,normal,0,0,none,not_tb,0,not_applicable
86,30,M,21.7,0,0,0,1,0,1,0,0,0,0,2,0,0,N/A,old_tb_scar,1,0,none,not_tb,0,not_applicable
87,26,F,20.2,0,1,6,0,0,0,0,1,1,1,1,1,1,not_detected,pleural_effusion,1,1,pulmonary,smear_positive_ptb,0,cured
88,54,M,16.2,1,1,2,0,0,1,1,0,0,1,2,0,0,N/A,normal,0,1,extrapulmonary,extrapulmonary_tb,0,lost_to_followup
89,52,M,17.4,0,1,6,1,0,1,1,0,1,0,3,1,1,not_detected,infiltrate,1,1,pulmonary,smear_positive_ptb,0,completed
90,57,M,25.6,0,0,0,1,0,0,0,0,1,0,1,0,0,N/A,infiltrate,1,0,none,not_tb,0,not_applicable
91,24,M,18.9,1,0,0,1,0,0,0,0,0,0,1,0,0,N/A,normal,0,0,none,not_tb,0,not_applicable
92,17,F,18.6,1,1,9,0,0,0,1,1,1,1,1,1,1,detected,normal,0,1,pulmonary,smear_positive_ptb,1,completed
93,58,M,19.7,0,1,6,0,0,1,0,0,1,0,2,0,0,N/A,normal,0,1,extrapulmonary,extrapulmonary_tb,0,cured
94,32,M,15.9,0,1,2,1,0,0,0,1,1,1,2,0,1,not_detected,normal,0,1,extrapulmonary,extrapulmonary_tb,0,cured
95,39,M,14.1,0,1,6,0,1,0,0,1,1,0,2,0,1,not_detected,cavity,1,1,pulmonary,smear_negative_ptb,0,cured
96,19,F,25.2,1,0,0,0,0,0,0,0,0,0,0,0,0,N/A,normal,0,0,none,not_tb,0,not_applicable
97,53,M,25.7,0,1,3,0,0,1,0,0,1,0,2,0,1,not_detected,miliary,1,1,pulmonary,smear_negative_ptb,0,cured
98,17,M,19.6,1,1,6,1,1,1,0,1,1,0,4,1,0,N/A,normal,0,1,extrapulmonary,extrapulmonary_tb,0,cured
99,28,M,20.1,1,0,0,0,1,0,0,0,0,1,1,1,0,N/A,normal,0,1,extrapulmonary,extrapulmonary_tb,0,died
100,47,F,16.3,0,1,5,1,1,0,0,1,1,1,3,0,0,N/A,cavity,1,1,pulmonary,smear_negative_ptb,0,cured
101,64,F,27.1,0,0,0,0,0,0,0,0,0,0,0,0,0,N/A,normal,0,0,none,not_tb,0,not_applicable
102,35,F,20.7,0,0,0,0,0,1,0,0,0,0,1,0,0,N/A,normal,0,0,none,not_tb,0,not_applicable
103,30,M,26.1,0,0,0,1,0,0,0,0,0,1,1,0,0,N/A,normal,0,0,none,not_tb,0,not_applicable
104,47,F,24.1,0,0,0,1,1,0,0,0,1,0,2,0,1,not_detected,normal,0,0,none,not_tb,0,not_applicable
105,17,F,24.2,0,1,4,1,0,0,0,0,0,0,2,0,0,N/A,normal,0,0,none,not_tb,0,not_applicable
106,61,F,24.1,0,1,2,0,0,0,0,0,1,0,1,0,0,N/A,normal,0,0,none,not_tb,0,not_applicable
107,39,M,24.0,0,0,0,0,0,0,0,0,0,0,0,0,0,N/A,normal,0,0,none,not_tb,0,not_applicable
108,18,M,23.0,0,0,0,0,0,1,0,0,0,0,1,0,0,N/A,normal,0,0,none,not_tb,0,not_applicable
109,47,M,20.9,0,1,4,1,1,1,0,0,1,1,4,0,0,N/A,normal,0,1,extrapulmonary,extrapulmonary_tb,0,cured
110,31,F,19.5,1,0,0,0,0,1,0,0,0,0,1,0,0,N/A,normal,0,0,none,not_tb,0,not_applicable
111,34,M,17.9,1,1,6,0,1,0,0,0,1,0,2,0,1,not_detected,infiltrate,1,1,pulmonary,smear_negative_ptb,0,lost_to_followup
112,24,M,27.1,0,0,0,0,0,0,0,0,0,0,0,0,0,N/A,normal,0,0,none,not_tb,0,not_applicable
113,46,M,22.6,0,0,0,0,0,0,0,0,0,0,0,0,0,N/A,old_tb_scar,1,0,none,not_tb,0,not_applicable
114,54,M,20.9,1,0,0,0,0,0,0,0,0,0,0,0,0,N/A,normal,0,0,none,not_tb,0,not_applicable
115,40,M,25.6,0,0,0,0,0,0,0,0,0,0,0,0,0,N/A,old_tb_scar,1,0,none,not_tb,0,not_applicable
116,51,F,24.9,0,1,5,0,0,0,0,0,0,0,1,0,0,N/A,normal,0,0,none,not_tb,0,not_applicable
117,33,F,15.3,0,1,8,1,0,1,0,0,0,0,3,1,1,not_detected,cavity,1,1,pulmonary,smear_positive_ptb,0,completed
118,30,F,24.6,0,0,0,0,0,0,0,0,0,0,0,0,0,N/A,normal,0,0,none,not_tb,0,not_applicable
119,43,M,18.8,0,0,0,0,0,0,0,1,1,1,0,0,1,not_detected,cavity,1,1,pulmonary,smear_negative_ptb,0,failed
120,54,F,24.5,1,0,0,0,0,0,0,0,0,1,0,0,0,N/A,normal,0,0,none,not_tb,0,not_applicable
121,28,F,18.5,1,1,2,0,1,1,0,1,1,0,3,0,1,not_detected,infiltrate,1,1,pulmonary,smear_negative_ptb,0,completed
122,29,F,23.6,1,0,0,1,0,0,0,0,0,0,1,0,0,N/A,normal,0,0,none,not_tb,0,not_applicable
123,17,M,15.6,1,0,0,0,0,1,0,0,0,0,1,0,0,N/A,old_tb_scar,1,0,none,not_tb,0,not_applicable
124,54,M,18.9,1,1,2,1,0,1,0,0,0,0,3,0,0,N/A,old_tb_scar,1,0,none,not_tb,0,not_applicable
125,43,M,24.6,0,0,0,1,0,0,0,0,1,0,1,0,0,N/A,normal,0,0,none,not_tb,0,not_applicable
126,55,M,25.1,1,0,0,1,0,1,0,1,1,0,2,1,1,not_detected,infiltrate,1,1,pulmonary,smear_positive_ptb,0,died
127,33,M,23.3,0,0,0,0,0,0,0,1,0,0,0,0,0,N/A,normal,0,0,none,not_tb,0,not_applicable
128,46,M,16.8,1,0,0,1,1,1,0,1,0,1,3,0,1,not_detected,cavity,1,1,pulmonary,smear_negative_ptb,0,lost_to_followup
129,29,M,18.8,0,1,5,1,1,1,0,0,0,0,4,1,1,not_detected,normal,0,1,pulmonary,smear_positive_ptb,0,completed
130,30,F,18.9,0,0,0,0,0,0,0,0,0,0,0,0,0,N/A,old_tb_scar,1,0,none,not_tb,0,not_applicable
131,56,M,26.4,1,0,0,0,0,0,0,0,0,0,0,0,0,N/A,normal,0,0,none,not_tb,0,not_applicable
132,18,F,22.2,0,0,0,0,0,0,0,1,0,1,0,0,0,N/A,normal,0,0,none,not_tb,0,not_applicable
133,26,F,25.7,0,0,0,0,0,0,0,0,0,0,0,0,0,N/A,normal,0,0,none,not_tb,0,not_applicable
134,20,M,21.5,0,0,0,0,0,1,0,0,0,0,1,0,0,N/A,old_tb_scar,1,0,none,not_tb,0,not_applicable
135,32,F,21.4,1,1,7,0,0,1,0,0,0,0,2,1,1,not_detected,infiltrate,1,1,pulmonary,smear_positive_ptb,0,died
136,34,M,14.4,0,1,5,1,1,1,0,0,1,1,4,1,1,not_detected,cavity,1,1,pulmonary,smear_positive_ptb,0,cured
137,32,F,18.6,0,1,8,1,1,0,1,1,1,0,3,0,1,not_detected,infiltrate,1,1,pulmonary,smear_negative_ptb,0,cured
138,55,M,23.9,0,0,0,0,0,0,0,0,0,0,0,0,1,not_detected,normal,0,0,none,not_tb,0,not_applicable
139,47,F,17.8,1,1,3,1,1,1,0,0,1,0,4,1,1,not_detected,normal,0,1,pulmonary,smear_positive_ptb,0,cured
140,44,M,19.4,1,1,3,1,1,1,0,0,0,1,4,0,1,not_detected,infiltrate,1,1,pulmonary,smear_negative_ptb,0,cured
141,15,M,19.4,0,1,9,1,1,1,0,0,1,0,4,1,1,not_detected,pleural_effusion,1,1,pulmonary,smear_positive_ptb,0,died
142,17,M,25.7,0,0,0,0,0,0,0,0,0,0,0,0,0,N/A,normal,0,0,none,not_tb,0,not_applicable
143,45,F,24.2,1,0,0,0,0,0,0,0,0,0,0,0,0,N/A,normal,0,0,none,not_tb,0,not_applicable
144,48,M,19.5,0,1,3,0,1,1,0,0,0,1,3,0,0,N/A,normal,0,1,pulmonary,smear_negative_ptb,0,lost_to_followup
145,54,M,25.1,0,0,0,0,0,0,0,0,1,0,0,0,0,N/A,normal,0,0,none,not_tb,0,not_applicable
146,29,M,17.3,1,1,3,0,0,0,0,0,1,0,1,0,0,N/A,old_tb_scar,1,0,none,not_tb,0,not_applicable
147,39,M,16.6,1,0,0,1,0,1,0,0,0,0,2,0,0,N/A,infiltrate,1,1,extrapulmonary,extrapulmonary_tb,0,died
148,49,M,15.0,0,1,3,1,0,1,0,1,0,1,3,0,0,N/A,cavity,1,1,pulmonary,smear_negative_ptb,1,failed
149,52,M,23.9,0,0,0,0,0,0,0,0,1,0,0,0,0,N/A,normal,0,0,none,not_tb,0,not_applicable
150,47,M,23.4,0,0,0,1,0,0,0,0,0,0,1,0,0,N/A,normal,0,0,none,not_tb,0,not_applicable
151,36,F,26.8,0,0,0,0,0,0,0,0,0,0,0,0,0,N/A,normal,0,0,none,not_tb,0,not_applicable
152,28,F,23.2,1,0,0,1,0,1,0,1,0,0,2,0,0,N/A,normal,0,0,none,not_tb,0,not_applicable
153,24,M,19.8,0,0,0,0,0,0,0,0,0,0,0,0,0,N/A,normal,0,0,none,not_tb,0,not_applicable
154,15,M,22.5,0,0,0,0,0,0,0,0,0,0,0,0,0,N/A,normal,0,0,none,not_tb,0,not_applicable
155,47,M,15.4,0,0,0,0,0,0,0,0,0,0,0,0,0,N/A,normal,0,0,none,not_tb,0,not_applicable
156,16,F,17.5,0,1,8,1,0,1,0,0,0,1,3,0,1,not_detected,normal,0,1,pulmonary,smear_negative_ptb,0,cured
157,37,M,13.8,0,0,0,0,0,0,0,0,0,0,0,0,0,N/A,normal,0,0,none,not_tb,0,not_applicable
158,19,F,23.1,0,0,0,0,0,0,0,0,0,0,0,0,0,N/A,normal,0,0,none,not_tb,0,not_applicable
159,30,F,21.0,0,1,2,0,0,0,0,0,0,0,1,0,0,N/A,old_tb_scar,1,0,none,not_tb,0,not_applicable
160,54,F,18.2,1,1,10,0,1,1,0,1,1,1,3,0,0,N/A,cavity,1,1,pulmonary,smear_negative_ptb,0,died
161,25,M,16.2,0,1,3,1,1,1,0,1,0,1,4,0,0,N/A,infiltrate,1,1,pulmonary,smear_negative_ptb,0,lost_to_followup
162,42,F,19.7,0,0,0,0,0,0,0,0,0,0,0,0,1,not_detected,normal,0,0,none,not_tb,0,not_applicable
163,29,M,24.4,0,1,6,0,0,0,0,0,0,0,1,0,0,N/A,normal,0,0,none,not_tb,0,not_applicable
164,47,M,14.9,1,1,2,0,1,0,0,0,1,1,2,0,1,not_detected,normal,0,1,extrapulmonary,extrapulmonary_tb,0,cured
165,81,M,23.8,0,0,0,0,0,1,0,1,0,0,1,0,0,N/A,normal,0,0,none,not_tb,0,not_applicable
166,23,M,16.5,0,1,4,1,1,0,0,0,0,0,3,0,1,not_detected,normal,0,1,pulmonary,smear_negative_ptb,0,lost_to_followup
167,61,F,14.3,0,1,5,1,1,0,0,1,1,0,3,0,0,N/A,infiltrate,1,1,pulmonary,smear_negative_ptb,0,cured
168,49,F,26.3,0,0,0,0,0,0,0,0,0,0,0,0,0,N/A,normal,0,0,none,not_tb,0,not_applicable
169,45,M,21.8,1,1,3,1,0,0,0,0,0,0,2,0,1,not_detected,infiltrate,1,1,pulmonary,smear_negative_ptb,0,failed
170,48,F,20.1,0,0,0,0,0,0,0,0,0,0,0,0,0,N/A,normal,0,0,none,not_tb,0,not_applicable
171,30,M,20.1,0,0,0,0,0,0,0,0,0,0,0,0,0,N/A,normal,0,0,none,not_tb,0,not_applicable
172,27,M,21.1,0,0,0,0,0,0,0,0,0,1,0,0,0,N/A,normal,0,0,none,not_tb,0,not_applicable
173,54,M,16.5,1,1,6,1,1,1,0,0,1,1,4,0,1,not_detected,infiltrate,1,1,pulmonary,smear_negative_ptb,0,lost_to_followup
174,21,F,16.9,1,1,2,1,0,0,1,0,1,1,2,0,1,not_detected,cavity,1,1,pulmonary,smear_negative_ptb,0,cured
175,42,M,23.6,0,0,0,0,0,1,0,0,0,0,1,0,0,N/A,old_tb_scar,1,0,none,not_tb,0,not_applicable
176,22,M,29.3,1,0,0,0,0,0,0,0,0,0,0,0,0,N/A,normal,0,0,none,not_tb,0,not_applicable
177,43,M,20.8,0,0,0,0,0,0,0,0,0,0,0,0,0,N/A,other_pathology,1,0,none,not_tb,0,not_applicable
178,33,F,21.1,1,1,5,1,1,1,0,1,0,1,4,1,1,not_detected,cavity,1,1,pulmonary,smear_positive_ptb,0,died
179,40,F,23.2,0,0,0,0,0,0,1,0,0,0,0,0,0,N/A,other_pathology,1,0,none,not_tb,0,not_applicable
180,44,F,14.3,0,0,0,1,0,0,0,0,0,1,1,0,1,not_detected,pleural_effusion,1,1,pulmonary,smear_negative_ptb,0,cured
181,22,F,21.9,0,0,0,0,0,0,0,0,0,0,0,0,0,N/A,normal,0,0,none,not_tb,0,not_applicable
182,23,F,21.5,1,0,0,0,0,0,0,0,0,0,0,0,0,N/A,normal,0,0,none,not_tb,0,not_applicable
183,31,M,27.1,1,0,0,0,0,0,0,0,0,0,0,0,0,N/A,normal,0,0,none,not_tb,0,not_applicable
184,35,M,22.3,1,0,0,1,0,1,0,0,1,1,2,1,1,not_detected,infiltrate,1,1,pulmonary,smear_positive_ptb,0,completed
185,50,F,23.3,1,0,0,0,0,0,0,0,0,0,0,0,0,N/A,normal,0,0,none,not_tb,0,not_applicable
186,24,F,21.5,0,1,5,1,0,1,0,0,0,0,3,1,1,not_detected,infiltrate,1,1,pulmonary,smear_positive_ptb,0,completed
187,51,M,21.5,0,1,3,0,0,0,0,0,0,0,1,0,0,N/A,normal,0,0,none,not_tb,0,not_applicable
188,35,M,25.9,1,1,4,0,0,0,0,0,1,0,1,0,0,N/A,normal,0,0,none,not_tb,0,not_applicable
189,47,F,22.4,0,0,0,0,0,0,0,0,0,0,0,0,0,N/A,normal,0,0,none,not_tb,0,not_applicable
190,62,M,21.2,0,1,2,1,1,1,0,0,1,1,4,0,1,not_detected,infiltrate,1,1,pulmonary,smear_negative_ptb,0,died
191,36,F,26.2,1,0,0,0,0,0,0,0,0,0,0,0,0,N/A,normal,0,0,none,not_tb,0,not_applicable
192,36,M,24.5,0,0,0,0,0,0,0,0,1,0,0,0,0,N/A,other_pathology,1,0,none,not_tb,0,not_applicable
193,38,M,19.4,0,1,2,0,0,0,0,0,0,0,1,0,0,N/A,old_tb_scar,1,0,none,not_tb,0,not_applicable
194,56,F,17.4,1,1,6,1,1,1,1,0,1,1,4,0,1,not_detected,infiltrate,1,1,pulmonary,smear_negative_ptb,0,died
195,55,M,24.6,0,0,0,0,0,0,0,0,0,0,0,0,0,N/A,normal,0,0,none,not_tb,0,not_applicable
196,48,M,20.7,1,1,5,1,0,1,0,0,1,0,3,1,1,not_detected,miliary,1,1,pulmonary,smear_positive_ptb,0,lost_to_followup
197,43,F,18.9,0,0,0,1,0,0,1,1,1,0,1,0,1,detected,cavity,1,1,pulmonary,smear_negative_ptb,1,died
198,48,F,20.9,0,0,0,0,0,0,0,1,0,0,0,0,0,N/A,old_tb_scar,1,0,none,not_tb,0,not_applicable
199,29,M,22.7,0,0,0,0,0,0,0,0,0,0,0,0,0,N/A,other_pathology,1,0,none,not_tb,0,not_applicable
200,35,M,21.0,0,0,0,0,1,0,0,0,0,1,1,0,0,N/A,normal,0,0,none,not_tb,0,not_applicable
201,55,F,17.8,0,0,0,0,0,0,0,0,0,1,0,0,0,N/A,miliary,1,1,pulmonary,smear_negative_ptb,0,lost_to_followup
202,26,F,28.9,0,0,0,1,0,0,0,0,1,0,1,0,0,N/A,normal,0,0,none,not_tb,0,not_applicable
203,39,M,20.3,0,0,0,0,0,0,0,1,0,0,0,0,0,N/A,normal,0,0,none,not_tb,0,not_applicable
204,34,M,23.8,0,0,0,0,0,0,0,0,0,0,0,0,0,N/A,other_pathology,1,0,none,not_tb,0,not_applicable
205,41,M,22.5,0,0,0,0,0,0,0,0,1,1,0,0,0,N/A,normal,0,0,none,not_tb,0,not_applicable
206,47,M,17.7,0,0,0,1,0,0,0,0,1,0,1,0,0,N/A,normal,0,0,none,not_tb,0,not_applicable
207,45,M,15.3,1,0,0,0,1,0,0,1,1,0,1,1,0,N/A,infiltrate,1,1,pulmonary,smear_positive_ptb,0,died
208,37,F,18.3,1,1,4,0,1,0,1,1,1,1,2,0,0,N/A,normal,0,1,extrapulmonary,extrapulmonary_tb,0,completed
209,50,M,15.2,0,1,2,0,0,0,0,0,0,0,1,0,0,N/A,normal,0,0,none,not_tb,0,not_applicable
210,27,M,28.4,1,0,0,0,0,0,0,0,0,0,0,0,0,N/A,normal,0,0,none,not_tb,0,not_applicable
211,19,F,20.7,0,1,5,0,0,0,0,0,0,0,1,0,0,N/A,other_pathology,1,0,none,not_tb,0,not_applicable
212,24,F,17.4,1,0,0,0,1,1,0,1,1,1,2,1,1,not_detected,infiltrate,1,1,pulmonary,smear_positive_ptb,0,failed
213,16,M,26.3,0,0,0,0,0,0,0,0,0,0,0,0,0,N/A,old_tb_scar,1,0,none,not_tb,0,not_applicable
214,19,F,21.5,0,0,0,0,0,0,0,0,0,0,0,0,0,N/A,normal,0,0,none,not_tb,0,not_applicable
215,24,F,24.3,0,0,0,1,0,0,0,0,0,0,1,0,0,N/A,other_pathology,1,0,none,not_tb,0,not_applicable
216,37,F,20.0,0,0,0,0,1,0,0,0,0,0,1,0,0,N/A,normal,0,0,none,not_tb,0,not_applicable
217,38,M,22.2,1,0,0,0,0,1,0,0,0,0,1,0,0,N/A,normal,0,0,none,not_tb,0,not_applicable
218,49,M,25.4,1,0,0,0,0,0,0,0,0,0,0,0,0,N/A,normal,0,0,none,not_tb,0,not_applicable
219,48,F,19.0,0,1,4,0,0,0,0,0,0,0,1,0,0,N/A,old_tb_scar,1,0,none,not_tb,0,not_applicable
220,33,M,19.8,0,0,0,0,1,1,0,1,1,0,2,0,1,detected,infiltrate,1,1,pulmonary,smear_negative_ptb,1,failed
221,58,M,13.5,0,0,0,0,0,0,0,1,0,0,0,0,0,N/A,normal,0,0,none,not_tb,0,not_applicable
222,60,M,26.4,0,0,0,0,0,0,0,0,0,0,0,0,1,not_detected,normal,0,0,none,not_tb,0,not_applicable
223,42,F,20.1,0,0,0,0,0,0,0,0,0,1,0,0,0,N/A,other_pathology,1,0,none,not_tb,0,not_applicable
224,47,F,21.7,0,0,0,0,0,0,0,0,0,0,0,0,0,N/A,normal,0,0,none,not_tb,0,not_applicable
225,44,M,21.7,0,0,0,0,0,0,0,1,0,0,0,0,0,N/A,normal,0,0,none,not_tb,0,not_applicable
226,48,F,18.6,0,0,0,1,0,0,0,0,1,0,1,0,0,N/A,normal,0,0,none,not_tb,0,not_applicable
227,55,M,18.3,1,0,0,0,0,0,0,0,0,0,0,1,0,N/A,old_tb_scar,1,0,none,not_tb,0,not_applicable
228,32,M,19.8,1,1,9,1,1,0,0,1,1,0,3,0,1,not_detected,cavity,1,1,pulmonary,smear_negative_ptb,0,cured
229,50,F,24.0,0,0,0,0,0,0,0,0,1,1,0,0,0,N/A,normal,0,0,none,not_tb,0,not_applicable
230,27,M,16.3,0,1,3,1,1,1,0,1,0,0,4,0,1,detected,infiltrate,1,1,pulmonary,smear_negative_ptb,1,cured
231,15,M,23.9,0,0,0,0,1,0,0,0,1,1,1,0,0,N/A,old_tb_scar,1,0,none,not_tb,0,not_applicable
232,23,M,24.0,0,0,0,0,0,0,0,0,0,0,0,0,0,N/A,other_pathology,1,0,none,not_tb,0,not_applicable
233,37,F,20.7,1,0,0,0,0,0,0,0,1,0,0,0,0,N/A,normal,0,0,none,not_tb,0,not_applicable
234,34,F,17.5,0,0,0,0,0,1,0,0,0,0,1,0,0,N/A,other_pathology,1,0,none,not_tb,0,not_applicable
235,46,F,21.9,0,0,0,0,1,0,0,0,1,0,1,0,1,not_detected,other_pathology,1,0,none,not_tb,0,not_applicable
236,51,F,23.3,0,0,0,1,0,0,0,1,0,0,1,0,0,N/A,normal,0,0,none,not_tb,0,not_applicable
237,32,M,21.8,1,0,0,0,0,0,0,0,0,0,0,0,0,N/A,normal,0,0,none,not_tb,0,not_applicable
238,63,F,19.9,0,0,0,0,0,0,0,1,0,0,0,0,0,N/A,infiltrate,1,0,none,not_tb,0,not_applicable
239,51,M,23.6,0,0,0,0,0,0,0,0,0,1,0,0,1,not_detected,infiltrate,1,0,none,not_tb,0,not_applicable
240,47,M,26.4,0,0,0,0,0,0,0,0,0,0,0,0,0,N/A,normal,0,0,none,not_tb,0,not_applicable
241,24,F,16.6,1,1,5,1,0,1,0,1,1,1,3,0,0,N/A,normal,0,1,extrapulmonary,extrapulmonary_tb,0,cured
242,35,F,17.8,1,1,7,1,1,1,0,1,0,0,4,1,1,not_detected,infiltrate,1,1,pulmonary,smear_positive_ptb,0,cured
243,31,M,31.6,0,0,0,0,0,0,0,0,0,0,0,0,0,N/A,normal,0,0,none,not_tb,0,not_applicable
244,30,M,23.0,0,0,0,0,0,0,0,0,1,1,0,0,0,N/A,normal,0,0,none,not_tb,0,not_applicable
245,41,F,15.3,0,1,4,1,0,1,0,1,0,1,3,0,1,not_detected,pleural_effusion,1,1,pulmonary,smear_negative_ptb,0,completed
246,44,F,17.3,1,1,6,1,0,1,0,1,1,0,3,1,1,not_detected,cavity,1,1,pulmonary,smear_positive_ptb,0,completed
247,25,F,16.6,1,0,0,0,0,1,0,1,0,0,1,0,1,not_detected,normal,0,1,pulmonary,smear_negative_ptb,0,cured
248,50,M,19.5,1,1,6,1,1,1,0,0,0,0,4,0,1,not_detected,cavity,1,1,pulmonary,smear_negative_ptb,0,died
249,51,M,23.1,0,0,0,0,0,0,0,0,0,0,0,0,0,N/A,other_pathology,1,0,none,not_tb,0,not_applicable
250,32,M,19.8,0,0,0,0,0,0,0,0,0,0,0,0,0,N/A,normal,0,0,none,not_tb,0,not_applicable
251,36,F,28.5,0,0,0,0,1,0,0,0,1,0,1,0,0,N/A,old_tb_scar,1,0,none,not_tb,0,not_applicable
252,36,F,22.3,0,0,0,0,0,0,0,0,1,0,0,0,0,N/A,old_tb_scar,1,0,none,not_tb,0,not_applicable
253,24,M,17.4,0,1,3,1,0,1,0,0,1,1,3,1,1,not_detected,cavity,1,1,pulmonary,smear_positive_ptb,0,completed
254,19,M,15.4,0,0,0,1,0,1,0,1,1,0,2,0,1,not_detected,infiltrate,1,1,pulmonary,smear_negative_ptb,0,died
255,39,M,16.3,0,0,0,0,1,1,0,0,1,0,2,1,1,not_detected,infiltrate,1,1,pulmonary,smear_positive_ptb,0,cured
256,48,F,17.6,0,0,0,0,0,0,0,1,1,1,0,0,0,N/A,normal,0,0,none,not_tb,0,not_applicable
257,27,F,21.3,0,0,0,0,0,0,0,0,0,0,0,0,0,N/A,other_pathology,1,0,none,not_tb,0,not_applicable
258,25,M,16.3,0,1,4,0,1,1,0,0,1,1,3,0,0,N/A,infiltrate,1,1,pulmonary,smear_negative_ptb,1,completed
259,67,M,24.7,0,0,0,1,0,0,0,0,0,0,1,0,0,N/A,normal,0,0,none,not_tb,0,not_applicable
260,41,F,20.0,0,0,0,0,0,0,0,0,0,0,0,0,0,N/A,normal,0,0,none,not_tb,0,not_applicable
261,28,M,20.6,0,1,11,1,1,0,0,1,1,1,3,1,1,not_detected,cavity,1,1,pulmonary,smear_positive_ptb,0,completed
262,47,F,19.7,1,0,0,1,1,1,0,1,1,1,3,0,0,N/A,infiltrate,1,1,pulmonary,smear_negative_ptb,0,lost_to_followup
263,29,M,24.3,1,0,0,0,0,0,0,0,0,0,0,0,0,N/A,old_tb_scar,1,0,none,not_tb,0,not_applicable
264,29,M,25.1,0,0,0,0,0,0,0,0,1,0,0,0,0,N/A,old_tb_scar,1,0,none,not_tb,0,not_applicable
265,56,F,29.0,0,0,0,0,0,0,0,0,0,0,0,0,0,N/A,normal,0,0,none,not_tb,0,not_applicable
266,29,M,16.4,0,1,6,1,1,1,0,0,1,1,4,0,0,N/A,infiltrate,1,1,extrapulmonary,extrapulmonary_tb,0,cured
267,44,M,25.0,1,0,0,0,0,0,0,0,1,0,0,0,0,N/A,infiltrate,1,0,none,not_tb,0,not_applicable
268,29,M,19.5,0,0,0,0,0,0,0,0,1,1,0,1,1,not_detected,infiltrate,1,1,pulmonary,smear_positive_ptb,0,lost_to_followup
269,31,M,21.2,1,0,0,1,0,0,0,0,0,0,1,0,1,not_detected,cavity,1,1,pulmonary,smear_negative_ptb,0,lost_to_followup
270,32,M,22.4,0,0,0,0,1,0,0,0,0,0,1,0,0,N/A,normal,0,0,none,not_tb,0,not_applicable
271,33,M,26.1,0,0,0,0,0,0,0,1,0,0,0,0,0,N/A,normal,0,0,none,not_tb,0,not_applicable
272,32,M,15.3,0,1,2,1,0,0,1,0,1,1,2,1,1,not_detected,infiltrate,1,1,pulmonary,smear_positive_ptb,0,cured
273,35,M,16.0,0,0,0,0,1,0,0,1,0,1,1,0,1,not_detected,cavity,1,1,pulmonary,smear_negative_ptb,0,cured
274,68,F,20.0,1,0,0,1,0,0,0,0,0,0,1,0,1,not_detected,normal,0,0,none,not_tb,0,not_applicable
275,45,F,18.3,1,0,0,0,1,1,1,0,1,0,2,0,1,not_detected,cavity,1,1,pulmonary,smear_negative_ptb,0,cured
276,52,M,18.6,0,1,9,1,1,0,0,0,0,1,3,1,1,not_detected,infiltrate,1,1,pulmonary,smear_positive_ptb,0,cured
277,43,M,16.6,0,1,3,1,1,1,0,1,1,0,4,1,1,not_detected,miliary,1,1,pulmonary,smear_positive_ptb,0,cured
278,35,M,16.0,1,1,5,0,0,1,0,1,1,1,2,0,0,N/A,cavity,1,1,pulmonary,smear_negative_ptb,0,cured
279,53,F,19.7,0,0,0,0,0,0,0,0,0,0,0,0,0,N/A,normal,0,0,none,not_tb,0,not_applicable
280,46,F,14.2,0,1,5,0,0,1,1,1,1,0,2,1,1,not_detected,infiltrate,1,1,pulmonary,smear_positive_ptb,0,cured
281,47,M,21.0,0,1,2,1,0,0,0,0,0,1,2,0,0,N/A,other_pathology,1,0,none,not_tb,0,not_applicable
282,18,M,21.8,0,0,0,0,0,0,0,0,0,0,0,1,0,N/A,normal,0,0,none,not_tb,0,not_applicable
283,44,M,19.6,0,1,3,1,0,1,0,0,1,1,3,1,1,not_detected,cavity,1,1,pulmonary,smear_positive_ptb,0,cured
284,29,M,22.6,1,0,0,0,0,0,0,0,0,0,0,0,0,N/A,normal,0,0,none,not_tb,0,not_applicable
285,27,M,23.0,1,1,2,1,1,0,0,0,1,0,3,0,0,N/A,infiltrate,1,1,pulmonary,smear_negative_ptb,0,completed
286,45,M,24.8,0,0,0,0,0,0,0,0,0,0,0,0,0,N/A,normal,0,0,none,not_tb,0,not_applicable
287,36,M,24.6,0,1,2,0,0,0,0,1,0,0,1,0,0,N/A,normal,0,0,none,not_tb,0,not_applicable
288,51,M,23.3,0,0,0,1,0,0,0,1,1,0,1,0,0,N/A,old_tb_scar,1,0,none,not_tb,0,not_applicable
289,37,M,19.8,1,1,5,0,0,1,0,0,0,1,2,0,1,not_detected,normal,0,1,pulmonary,smear_negative_ptb,0,lost_to_followup
290,26,M,21.2,0,0,0,0,0,0,0,1,0,0,0,0,0,N/A,normal,0,0,none,not_tb,0,not_applicable
291,28,F,22.3,0,0,0,0,0,0,0,0,0,0,0,0,0,N/A,normal,0,0,none,not_tb,0,not_applicable
292,28,M,28.7,0,0,0,0,0,0,0,0,1,0,0,0,0,N/A,other_pathology,1,0,none,not_tb,0,not_applicable
293,43,F,18.3,0,0,0,1,1,1,0,0,0,1,3,0,0,N/A,normal,0,1,extrapulmonary,extrapulmonary_tb,0,cured
294,42,M,15.2,1,0,0,1,0,1,0,1,0,1,2,0,1,not_detected,infiltrate,1,1,pulmonary,smear_negative_ptb,0,completed
295,35,F,24.4,0,0,0,0,0,0,0,0,0,0,0,0,0,N/A,normal,0,0,none,not_tb,0,not_applicable
296,27,F,25.1,0,0,0,0,0,0,0,0,0,0,0,0,0,N/A,normal,0,0,none,not_tb,0,not_applicable
297,49,F,22.5,0,0,0,0,0,0,0,0,0,0,0,0,0,N/A,old_tb_scar,1,0,none,not_tb,0,not_applicable
298,47,F,15.4,0,0,0,1,0,0,0,0,0,0,1,0,0,N/A,normal,0,0,none,not_tb,0,not_applicable
299,43,F,21.7,0,1,7,1,1,0,0,1,1,0,3,0,0,N/A,infiltrate,1,1,pulmonary,smear_negative_ptb,0,died
300,48,F,22.8,0,0,0,0,0,0,0,0,0,0,0,0,0,N/A,normal,0,0,none,not_tb,0,not_applicable
301,50,F,20.9,0,0,0,0,0,0,0,0,0,0,0,0,0,N/A,old_tb_scar,1,0,none,not_tb,0,not_applicable
302,40,M,26.2,0,0,0,0,0,0,0,0,0,0,0,0,0,N/A,infiltrate,1,0,none,not_tb,0,not_applicable
303,56,M,14.9,0,0,0,0,0,0,0,0,0,1,0,0,0,N/A,normal,0,0,none,not_tb,0,not_applicable
304,45,M,22.4,0,1,2,0,0,1,0,0,0,0,2,0,0,N/A,normal,0,0,none,not_tb,0,not_applicable
305,68,F,20.1,0,0,0,0,0,0,0,0,0,0,0,1,0,N/A,normal,0,0,none,not_tb,0,not_applicable
306,28,M,22.2,0,0,0,1,1,0,1,1,1,0,2,1,1,not_detected,cavity,1,1,pulmonary,smear_positive_ptb,0,lost_to_followup
307,20,M,19.1,1,0,0,0,1,0,0,0,1,0,1,1,1,not_detected,miliary,1,1,pulmonary,smear_positive_ptb,0,cured
308,41,F,19.0,0,0,0,0,0,0,0,0,0,1,0,0,0,N/A,infiltrate,1,0,none,not_tb,0,not_applicable
309,34,M,21.3,1,0,0,0,1,1,0,0,1,1,2,0,0,N/A,cavity,1,1,pulmonary,smear_negative_ptb,0,cured
310,45,M,12.4,1,1,10,1,1,1,0,0,1,1,4,0,0,N/A,miliary,1,1,pulmonary,smear_negative_ptb,0,cured
311,42,M,23.8,0,1,3,0,0,0,0,1,1,0,1,0,0,N/A,other_pathology,1,0,none,not_tb,0,not_applicable
312,23,M,17.6,0,0,0,0,0,0,0,0,0,0,0,0,0,N/A,normal,0,0,none,not_tb,0,not_applicable
313,29,M,20.4,0,0,0,0,0,0,0,0,0,0,0,0,0,N/A,normal,0,0,none,not_tb,0,not_applicable
314,30,M,21.2,0,0,0,0,0,0,0,0,1,0,0,0,0,N/A,other_pathology,1,0,none,not_tb,0,not_applicable
315,28,M,25.2,0,0,0,0,0,0,0,0,1,0,0,0,0,N/A,other_pathology,1,0,none,not_tb,0,not_applicable
316,60,M,29.7,0,0,0,1,0,0,0,0,0,1,1,0,0,N/A,normal,0,0,none,not_tb,0,not_applicable
317,18,M,15.8,0,0,0,0,0,1,0,0,0,0,1,0,0,N/A,normal,0,0,none,not_tb,0,not_applicable
318,55,F,23.6,0,1,5,0,0,1,0,0,0,0,2,0,0,N/A,normal,0,0,none,not_tb,0,not_applicable
319,38,M,24.0,0,1,4,0,0,1,0,1,0,0,2,1,1,not_detected,miliary,1,1,pulmonary,smear_positive_ptb,0,cured
320,51,F,17.1,0,1,3,1,1,0,0,0,0,1,3,0,0,N/A,infiltrate,1,1,pulmonary,smear_negative_ptb,0,cured
321,33,F,19.8,0,0,0,0,0,1,0,0,0,0,1,0,0,N/A,normal,0,0,none,not_tb,0,not_applicable
322,34,M,22.8,1,0,0,0,0,0,0,0,0,0,0,0,0,N/A,normal,0,0,none,not_tb,0,not_applicable
323,34,M,24.9,0,0,0,0,0,0,0,0,0,0,0,0,0,N/A,normal,0,0,none,not_tb,0,not_applicable
324,53,M,24.3,0,0,0,0,0,0,0,0,0,0,0,0,0,N/A,old_tb_scar,1,0,none,not_tb,0,not_applicable
325,51,F,20.7,1,0,0,0,0,1,0,0,1,0,1,0,0,N/A,normal,0,0,none,not_tb,0,not_applicable
326,16,F,16.5,0,0,0,1,0,1,1,0,1,1,2,0,0,N/A,normal,0,1,extrapulmonary,extrapulmonary_tb,0,cured
327,41,F,26.6,1,0,0,0,0,0,0,0,0,0,0,0,0,N/A,normal,0,0,none,not_tb,0,not_applicable
328,27,M,19.3,0,0,0,0,0,0,0,0,0,0,0,0,0,N/A,infiltrate,1,0,none,not_tb,0,not_applicable
329,26,F,15.3,0,0,0,0,0,0,0,0,0,0,0,0,0,N/A,other_pathology,1,0,none,not_tb,0,not_applicable
330,51,M,14.9,0,0,0,0,1,1,0,1,1,1,2,1,1,not_detected,normal,0,1,pulmonary,smear_positive_ptb,0,cured
331,40,F,20.0,0,0,0,0,0,0,0,0,0,0,0,0,0,N/A,normal,0,0,none,not_tb,0,not_applicable
332,62,M,27.2,0,0,0,1,0,0,0,0,0,0,1,0,0,N/A,normal,0,0,none,not_tb,0,not_applicable
333,52,F,15.5,1,1,9,0,1,0,0,1,1,1,2,0,0,N/A,miliary,1,1,pulmonary,smear_negative_ptb,1,cured
334,44,F,22.3,1,0,0,0,0,1,0,0,1,0,1,0,1,not_detected,normal,0,1,extrapulmonary,extrapulmonary_tb,0,died
335,46,M,26.6,0,0,0,0,0,0,0,0,0,0,0,1,0,N/A,normal,0,0,none,not_tb,0,not_applicable
336,50,F,22.8,0,0,0,1,0,0,0,0,1,0,1,0,0,N/A,normal,0,0,none,not_tb,0,not_applicable
337,45,M,12.1,0,1,6,0,1,0,0,1,1,0,2,1,1,not_detected,cavity,1,1,pulmonary,smear_positive_ptb,0,cured
338,16,F,17.9,0,0,0,1,1,0,0,0,0,0,2,0,0,N/A,normal,0,0,none,not_tb,0,not_applicable
339,33,M,16.9,0,1,3,1,0,1,0,1,0,1,3,1,1,not_detected,pleural_effusion,1,1,pulmonary,smear_positive_ptb,0,completed
340,21,F,28.1,0,0,0,0,0,1,0,1,0,0,1,0,0,N/A,old_tb_scar,1,0,none,not_tb,0,not_applicable
341,27,M,20.0,0,1,6,0,0,0,0,1,0,0,1,0,0,N/A,normal,0,0,none,not_tb,0,not_applicable
342,35,F,19.3,1,0,0,0,0,1,0,0,0,0,1,0,0,N/A,normal,0,0,none,not_tb,0,not_applicable
343,43,F,22.7,0,0,0,0,0,1,0,0,0,0,1,0,0,N/A,old_tb_scar,1,0,none,not_tb,0,not_applicable
344,38,F,17.1,0,1,4,0,0,0,0,0,1,0,1,0,0,N/A,normal,0,0,none,not_tb,0,not_applicable
345,57,F,21.9,0,0,0,0,0,0,0,0,1,0,0,0,0,N/A,old_tb_scar,1,0,none,not_tb,0,not_applicable
346,37,F,19.2,0,0,0,0,1,0,0,0,0,0,1,0,0,N/A,infiltrate,1,0,none,not_tb,0,not_applicable
347,28,F,31.4,0,0,0,0,0,0,0,0,0,0,0,0,0,N/A,normal,0,0,none,not_tb,0,not_applicable
348,21,M,16.2,0,1,8,1,1,1,0,0,1,1,4,0,1,not_detected,miliary,1,1,pulmonary,smear_negative_ptb,0,cured
349,33,F,23.3,0,1,2,1,1,1,0,0,1,1,4,0,0,N/A,infiltrate,1,1,pulmonary,smear_negative_ptb,0,cured
350,57,M,18.0,0,0,0,0,0,0,0,0,0,0,0,0,0,N/A,normal,0,0,none,not_tb,0,not_applicable
351,66,F,22.9,0,0,0,0,0,0,0,1,1,0,0,0,0,N/A,normal,0,0,none,not_tb,0,not_applicable
352,57,M,23.8,0,0,0,0,0,0,0,0,0,0,0,0,0,N/A,old_tb_scar,1,0,none,not_tb,0,not_applicable
353,37,M,18.9,0,1,4,0,1,1,1,1,1,0,3,1,1,not_detected,pleural_effusion,1,1,pulmonary,smear_positive_ptb,0,failed
354,48,M,18.7,0,1,2,1,1,1,0,1,1,0,4,1,1,detected,infiltrate,1,1,pulmonary,smear_positive_ptb,1,cured
355,31,M,20.7,0,0,0,1,1,1,0,0,1,0,3,1,1,not_detected,infiltrate,1,1,pulmonary,smear_positive_ptb,0,cured
356,23,M,19.5,0,1,9,1,0,1,0,1,1,0,3,0,0,N/A,infiltrate,1,1,extrapulmonary,extrapulmonary_tb,0,cured
357,54,F,21.4,0,0,0,0,1,1,0,0,1,0,2,0,0,N/A,normal,0,0,none,not_tb,0,not_applicable
358,38,F,19.6,0,1,3,0,0,0,0,0,0,0,1,0,0,N/A,infiltrate,1,0,none,not_tb,0,not_applicable
359,17,M,21.4,0,0,0,0,0,0,0,1,0,0,0,0,0,N/A,normal,0,0,none,not_tb,0,not_applicable
360,39,F,18.1,0,1,4,1,0,1,0,0,1,1,3,0,0,N/A,cavity,1,1,pulmonary,smear_negative_ptb,0,completed
361,50,F,21.3,0,0,0,1,0,0,0,0,1,0,1,0,0,N/A,normal,0,0,none,not_tb,0,not_applicable
362,40,M,22.3,1,0,0,0,1,0,0,0,0,0,1,0,0,N/A,normal,0,0,none,not_tb,0,not_applicable
363,31,M,15.0,0,0,0,0,0,0,0,1,1,0,0,0,1,not_detected,infiltrate,1,1,pulmonary,smear_negative_ptb,0,cured
364,36,M,15.9,1,1,4,1,0,1,0,1,0,1,3,0,1,not_detected,infiltrate,1,1,extrapulmonary,extrapulmonary_tb,0,cured
365,47,F,24.9,0,0,0,1,0,0,0,0,1,0,1,0,0,N/A,normal,0,0,none,not_tb,0,not_applicable
366,36,M,12.9,0,0,0,1,1,1,0,0,1,0,3,0,0,N/A,pleural_effusion,1,1,extrapulmonary,extrapulmonary_tb,0,cured
367,23,F,21.5,0,1,3,0,1,1,0,0,1,1,3,1,1,not_detected,infiltrate,1,1,pulmonary,smear_positive_ptb,0,completed
368,47,F,20.0,0,0,0,0,0,0,0,0,0,1,0,0,0,N/A,normal,0,0,none,not_tb,0,not_applicable
369,44,M,27.8,0,0,0,0,0,0,0,0,0,0,0,0,0,N/A,other_pathology,1,0,none,not_tb,0,not_applicable
370,39,F,26.3,1,0,0,0,0,0,0,0,0,0,0,0,0,N/A,old_tb_scar,1,0,none,not_tb,0,not_applicable
371,31,F,17.7,1,1,3,0,0,0,0,0,1,1,1,0,1,not_detected,infiltrate,1,1,pulmonary,smear_negative_ptb,0,cured
372,57,M,17.9,1,1,5,1,1,1,0,1,1,1,4,1,1,not_detected,infiltrate,1,1,pulmonary,smear_positive_ptb,0,cured
373,42,M,22.5,1,1,7,1,1,1,0,1,1,0,4,0,0,N/A,infiltrate,1,1,pulmonary,smear_negative_ptb,0,cured
374,65,M,26.5,0,0,0,0,0,0,0,1,0,0,0,0,0,N/A,old_tb_scar,1,0,none,not_tb,0,not_applicable
375,16,M,25.4,0,0,0,0,0,0,0,0,0,1,0,0,0,N/A,normal,0,0,none,not_tb,0,not_applicable
376,39,M,26.0,0,1,2,1,0,0,0,0,0,0,2,0,0,N/A,normal,0,0,none,not_tb,0,not_applicable
377,37,F,18.2,1,0,0,0,1,0,0,0,0,0,1,0,0,N/A,other_pathology,1,0,none,not_tb,0,not_applicable
378,16,M,22.7,0,0,0,0,0,0,0,0,1,0,0,1,0,N/A,normal,0,0,none,not_tb,0,not_applicable
379,51,M,16.6,1,1,5,1,1,1,0,1,1,1,4,0,1,not_detected,cavity,1,1,pulmonary,smear_negative_ptb,0,failed
380,43,F,18.1,0,0,0,0,0,0,0,0,0,0,0,0,0,N/A,old_tb_scar,1,0,none,not_tb,0,not_applicable
381,47,M,22.6,0,0,0,0,0,0,0,0,0,0,0,0,0,N/A,other_pathology,1,0,none,not_tb,0,not_applicable
382,18,F,17.5,1,1,5,1,1,0,0,1,1,0,3,0,0,N/A,infiltrate,1,1,pulmonary,smear_negative_ptb,0,completed
383,44,F,21.4,0,0,0,0,0,0,0,1,1,0,0,0,1,not_detected,normal,0,0,none,not_tb,0,not_applicable
384,32,M,20.2,0,0,0,1,0,0,0,0,1,0,1,0,0,N/A,normal,0,0,none,not_tb,0,not_applicable
385,33,M,17.6,0,0,0,0,0,0,0,0,0,0,0,0,0,N/A,old_tb_scar,1,0,none,not_tb,0,not_applicable
386,21,F,27.9,0,0,0,0,0,0,0,0,0,0,0,0,0,N/A,other_pathology,1,0,none,not_tb,0,not_applicable
387,49,F,18.9,0,1,4,1,1,0,0,0,1,0,3,1,1,not_detected,infiltrate,1,1,pulmonary,smear_positive_ptb,0,cured
388,34,F,14.9,1,1,4,1,0,0,0,1,1,1,2,0,1,not_detected,cavity,1,1,pulmonary,smear_negative_ptb,0,cured
389,51,M,19.0,1,1,2,0,0,1,0,1,1,1,2,0,0,N/A,pleural_effusion,1,1,extrapulmonary,extrapulmonary_tb,1,cured
390,22,F,27.3,0,0,0,1,0,0,0,0,0,0,1,0,0,N/A,normal,0,0,none,not_tb,0,not_applicable
391,63,F,25.4,0,0,0,0,0,0,0,0,0,0,0,0,0,N/A,infiltrate,1,0,none,not_tb,0,not_applicable
392,59,M,17.2,0,1,5,1,1,1,1,1,1,0,4,1,1,not_detected,pleural_effusion,1,1,pulmonary,smear_positive_ptb,0,cured
393,17,F,20.3,0,0,0,0,0,0,0,0,0,1,0,0,0,N/A,old_tb_scar,1,0,none,not_tb,0,not_applicable
394,32,F,18.7,0,0,0,0,0,0,0,0,1,0,0,0,0,N/A,normal,0,0,none,not_tb,0,not_applicable
395,76,M,19.4,0,0,0,0,0,1,0,0,0,0,1,0,0,N/A,normal,0,0,none,not_tb,0,not_applicable
396,43,M,16.8,1,0,0,0,1,1,0,0,1,0,2,1,1,not_detected,infiltrate,1,1,pulmonary,smear_positive_ptb,0,cured
397,16,F,16.9,0,1,2,0,1,0,0,0,0,0,2,0,0,N/A,normal,0,0,none,not_tb,0,not_applicable
398,29,M,17.4,0,1,7,1,1,1,1,0,1,1,4,0,1,not_detected,normal,0,1,extrapulmonary,extrapulmonary_tb,0,lost_to_followup
399,43,M,23.2,0,0,0,0,0,1,0,0,0,0,1,0,0,N/A,normal,0,0,none,not_tb,0,not_applicable
400,27,M,17.5,0,1,6,1,1,0,0,1,0,1,3,1,1,not_detected,infiltrate,1,1,pulmonary,smear_positive_ptb,0,lost_to_followup
401,19,M,22.8,1,0,0,1,0,0,0,0,1,0,1,0,0,N/A,normal,0,0,none,not_tb,0,not_applicable
402,28,F,22.6,0,1,5,0,0,0,1,1,1,1,1,0,1,not_detected,cavity,1,1,pulmonary,smear_negative_ptb,0,cured
403,20,F,28.4,0,0,0,1,0,0,0,0,0,0,1,0,0,N/A,normal,0,0,none,not_tb,0,not_applicable
404,37,M,18.3,1,1,5,1,0,0,0,0,0,1,2,0,0,N/A,normal,0,1,extrapulmonary,extrapulmonary_tb,0,lost_to_followup
405,47,F,25.1,0,0,0,0,0,0,0,0,0,0,0,0,0,N/A,old_tb_scar,1,0,none,not_tb,0,not_applicable
406,40,F,21.4,0,0,0,0,0,0,0,0,0,0,0,1,0,N/A,normal,0,0,none,not_tb,0,not_applicable
407,38,M,20.3,0,0,0,0,0,0,0,0,1,0,0,0,0,N/A,normal,0,0,none,not_tb,0,not_applicable
408,20,F,18.1,0,0,0,0,0,0,0,0,1,0,0,0,0,N/A,normal,0,0,none,not_tb,0,not_applicable
409,56,M,22.3,0,1,3,0,0,0,0,0,0,0,1,0,0,N/A,normal,0,0,none,not_tb,0,not_applicable
410,66,F,21.2,0,0,0,1,1,1,1,0,1,1,3,1,1,not_detected,pleural_effusion,1,1,pulmonary,smear_positive_ptb,0,cured
411,42,F,15.3,1,1,2,1,0,0,0,0,1,0,2,0,1,not_detected,normal,0,1,extrapulmonary,extrapulmonary_tb,0,cured
412,22,F,17.8,1,1,4,1,1,1,0,1,1,1,4,0,0,N/A,infiltrate,1,1,pulmonary,smear_negative_ptb,0,completed
413,38,M,20.8,0,0,0,0,0,0,0,0,1,0,0,0,0,N/A,normal,0,0,none,not_tb,0,not_applicable
414,38,F,22.9,0,0,0,0,0,0,0,0,0,0,0,0,0,N/A,normal,0,0,none,not_tb,0,not_applicable
415,16,M,22.9,0,0,0,0,0,0,0,0,0,0,0,0,0,N/A,normal,0,0,none,not_tb,0,not_applicable
416,70,M,23.9,0,0,0,0,0,0,0,0,1,0,0,0,0,N/A,infiltrate,1,0,none,not_tb,0,not_applicable
417,50,M,28.6,1,0,0,0,0,0,0,1,0,0,0,0,0,N/A,normal,0,0,none,not_tb,0,not_applicable
418,15,F,16.3,1,1,6,1,1,0,0,0,1,0,3,1,1,not_detected,pleural_effusion,1,1,pulmonary,smear_positive_ptb,0,failed
419,23,M,18.8,0,1,5,0,0,1,0,0,0,1,2,0,0,N/A,normal,0,0,none,not_tb,0,not_applicable
420,54,F,22.9,1,0,0,0,0,0,0,0,0,0,0,0,0,N/A,normal,0,0,none,not_tb,0,not_applicable
421,36,F,22.1,1,1,8,0,0,1,0,1,1,0,2,0,0,N/A,normal,0,1,extrapulmonary,extrapulmonary_tb,0,lost_to_followup
422,40,M,16.9,0,0,0,0,0,0,0,0,0,0,0,0,0,N/A,infiltrate,1,0,none,not_tb,0,not_applicable
423,38,M,19.3,1,0,0,1,1,1,0,1,1,0,3,0,1,not_detected,miliary,1,1,pulmonary,smear_negative_ptb,0,completed
424,47,M,21.3,0,0,0,0,0,0,0,0,1,0,0,0,0,N/A,normal,0,0,none,not_tb,0,not_applicable
425,26,F,25.0,0,0,0,0,0,0,0,0,0,0,0,0,0,N/A,normal,0,0,none,not_tb,0,not_applicable
426,44,F,24.2,1,0,0,0,0,0,0,0,0,0,0,0,0,N/A,normal,0,0,none,not_tb,0,not_applicable
427,38,M,22.2,0,0,0,0,0,0,0,0,0,0,0,0,0,N/A,normal,0,0,none,not_tb,0,not_applicable
428,58,F,23.7,0,1,5,1,0,0,0,0,0,0,2,0,0,N/A,normal,0,0,none,not_tb,0,not_applicable
429,36,M,16.9,0,0,0,1,1,1,0,0,1,0,3,0,1,not_detected,cavity,1,1,pulmonary,smear_negative_ptb,0,cured
430,46,F,20.5,1,0,0,1,1,1,0,1,1,1,3,1,1,not_detected,infiltrate,1,1,pulmonary,smear_positive_ptb,0,lost_to_followup
431,27,F,26.9,0,0,0,0,0,0,0,0,0,0,0,0,0,N/A,normal,0,0,none,not_tb,0,not_applicable
432,52,F,22.4,0,1,2,0,0,0,0,0,1,0,1,0,0,N/A,normal,0,0,none,not_tb,0,not_applicable
433,22,F,20.6,0,1,2,0,0,0,0,0,0,0,1,0,0,N/A,normal,0,0,none,not_tb,0,not_applicable
434,46,F,21.5,0,0,0,0,1,0,0,0,0,0,1,0,0,N/A,normal,0,0,none,not_tb,0,not_applicable
435,41,M,24.8,0,0,0,0,0,0,0,0,0,0,0,0,0,N/A,other_pathology,1,0,none,not_tb,0,not_applicable
436,25,M,21.9,1,0,0,0,1,0,0,0,1,0,1,0,0,N/A,normal,0,0,none,not_tb,0,not_applicable
437,20,M,17.8,0,1,2,0,0,1,0,0,0,0,2,0,0,N/A,normal,0,0,none,not_tb,0,not_applicable
438,30,M,25.3,0,0,0,0,0,0,0,0,1,0,0,0,0,N/A,normal,0,0,none,not_tb,0,not_applicable
439,46,F,16.0,0,1,4,1,0,0,0,0,1,0,2,1,1,detected,pleural_effusion,1,1,pulmonary,smear_positive_ptb,1,failed
440,57,F,23.5,0,0,0,0,0,0,0,1,1,0,0,0,0,N/A,normal,0,0,none,not_tb,0,not_applicable
441,22,F,15.5,1,0,0,0,0,0,0,0,0,0,0,0,0,N/A,infiltrate,1,0,none,not_tb,0,not_applicable
442,40,M,22.4,0,0,0,1,0,0,0,0,0,0,1,0,0,N/A,old_tb_scar,1,0,none,not_tb,0,not_applicable
443,33,F,21.8,0,0,0,0,0,0,0,0,0,0,0,0,0,N/A,other_pathology,1,0,none,not_tb,0,not_applicable
444,19,M,13.6,0,1,4,1,1,1,0,0,0,0,4,1,1,not_detected,infiltrate,1,1,pulmonary,smear_positive_ptb,0,cured
445,30,M,19.3,1,1,3,1,1,1,0,1,1,0,4,1,1,not_detected,miliary,1,1,pulmonary,smear_positive_ptb,0,lost_to_followup
446,44,F,15.7,0,1,5,1,1,0,0,1,1,0,3,1,1,not_detected,miliary,1,1,pulmonary,smear_positive_ptb,0,cured
447,40,F,18.7,1,1,4,1,0,1,0,0,1,1,3,0,0,N/A,infiltrate,1,1,pulmonary,smear_negative_ptb,1,lost_to_followup
448,28,F,20.6,1,0,0,0,0,0,0,0,0,0,0,0,0,N/A,normal,0,0,none,not_tb,0,not_applicable
449,29,M,14.8,1,0,0,1,1,0,0,0,0,0,2,0,0,N/A,normal,0,1,extrapulmonary,extrapulmonary_tb,0,died
450,55,F,18.3,0,0,0,0,0,0,0,0,0,1,0,0,0,N/A,normal,0,0,none,not_tb,0,not_applicable
451,45,M,18.6,0,0,0,0,0,0,0,0,0,0,0,0,0,N/A,normal,0,0,none,not_tb,0,not_applicable
452,43,F,21.0,0,1,2,1,1,0,0,0,0,1,3,1,1,not_detected,infiltrate,1,1,pulmonary,smear_positive_ptb,0,cured
453,38,F,20.6,1,1,3,0,1,0,0,0,1,1,2,0,0,N/A,normal,0,1,pulmonary,smear_negative_ptb,0,cured
454,31,M,24.0,0,1,3,0,1,1,0,0,0,1,3,1,1,not_detected,normal,0,1,pulmonary,smear_positive_ptb,0,cured
455,45,M,20.2,0,0,0,0,0,0,0,0,0,0,0,0,0,N/A,other_pathology,1,0,none,not_tb,0,not_applicable
456,52,M,20.1,0,0,0,0,0,0,0,0,0,0,0,0,0,N/A,other_pathology,1,0,none,not_tb,0,not_applicable
457,20,F,22.5,1,0,0,0,0,0,0,0,0,0,0,0,0,N/A,old_tb_scar,1,0,none,not_tb,0,not_applicable
458,15,M,20.8,0,0,0,1,0,0,0,0,0,0,1,0,0,N/A,normal,0,0,none,not_tb,0,not_applicable
459,45,F,20.0,0,0,0,0,0,0,0,0,0,0,0,0,0,N/A,normal,0,0,none,not_tb,0,not_applicable
460,24,F,22.2,0,0,0,1,0,0,0,0,0,0,1,0,0,N/A,old_tb_scar,1,0,none,not_tb,0,not_applicable
461,33,M,24.5,0,0,0,0,0,0,0,1,0,0,0,0,0,N/A,normal,0,0,none,not_tb,0,not_applicable
462,20,M,14.6,1,0,0,1,0,0,0,0,0,0,1,0,0,N/A,normal,0,0,none,not_tb,0,not_applicable
463,26,F,20.0,0,0,0,0,0,0,0,0,0,0,0,0,0,N/A,normal,0,0,none,not_tb,0,not_applicable
464,38,M,15.0,1,1,8,1,0,1,1,1,1,0,3,1,1,not_detected,infiltrate,1,1,extrapulmonary,extrapulmonary_tb,0,lost_to_followup
465,50,M,21.5,0,0,0,1,0,0,0,0,0,0,1,0,0,N/A,normal,0,0,none,not_tb,0,not_applicable
466,61,F,23.5,0,0,0,1,0,0,0,0,0,0,1,0,0,N/A,normal,0,0,none,not_tb,0,not_applicable
467,38,F,21.3,1,1,7,0,1,1,0,1,1,0,3,1,1,not_detected,infiltrate,1,1,pulmonary,smear_positive_ptb,0,cured
468,44,F,20.5,0,0,0,0,0,0,0,1,0,0,0,0,0,N/A,normal,0,0,none,not_tb,0,not_applicable
469,38,M,18.8,1,1,4,0,1,0,0,0,1,1,2,1,1,not_detected,cavity,1,1,pulmonary,smear_positive_ptb,0,completed
470,28,M,16.1,1,0,0,0,0,0,0,0,0,0,0,0,0,N/A,normal,0,0,none,not_tb,0,not_applicable
471,48,M,19.0,0,0,0,0,0,1,0,0,0,0,1,0,1,not_detected,normal,0,0,none,not_tb,0,not_applicable
472,50,M,22.7,0,0,0,0,0,1,0,0,0,1,1,0,0,N/A,normal,0,0,none,not_tb,0,not_applicable
473,50,M,17.2,0,0,0,0,0,1,0,0,0,0,1,0,0,N/A,normal,0,0,none,not_tb,0,not_applicable
474,60,M,26.3,0,0,0,0,0,0,0,0,0,0,0,0,0,N/A,normal,0,0,none,not_tb,0,not_applicable
475,46,M,23.8,1,0,0,0,0,0,0,0,1,0,0,0,0,N/A,other_pathology,1,0,none,not_tb,0,not_applicable
476,35,M,18.8,0,0,0,0,0,0,0,0,0,0,0,0,0,N/A,normal,0,0,none,not_tb,0,not_applicable
477,34,M,16.8,0,0,0,0,1,0,0,0,0,0,1,0,0,N/A,normal,0,0,none,not_tb,0,not_applicable
478,72,F,16.7,1,1,6,0,0,0,0,0,0,1,1,0,1,not_detected,cavity,1,1,pulmonary,smear_negative_ptb,0,cured
479,24,F,18.9,0,0,0,0,0,0,0,0,1,1,0,0,0,N/A,normal,0,0,none,not_tb,0,not_applicable
480,56,M,17.7,0,0,0,0,0,0,0,1,0,0,0,0,0,N/A,other_pathology,1,0,none,not_tb,0,not_applicable
481,30,M,15.0,1,1,5,1,1,1,0,1,0,0,4,0,1,not_detected,miliary,1,1,pulmonary,smear_negative_ptb,0,cured
482,45,M,17.9,0,1,4,0,0,1,0,0,1,0,2,0,0,N/A,infiltrate,1,1,pulmonary,smear_negative_ptb,0,cured
483,48,F,24.6,0,0,0,1,0,0,0,0,0,1,1,0,0,N/A,normal,0,0,none,not_tb,0,not_applicable
484,33,M,19.5,1,1,4,0,0,0,0,1,1,0,1,0,0,N/A,normal,0,0,none,not_tb,0,not_applicable
485,28,M,23.6,0,0,0,0,0,0,0,1,0,0,0,0,0,N/A,old_tb_scar,1,0,none,not_tb,0,not_applicable
486,39,M,20.9,1,1,5,0,0,1,0,0,0,0,2,0,0,N/A,normal,0,0,none,not_tb,0,not_applicable
487,24,M,20.0,1,1,4,1,0,0,0,1,0,1,2,0,1,not_detected,normal,0,1,extrapulmonary,extrapulmonary_tb,0,cured
488,36,M,19.2,0,0,0,0,0,0,0,0,0,1,0,1,0,N/A,normal,0,0,none,not_tb,0,not_applicable
489,44,M,23.0,0,0,0,0,0,0,0,1,0,0,0,0,0,N/A,normal,0,0,none,not_tb,0,not_applicable
490,37,M,18.8,1,0,0,0,0,1,0,0,0,1,1,0,1,not_detected,infiltrate,1,1,pulmonary,smear_negative_ptb,0,cured
491,70,F,26.8,0,0,0,0,0,0,0,0,0,0,0,0,0,N/A,normal,0,0,none,not_tb,0,not_applicable
492,49,F,24.0,0,0,0,0,0,0,0,0,1,1,0,0,0,N/A,normal,0,0,none,not_tb,0,not_applicable
493,35,F,22.9,0,0,0,0,0,0,0,0,0,1,0,0,0,N/A,normal,0,0,none,not_tb,0,not_applicable
494,50,M,14.8,0,1,7,1,1,0,0,1,1,1,3,1,1,not_detected,cavity,1,1,pulmonary,smear_positive_ptb,0,cured
495,32,F,20.2,0,0,0,0,0,0,0,0,0,0,0,0,0,N/A,normal,0,0,none,not_tb,0,not_applicable
496,30,M,19.2,0,0,0,0,0,0,0,0,1,0,0,0,0,N/A,other_pathology,1,0,none,not_tb,0,not_applicable
497,41,M,19.1,0,0,0,0,0,1,0,0,1,0,1,0,0,N/A,normal,0,0,none,not_tb,0,not_applicable
498,39,F,18.5,0,1,5,1,1,0,0,1,1,1,3,1,1,not_detected,normal,0,1,pulmonary,smear_positive_ptb,0,cured
499,51,M,19.1,0,1,4,0,1,1,1,1,1,0,3,0,1,not_detected,cavity,1,1,pulmonary,smear_negative_ptb,0,cured
500,56,M,23.0,0,0,0,0,0,0,0,0,0,1,0,0,0,N/A,other_pathology,1,0,none,not_tb,0,not_applicable
501,49,F,21.7,1,0,0,1,1,1,0,0,1,1,3,0,1,not_detected,miliary,1,1,pulmonary,smear_negative_ptb,0,completed
502,21,F,19.7,1,1,7,0,0,0,1,1,1,0,1,0,1,not_detected,pleural_effusion,1,1,pulmonary,smear_negative_ptb,0,completed
503,65,F,17.7,0,1,5,0,0,0,0,0,0,0,1,0,0,N/A,normal,0,0,none,not_tb,0,not_applicable
504,38,M,22.7,0,0,0,0,0,0,0,0,0,0,0,0,0,N/A,normal,0,0,none,not_tb,0,not_applicable
505,54,M,24.0,0,0,0,0,0,1,0,0,1,0,1,0,0,N/A,normal,0,0,none,not_tb,0,not_applicable
506,29,F,21.7,0,0,0,1,0,0,0,0,1,1,1,0,1,not_detected,infiltrate,1,1,extrapulmonary,extrapulmonary_tb,0,cured
507,52,M,18.1,1,1,6,1,1,0,0,0,1,0,3,0,1,not_detected,normal,0,1,pulmonary,smear_negative_ptb,0,completed
508,38,F,21.5,1,0,0,0,0,0,0,0,0,0,0,0,0,N/A,old_tb_scar,1,0,none,not_tb,0,not_applicable
509,41,M,25.8,0,0,0,0,0,0,0,0,0,0,0,0,0,N/A,normal,0,0,none,not_tb,0,not_applicable
510,43,M,18.9,0,1,3,0,1,1,1,0,1,0,3,0,1,not_detected,normal,0,1,extrapulmonary,extrapulmonary_tb,0,cured
511,49,M,14.5,0,1,5,0,1,1,0,0,0,0,3,1,1,not_detected,cavity,1,1,pulmonary,smear_positive_ptb,0,completed
512,31,F,15.7,1,0,0,0,0,0,0,0,0,0,0,0,0,N/A,normal,0,0,none,not_tb,0,not_applicable
513,47,M,28.4,0,0,0,0,0,0,0,0,0,0,0,0,0,N/A,normal,0,0,none,not_tb,0,not_applicable
514,28,M,16.0,0,0,0,0,0,0,0,1,1,0,0,0,0,N/A,normal,0,0,none,not_tb,0,not_applicable
515,24,M,18.1,1,1,3,1,0,1,1,1,1,0,3,0,1,not_detected,infiltrate,1,1,pulmonary,smear_negative_ptb,0,cured
516,26,M,20.7,1,1,9,1,1,1,0,0,0,1,4,0,1,not_detected,cavity,1,1,pulmonary,smear_negative_ptb,0,cured
517,48,M,15.8,0,0,0,0,0,1,0,0,0,0,1,0,0,N/A,other_pathology,1,0,none,not_tb,0,not_applicable
518,32,F,18.2,0,0,0,0,0,0,0,0,0,0,0,0,0,N/A,normal,0,0,none,not_tb,0,not_applicable
519,33,M,17.6,0,0,0,0,0,0,0,0,0,0,0,0,0,N/A,old_tb_scar,1,0,none,not_tb,0,not_applicable
520,41,F,28.3,0,1,2,0,0,0,0,0,1,0,1,0,0,N/A,normal,0,0,none,not_tb,0,not_applicable
521,64,F,23.5,0,1,6,0,1,0,0,0,1,1,2,0,0,N/A,infiltrate,1,1,pulmonary,smear_negative_ptb,0,cured
522,33,M,16.7,1,1,2,0,1,0,1,1,1,0,2,0,0,N/A,infiltrate,1,1,extrapulmonary,extrapulmonary_tb,0,failed
523,28,M,19.9,0,1,2,0,0,0,0,0,1,1,1,1,1,not_detected,infiltrate,1,1,pulmonary,smear_positive_ptb,0,cured
524,70,F,23.1,0,0,0,0,0,0,0,0,1,0,0,0,0,N/A,old_tb_scar,1,0,none,not_tb,0,not_applicable
525,28,M,21.0,0,0,0,0,0,0,0,0,0,0,0,0,0,N/A,normal,0,0,none,not_tb,0,not_applicable
526,40,M,16.3,0,0,0,1,0,0,0,0,0,0,1,0,0,N/A,normal,0,0,none,not_tb,0,not_applicable
527,60,F,24.3,0,0,0,1,1,0,1,0,1,1,2,0,1,not_detected,cavity,1,1,pulmonary,smear_negative_ptb,0,cured
528,23,F,14.0,1,1,7,0,0,1,0,0,0,1,2,0,0,N/A,cavity,1,1,pulmonary,smear_negative_ptb,1,cured
529,54,F,22.7,0,0,0,0,0,0,0,0,0,0,0,0,0,N/A,normal,0,0,none,not_tb,0,not_applicable
530,43,M,19.7,0,0,0,0,0,0,0,0,0,0,0,0,0,N/A,normal,0,0,none,not_tb,0,not_applicable
531,16,F,21.0,1,1,2,1,1,0,1,0,1,1,3,0,1,not_detected,infiltrate,1,1,pulmonary,smear_negative_ptb,0,cured
532,25,F,20.6,1,1,6,1,1,0,0,0,1,0,3,0,0,N/A,cavity,1,1,pulmonary,smear_negative_ptb,0,cured
533,65,M,16.1,0,0,0,0,1,0,0,1,1,0,1,1,1,not_detected,infiltrate,1,1,pulmonary,smear_positive_ptb,0,cured
534,56,F,16.5,1,0,0,1,1,1,0,1,1,1,3,0,1,not_detected,miliary,1,1,pulmonary,smear_negative_ptb,0,died
535,18,M,16.6,0,0,0,0,0,0,0,0,0,0,0,0,0,N/A,other_pathology,1,0,none,not_tb,0,not_applicable
536,28,M,22.7,0,0,0,0,0,1,0,0,0,0,1,0,0,N/A,normal,0,0,none,not_tb,0,not_applicable
537,29,M,24.5,0,0,0,0,0,0,0,0,0,0,0,0,0,N/A,normal,0,0,none,not_tb,0,not_applicable
538,36,M,20.5,0,0,0,0,0,0,0,0,0,1,0,0,0,N/A,infiltrate,1,0,none,not_tb,0,not_applicable
539,39,M,17.9,0,0,0,1,1,0,0,1,1,1,2,0,0,N/A,infiltrate,1,1,pulmonary,smear_negative_ptb,0,cured
540,41,F,23.3,0,1,8,1,1,0,0,0,1,0,3,0,0,N/A,normal,0,1,extrapulmonary,extrapulmonary_tb,0,cured
541,21,F,25.3,0,0,0,1,0,0,0,0,0,0,1,0,0,N/A,normal,0,0,none,not_tb,0,not_applicable
542,20,M,26.7,1,0,0,0,0,0,0,0,0,0,0,0,0,N/A,other_pathology,1,0,none,not_tb,0,not_applicable
543,45,F,14.2,0,0,0,0,0,0,0,0,0,0,0,0,0,N/A,normal,0,0,none,not_tb,0,not_applicable
544,50,F,19.9,0,1,3,1,1,0,0,1,1,1,3,1,1,not_detected,infiltrate,1,1,pulmonary,smear_positive_ptb,0,cured
545,30,M,22.9,0,0,0,0,0,0,0,0,0,0,0,0,0,N/A,normal,0,0,none,not_tb,0,not_applicable
546,38,M,17.6,0,0,0,0,0,0,0,0,0,0,0,0,0,N/A,infiltrate,1,0,none,not_tb,0,not_applicable
547,38,M,18.3,0,0,0,0,0,1,0,0,0,1,1,0,0,N/A,normal,0,0,none,not_tb,0,not_applicable
548,35,M,21.2,0,1,4,0,0,1,0,0,0,0,2,0,0,N/A,infiltrate,1,0,none,not_tb,0,not_applicable
549,35,F,17.3,0,1,2,0,0,0,0,1,0,0,1,0,0,N/A,normal,0,0,none,not_tb,0,not_applicable
550,43,M,16.5,0,1,5,1,1,0,0,1,0,1,3,0,1,not_detected,infiltrate,1,1,pulmonary,smear_negative_ptb,0,died
551,45,M,17.3,1,1,4,0,0,1,0,0,1,0,2,0,0,N/A,normal,0,1,extrapulmonary,extrapulmonary_tb,0,cured
552,56,M,24.0,0,1,5,0,0,0,0,0,0,0,1,0,0,N/A,normal,0,0,none,not_tb,0,not_applicable
553,51,M,16.7,1,1,5,0,0,1,0,0,1,0,2,0,0,N/A,normal,0,1,extrapulmonary,extrapulmonary_tb,0,cured
554,38,F,17.4,0,0,0,1,0,1,1,1,1,0,2,1,1,not_detected,infiltrate,1,1,pulmonary,smear_positive_ptb,0,cured
555,33,M,25.6,0,0,0,0,0,0,0,0,0,0,0,0,0,N/A,normal,0,0,none,not_tb,0,not_applicable
556,23,M,14.1,0,0,0,0,1,0,0,0,1,1,1,1,1,not_detected,infiltrate,1,1,pulmonary,smear_positive_ptb,0,cured
557,38,M,22.8,1,0,0,0,0,0,0,1,0,0,0,0,0,N/A,normal,0,0,none,not_tb,0,not_applicable
558,39,M,23.4,0,0,0,1,0,0,0,0,0,0,1,0,0,N/A,normal,0,0,none,not_tb,0,not_applicable
559,63,F,23.5,0,0,0,0,0,0,0,1,0,0,0,0,0,N/A,normal,0,0,none,not_tb,0,not_applicable
560,39,M,20.2,0,0,0,1,0,1,0,0,1,0,2,0,0,N/A,normal,0,0,none,not_tb,0,not_applicable
561,46,M,18.3,0,0,0,0,0,0,0,0,0,0,0,0,0,N/A,old_tb_scar,1,0,none,not_tb,0,not_applicable
562,51,M,27.3,0,0,0,0,0,0,0,0,0,0,0,0,0,N/A,normal,0,0,none,not_tb,0,not_applicable
563,38,F,19.0,1,1,3,1,0,0,1,0,0,0,2,0,0,N/A,infiltrate,1,0,none,not_tb,0,not_applicable
564,50,F,18.1,0,0,0,1,0,0,0,0,0,0,1,0,0,N/A,normal,0,0,none,not_tb,0,not_applicable
565,21,F,18.6,0,0,0,1,0,1,0,1,0,1,2,1,1,detected,infiltrate,1,1,pulmonary,smear_positive_ptb,0,cured
566,26,F,16.7,1,1,7,1,0,0,0,0,0,1,2,0,1,detected,pleural_effusion,1,1,extrapulmonary,extrapulmonary_tb,1,cured
567,64,F,25.7,0,0,0,0,0,1,0,0,1,0,1,0,0,N/A,normal,0,0,none,not_tb,0,not_applicable
568,29,M,21.1,0,0,0,0,0,0,0,0,0,0,0,0,0,N/A,old_tb_scar,1,0,none,not_tb,0,not_applicable
569,40,M,26.1,0,0,0,0,0,0,0,0,0,0,0,0,0,N/A,normal,0,0,none,not_tb,0,not_applicable
570,50,M,23.6,0,0,0,0,0,0,0,0,0,0,0,0,0,N/A,normal,0,0,none,not_tb,0,not_applicable
571,35,M,17.5,0,1,4,0,1,0,0,1,1,1,2,1,1,not_detected,infiltrate,1,1,pulmonary,smear_positive_ptb,0,lost_to_followup
572,50,F,25.9,0,0,0,0,1,0,0,0,0,0,1,0,0,N/A,normal,0,0,none,not_tb,0,not_applicable
573,32,M,19.7,0,0,0,0,0,0,1,0,0,0,0,0,0,N/A,other_pathology,1,0,none,not_tb,0,not_applicable
574,19,F,20.9,0,0,0,0,0,0,0,0,0,0,0,0,0,N/A,old_tb_scar,1,0,none,not_tb,0,not_applicable
575,26,F,19.8,0,1,3,1,0,1,1,1,1,0,3,1,1,not_detected,infiltrate,1,1,pulmonary,smear_positive_ptb,0,cured
576,34,M,22.8,0,0,0,1,0,0,0,0,1,0,1,0,0,N/A,infiltrate,1,0,none,not_tb,0,not_applicable
577,40,F,19.6,0,0,0,0,0,1,0,0,0,0,1,0,0,N/A,normal,0,0,none,not_tb,0,not_applicable
578,31,F,14.7,1,0,0,1,0,0,0,0,1,1,1,0,1,detected,cavity,1,1,pulmonary,smear_negative_ptb,1,completed
579,32,F,18.5,1,1,5,0,1,1,0,0,1,1,3,0,0,N/A,infiltrate,1,1,extrapulmonary,extrapulmonary_tb,0,cured
580,17,M,16.7,0,1,3,0,1,0,0,0,1,0,2,1,1,not_detected,infiltrate,1,1,pulmonary,smear_positive_ptb,0,cured
581,27,M,22.1,0,0,0,1,0,0,0,0,0,0,1,0,0,N/A,normal,0,0,none,not_tb,0,not_applicable
582,37,M,17.4,0,1,5,1,0,1,0,1,1,0,3,1,1,not_detected,cavity,1,1,pulmonary,smear_positive_ptb,0,cured
583,29,M,16.7,0,1,6,0,0,0,0,0,1,0,1,1,1,not_detected,cavity,1,1,pulmonary,smear_positive_ptb,0,cured
584,37,M,21.1,0,0,0,1,0,0,0,0,0,0,1,0,0,N/A,old_tb_scar,1,0,none,not_tb,0,not_applicable
585,31,F,18.3,0,1,4,0,1,1,0,0,1,0,3,1,1,not_detected,infiltrate,1,1,pulmonary,smear_positive_ptb,0,completed
586,22,F,20.2,0,1,2,1,1,0,1,0,1,0,3,1,1,detected,infiltrate,1,1,pulmonary,smear_positive_ptb,1,cured
587,29,M,23.5,0,0,0,0,0,1,0,0,0,0,1,0,0,N/A,normal,0,0,none,not_tb,0,not_applicable
588,18,M,23.7,1,1,5,0,1,0,0,0,1,1,2,0,0,N/A,infiltrate,1,1,extrapulmonary,extrapulmonary_tb,0,died
589,22,M,18.9,0,1,2,1,1,0,0,0,1,0,3,1,1,not_detected,pleural_effusion,1,1,pulmonary,smear_positive_ptb,0,cured
590,32,M,16.8,1,1,5,1,1,1,0,0,1,1,4,0,1,not_detected,pleural_effusion,1,1,pulmonary,smear_negative_ptb,0,completed
591,28,F,21.4,0,1,2,0,0,0,0,0,1,0,1,0,0,N/A,other_pathology,1,0,none,not_tb,0,not_applicable
592,46,M,24.0,0,0,0,0,0,0,0,0,1,0,0,0,0,N/A,normal,0,0,none,not_tb,0,not_applicable
593,41,M,25.5,0,0,0,1,0,0,0,0,0,1,1,0,0,N/A,normal,0,0,none,not_tb,0,not_applicable
594,44,F,26.7,0,0,0,0,0,0,0,0,0,0,0,0,0,N/A,normal,0,0,none,not_tb,0,not_applicable
595,34,M,18.4,0,0,0,0,0,0,0,0,1,0,0,0,0,N/A,normal,0,0,none,not_tb,0,not_applicable
596,32,M,26.5,1,0,0,0,0,0,0,1,0,0,0,0,0,N/A,normal,0,0,none,not_tb,0,not_applicable
597,23,F,21.8,0,0,0,0,0,1,0,0,0,0,1,0,0,N/A,normal,0,0,none,not_tb,0,not_applicable
598,39,F,18.8,1,0,0,1,0,0,0,0,0,0,1,0,0,N/A,normal,0,0,none,not_tb,0,not_applicable
599,21,F,21.3,0,0,0,1,0,0,0,0,1,0,1,0,0,N/A,normal,0,0,none,not_tb,0,not_applicable
600,55,F,26.2,0,0,0,0,0,0,0,0,0,1,0,0,0,N/A,infiltrate,1,0,none,not_tb,0,not_applicable
601,18,M,23.6,0,0,0,0,0,0,0,0,0,0,0,0,0,N/A,infiltrate,1,0,none,not_tb,0,not_applicable
602,41,F,15.5,0,1,8,1,1,1,0,1,1,0,4,1,1,not_detected,pleural_effusion,1,1,pulmonary,smear_positive_ptb,0,lost_to_followup
603,55,F,17.8,0,0,0,0,0,0,0,0,0,0,0,0,0,N/A,normal,0,0,none,not_tb,0,not_applicable
604,60,F,17.7,0,0,0,1,0,0,0,0,1,0,1,0,0,N/A,normal,0,0,none,not_tb,0,not_applicable
605,63,F,19.4,1,0,0,0,0,0,0,0,0,0,0,0,1,not_detected,normal,0,0,none,not_tb,0,not_applicable
606,45,F,22.3,0,0,0,0,0,0,0,0,0,0,0,0,0,N/A,normal,0,0,none,not_tb,0,not_applicable
607,28,F,18.1,0,1,4,0,0,0,0,1,0,0,1,0,0,N/A,other_pathology,1,0,none,not_tb,0,not_applicable
608,26,M,17.4,0,1,6,1,0,1,0,1,1,1,3,1,1,not_detected,infiltrate,1,1,pulmonary,smear_positive_ptb,0,cured
609,36,F,26.9,0,1,3,1,0,0,0,0,0,0,2,0,0,N/A,normal,0,0,none,not_tb,0,not_applicable
610,46,M,27.7,0,0,0,0,0,0,0,1,0,0,0,0,0,N/A,other_pathology,1,0,none,not_tb,0,not_applicable
611,39,M,27.4,1,0,0,1,0,0,0,0,0,0,1,0,0,N/A,normal,0,0,none,not_tb,0,not_applicable
612,22,F,15.7,0,0,0,0,0,0,0,0,0,0,0,0,0,N/A,infiltrate,1,0,none,not_tb,0,not_applicable
613,41,F,22.7,1,1,4,0,1,1,0,1,1,0,3,1,1,not_detected,pleural_effusion,1,1,pulmonary,smear_positive_ptb,0,completed
614,32,F,22.3,0,0,0,0,0,0,0,0,0,0,0,0,0,N/A,normal,0,0,none,not_tb,0,not_applicable
615,18,M,18.7,0,1,2,1,1,1,0,0,0,1,4,1,1,not_detected,normal,0,1,pulmonary,smear_positive_ptb,0,cured
616,44,F,25.6,0,0,0,0,0,1,0,0,1,0,1,0,0,N/A,normal,0,0,none,not_tb,0,not_applicable
617,38,F,24.5,0,0,0,0,0,1,0,0,0,1,1,0,0,N/A,infiltrate,1,0,none,not_tb,0,not_applicable
618,46,M,15.5,0,0,0,0,0,0,0,0,0,0,0,0,0,N/A,other_pathology,1,0,none,not_tb,0,not_applicable
619,51,M,19.9,0,0,0,0,0,0,0,0,0,0,0,0,0,N/A,normal,0,0,none,not_tb,0,not_applicable
620,57,M,20.7,0,0,0,0,0,0,0,1,0,0,0,0,0,N/A,normal,0,0,none,not_tb,0,not_applicable
621,47,F,17.3,0,0,0,1,0,0,0,0,0,1,1,0,0,N/A,old_tb_scar,1,0,none,not_tb,0,not_applicable
622,48,M,25.5,0,0,0,0,0,0,0,0,1,0,0,0,0,N/A,old_tb_scar,1,0,none,not_tb,0,not_applicable
623,41,F,27.0,0,0,0,0,0,0,0,0,0,0,0,0,0,N/A,normal,0,0,none,not_tb,0,not_applicable
624,51,M,22.0,0,0,0,0,0,0,0,0,1,0,0,0,0,N/A,normal,0,0,none,not_tb,0,not_applicable
625,31,F,19.2,0,1,4,1,1,0,0,0,0,0,3,0,0,N/A,cavity,1,1,pulmonary,smear_negative_ptb,0,cured
626,22,M,18.5,1,0,0,1,0,0,0,1,1,1,1,1,1,not_detected,miliary,1,1,pulmonary,smear_positive_ptb,0,cured
627,37,F,22.3,1,1,2,0,0,1,0,0,0,0,2,0,0,N/A,old_tb_scar,1,0,none,not_tb,0,not_applicable
628,39,M,25.9,0,0,0,0,1,0,0,0,0,0,1,0,0,N/A,normal,0,0,none,not_tb,0,not_applicable
629,33,M,15.8,0,0,0,0,0,0,0,0,0,0,0,0,0,N/A,other_pathology,1,0,none,not_tb,0,not_applicable
630,54,F,19.7,1,0,0,0,1,0,0,0,1,1,1,0,1,not_detected,infiltrate,1,1,pulmonary,smear_negative_ptb,0,completed
631,51,F,22.0,0,0,0,0,0,0,0,0,0,0,0,0,0,N/A,normal,0,0,none,not_tb,0,not_applicable
632,51,F,19.5,0,0,0,0,0,0,0,0,0,0,0,0,0,N/A,normal,0,0,none,not_tb,0,not_applicable
633,35,M,20.2,0,0,0,0,0,0,0,0,0,0,0,0,0,N/A,normal,0,0,none,not_tb,0,not_applicable
634,19,M,28.4,0,0,0,0,1,1,0,0,0,0,2,0,0,N/A,normal,0,0,none,not_tb,0,not_applicable
635,47,M,17.4,1,0,0,0,0,0,0,0,0,1,0,0,0,N/A,old_tb_scar,1,0,none,not_tb,0,not_applicable
636,47,M,18.1,0,1,3,1,1,1,0,0,0,1,4,0,0,N/A,miliary,1,1,pulmonary,smear_negative_ptb,0,completed
637,25,F,22.6,0,1,2,0,1,0,0,0,1,0,2,1,1,not_detected,miliary,1,1,pulmonary,smear_positive_ptb,0,cured
638,22,F,15.3,0,1,4,0,1,0,0,1,0,0,2,1,1,not_detected,infiltrate,1,1,pulmonary,smear_positive_ptb,0,lost_to_followup
639,17,F,20.4,0,0,0,0,0,0,0,0,0,0,0,0,0,N/A,normal,0,0,none,not_tb,0,not_applicable
640,45,F,22.1,0,0,0,0,0,0,0,0,0,1,0,0,0,N/A,normal,0,0,none,not_tb,0,not_applicable
641,44,F,23.4,0,0,0,0,1,0,0,0,0,0,1,0,0,N/A,normal,0,0,none,not_tb,0,not_applicable
642,46,F,21.7,0,0,0,0,1,0,0,0,0,0,1,0,0,N/A,normal,0,0,none,not_tb,0,not_applicable
643,30,M,18.9,0,0,0,1,0,1,0,0,0,1,2,0,0,N/A,infiltrate,1,0,none,not_tb,0,not_applicable
644,16,M,23.6,0,0,0,0,1,0,0,0,0,0,1,0,0,N/A,normal,0,0,none,not_tb,0,not_applicable
645,49,F,18.2,0,0,0,1,1,1,0,1,1,1,3,0,1,not_detected,infiltrate,1,1,pulmonary,smear_negative_ptb,0,completed
646,28,F,24.2,0,0,0,0,1,0,0,1,0,0,1,0,0,N/A,normal,0,0,none,not_tb,0,not_applicable
647,26,M,25.2,0,0,0,0,0,0,0,0,1,0,0,0,0,N/A,old_tb_scar,1,0,none,not_tb,0,not_applicable
648,30,M,14.8,1,0,0,1,0,1,1,0,1,1,2,0,0,N/A,cavity,1,1,pulmonary,smear_negative_ptb,0,failed
649,31,F,21.1,1,0,0,1,1,1,1,0,1,1,3,0,1,not_detected,infiltrate,1,1,pulmonary,smear_negative_ptb,0,cured
650,25,M,17.9,0,1,5,0,1,0,1,0,1,0,2,0,1,not_detected,pleural_effusion,1,1,pulmonary,smear_negative_ptb,0,cured
651,43,M,24.9,0,0,0,0,0,0,0,0,0,0,0,0,0,N/A,other_pathology,1,0,none,not_tb,0,not_applicable
652,46,F,23.7,0,0,0,0,0,0,0,0,1,0,0,0,0,N/A,other_pathology,1,0,none,not_tb,0,not_applicable
653,36,F,28.5,1,0,0,1,0,0,0,0,0,0,1,0,0,N/A,old_tb_scar,1,0,none,not_tb,0,not_applicable
654,55,M,22.0,0,0,0,1,0,0,0,1,0,0,1,0,0,N/A,normal,0,0,none,not_tb,0,not_applicable
655,45,F,17.5,1,1,4,1,1,1,0,0,0,1,4,1,0,N/A,normal,0,1,extrapulmonary,extrapulmonary_tb,0,cured
656,41,M,20.2,0,0,0,1,0,0,0,0,0,0,1,0,0,N/A,old_tb_scar,1,0,none,not_tb,0,not_applicable
657,49,F,18.4,0,0,0,0,0,0,0,0,0,1,0,0,0,N/A,normal,0,0,none,not_tb,0,not_applicable
658,37,M,20.5,0,1,8,0,0,1,0,1,1,0,2,0,1,detected,cavity,1,1,pulmonary,smear_negative_ptb,1,completed
659,51,F,18.1,0,0,0,0,0,0,0,0,0,0,0,0,0,N/A,old_tb_scar,1,0,none,not_tb,0,not_applicable
660,43,M,20.5,1,0,0,0,1,0,0,0,1,0,1,1,1,not_detected,infiltrate,1,1,pulmonary,smear_positive_ptb,0,cured
661,31,M,21.2,0,0,0,0,0,0,0,0,0,0,0,0,0,N/A,old_tb_scar,1,0,none,not_tb,0,not_applicable
662,33,F,15.8,0,0,0,1,0,0,0,0,1,1,1,0,0,N/A,normal,0,0,none,not_tb,0,not_applicable
663,41,M,22.2,0,1,3,1,1,1,0,0,1,1,4,0,1,not_detected,miliary,1,1,pulmonary,smear_negative_ptb,0,cured
664,19,M,12.0,0,0,0,0,0,0,0,0,1,0,0,0,0,N/A,normal,0,0,none,not_tb,0,not_applicable
665,25,M,21.7,0,0,0,1,0,0,0,1,0,0,1,0,0,N/A,normal,0,0,none,not_tb,0,not_applicable
666,26,F,22.8,1,0,0,0,0,0,0,0,0,1,0,0,0,N/A,normal,0,0,none,not_tb,0,not_applicable
667,32,F,13.9,1,0,0,0,0,0,0,0,1,0,0,0,0,N/A,other_pathology,1,0,none,not_tb,0,not_applicable
668,21,F,19.6,1,1,4,1,1,1,0,0,1,0,4,0,1,not_detected,infiltrate,1,1,pulmonary,smear_negative_ptb,0,lost_to_followup
669,50,M,16.8,1,0,0,1,0,0,0,0,1,1,1,0,0,N/A,normal,0,1,extrapulmonary,extrapulmonary_tb,0,lost_to_followup
670,33,M,21.1,1,0,0,0,0,0,0,0,1,0,0,0,0,N/A,normal,0,0,none,not_tb,0,not_applicable
671,25,M,21.9,0,1,4,1,1,0,0,0,1,1,3,0,1,not_detected,cavity,1,1,pulmonary,smear_negative_ptb,0,cured
672,43,M,22.5,1,1,7,0,1,0,0,0,0,0,2,0,0,N/A,normal,0,0,none,not_tb,0,not_applicable
673,52,F,17.6,0,1,6,1,1,1,0,1,1,1,4,0,0,N/A,infiltrate,1,1,pulmonary,smear_negative_ptb,0,cured
674,56,F,21.4,0,0,0,0,0,0,0,0,0,1,0,0,0,N/A,other_pathology,1,0,none,not_tb,0,not_applicable
675,33,F,28.2,0,0,0,0,0,0,0,0,0,0,0,0,0,N/A,old_tb_scar,1,0,none,not_tb,0,not_applicable
676,32,M,23.4,0,0,0,0,0,0,0,0,1,0,0,0,0,N/A,other_pathology,1,0,none,not_tb,0,not_applicable
677,42,F,18.9,0,0,0,0,0,0,0,0,0,0,0,0,0,N/A,normal,0,0,none,not_tb,0,not_applicable
678,55,M,17.3,1,1,2,1,0,0,0,1,1,1,2,1,1,not_detected,infiltrate,1,1,pulmonary,smear_positive_ptb,0,cured
679,50,M,17.8,0,0,0,0,0,0,0,0,1,0,0,0,0,N/A,other_pathology,1,0,none,not_tb,0,not_applicable
680,52,M,20.4,0,0,0,0,0,0,0,0,0,0,0,0,0,N/A,normal,0,0,none,not_tb,0,not_applicable
681,23,M,27.6,0,0,0,0,0,0,0,0,0,0,0,0,0,N/A,normal,0,0,none,not_tb,0,not_applicable
682,54,M,21.4,0,0,0,0,0,0,0,0,1,0,0,0,0,N/A,normal,0,0,none,not_tb,0,not_applicable
683,26,M,17.3,0,0,0,0,0,0,0,0,0,0,0,0,0,N/A,other_pathology,1,0,none,not_tb,0,not_applicable
684,55,M,19.6,0,1,2,0,1,0,1,0,1,1,2,0,1,not_detected,normal,0,1,extrapulmonary,extrapulmonary_tb,0,cured
685,28,F,20.6,0,0,0,0,0,1,0,0,0,0,1,0,0,N/A,old_tb_scar,1,0,none,not_tb,0,not_applicable
686,31,M,24.0,0,0,0,1,0,1,0,0,0,0,2,0,0,N/A,old_tb_scar,1,0,none,not_tb,0,not_applicable
687,38,M,21.2,0,0,0,1,0,0,0,0,0,0,1,0,0,N/A,infiltrate,1,0,none,not_tb,0,not_applicable
688,57,F,27.1,0,0,0,1,0,0,0,1,0,0,1,0,0,N/A,normal,0,0,none,not_tb,0,not_applicable
689,22,F,18.8,0,0,0,0,0,0,0,0,0,0,0,0,0,N/A,normal,0,0,none,not_tb,0,not_applicable
690,45,M,17.9,0,0,0,0,0,0,0,0,0,0,0,0,0,N/A,normal,0,0,none,not_tb,0,not_applicable
691,29,M,20.8,0,1,4,0,1,0,0,0,1,1,2,0,1,not_detected,normal,0,1,pulmonary,smear_negative_ptb,0,cured
692,43,F,13.5,1,1,6,1,1,1,0,0,1,1,4,0,1,not_detected,cavity,1,1,pulmonary,smear_negative_ptb,0,cured
693,52,M,21.4,0,0,0,0,0,0,0,1,0,0,0,0,0,N/A,infiltrate,1,0,none,not_tb,0,not_applicable
694,15,M,24.8,0,0,0,0,0,0,0,0,0,0,0,0,0,N/A,normal,0,0,none,not_tb,0,not_applicable
695,30,F,13.0,1,0,0,0,1,0,0,1,1,1,1,1,1,not_detected,infiltrate,1,1,pulmonary,smear_positive_ptb,0,cured
696,61,M,22.2,0,0,0,0,0,0,1,0,0,1,0,0,0,N/A,normal,0,0,none,not_tb,0,not_applicable
697,49,F,16.8,0,0,0,0,1,0,0,0,0,0,1,0,0,N/A,normal,0,0,none,not_tb,0,not_applicable
698,53,F,15.5,0,0,0,0,0,0,0,0,1,0,0,0,0,N/A,old_tb_scar,1,0,none,not_tb,0,not_applicable
699,48,F,18.3,0,0,0,0,0,0,0,0,0,0,0,0,0,N/A,other_pathology,1,0,none,not_tb,0,not_applicable
700,41,M,21.4,0,0,0,0,0,0,0,0,0,0,0,0,0,N/A,old_tb_scar,1,0,none,not_tb,0,not_applicable
701,38,M,19.5,0,0,0,0,0,0,0,0,0,0,0,0,0,N/A,normal,0,0,none,not_tb,0,not_applicable
702,34,M,21.3,1,1,9,1,1,1,1,1,1,0,4,0,1,not_detected,normal,0,1,pulmonary,smear_negative_ptb,0,died
703,42,M,22.3,0,0,0,0,0,0,0,1,0,0,0,0,0,N/A,normal,0,0,none,not_tb,0,not_applicable
704,34,F,20.3,1,0,0,0,0,0,0,0,0,0,0,0,0,N/A,old_tb_scar,1,0,none,not_tb,0,not_applicable
705,36,M,17.4,0,0,0,0,0,0,0,1,0,0,0,0,0,N/A,other_pathology,1,0,none,not_tb,0,not_applicable
706,23,M,22.8,0,0,0,0,0,0,0,0,0,0,0,0,0,N/A,normal,0,0,none,not_tb,0,not_applicable
707,51,F,23.6,0,1,5,0,1,1,0,0,1,0,3,1,1,not_detected,normal,0,1,pulmonary,smear_positive_ptb,0,completed
708,43,F,19.5,0,0,0,0,0,1,0,0,0,0,1,0,0,N/A,normal,0,0,none,not_tb,0,not_applicable
709,46,M,20.0,0,0,0,0,0,1,0,0,0,0,1,0,0,N/A,normal,0,0,none,not_tb,0,not_applicable
710,49,M,18.3,0,0,0,0,1,0,0,0,0,0,1,0,0,N/A,other_pathology,1,0,none,not_tb,0,not_applicable
711,44,F,26.1,0,0,0,0,0,0,0,0,0,0,0,0,0,N/A,normal,0,0,none,not_tb,0,not_applicable
712,44,F,25.2,0,0,0,1,0,0,0,0,0,0,1,0,0,N/A,normal,0,0,none,not_tb,0,not_applicable
713,44,F,20.4,1,0,0,0,0,0,0,0,0,0,0,0,0,N/A,old_tb_scar,1,0,none,not_tb,0,not_applicable
714,39,F,19.9,0,0,0,0,0,0,0,0,0,0,0,0,0,N/A,normal,0,0,none,not_tb,0,not_applicable
715,62,F,16.1,0,1,6,1,1,0,0,1,0,0,3,1,1,not_detected,pleural_effusion,1,1,pulmonary,smear_positive_ptb,0,completed
716,46,M,21.0,0,0,0,1,0,0,0,0,0,0,1,0,0,N/A,normal,0,0,none,not_tb,0,not_applicable
717,33,M,25.6,0,0,0,0,0,0,0,0,1,1,0,0,0,N/A,old_tb_scar,1,0,none,not_tb,0,not_applicable
718,37,M,22.1,1,0,0,1,1,0,0,0,0,0,2,0,0,N/A,normal,0,0,none,not_tb,0,not_applicable
719,49,F,21.7,0,0,0,1,0,1,0,1,1,1,2,0,1,not_detected,infiltrate,1,1,pulmonary,smear_negative_ptb,0,cured
720,21,F,16.7,1,0,0,1,0,0,0,0,0,0,1,1,1,not_detected,normal,0,1,pulmonary,smear_positive_ptb,0,lost_to_followup
721,30,M,12.7,1,1,4,0,1,1,0,1,1,1,3,1,1,not_detected,pleural_effusion,1,1,pulmonary,smear_positive_ptb,0,cured
722,24,M,25.0,1,0,0,0,0,1,0,1,0,1,1,1,1,not_detected,cavity,1,1,pulmonary,smear_positive_ptb,0,cured
723,24,M,19.0,1,1,5,1,0,1,0,0,1,1,3,1,1,not_detected,cavity,1,1,pulmonary,smear_positive_ptb,0,cured
724,34,F,24.7,0,1,2,1,0,0,0,0,0,0,2,1,0,N/A,normal,0,0,none,not_tb,0,not_applicable
725,32,M,19.2,0,0,0,0,0,1,0,0,1,0,1,0,0,N/A,normal,0,0,none,not_tb,0,not_applicable
726,63,M,17.2,0,0,0,0,0,0,0,1,0,0,0,1,0,N/A,infiltrate,1,0,none,not_tb,0,not_applicable
727,40,M,22.5,0,0,0,0,0,0,0,1,1,0,0,0,0,N/A,normal,0,0,none,not_tb,0,not_applicable
728,32,M,15.0,0,0,0,0,1,0,0,0,0,0,1,0,0,N/A,other_pathology,1,0,none,not_tb,0,not_applicable
729,40,M,21.1,0,1,4,1,0,0,0,0,0,0,2,0,0,N/A,normal,0,0,none,not_tb,0,not_applicable
730,51,M,25.6,0,0,0,0,0,0,0,0,0,0,0,0,0,N/A,normal,0,0,none,not_tb,0,not_applicable
731,43,M,19.6,1,0,0,1,0,1,0,0,1,1,2,0,0,N/A,normal,0,1,extrapulmonary,extrapulmonary_tb,0,cured
732,45,M,22.9,0,0,0,0,0,0,0,0,0,0,0,0,0,N/A,normal,0,0,none,not_tb,0,not_applicable
733,41,M,28.1,0,0,0,0,1,0,0,0,0,0,1,0,0,N/A,other_pathology,1,0,none,not_tb,0,not_applicable
734,57,M,19.4,0,1,6,1,0,1,0,0,1,1,3,1,1,not_detected,normal,0,1,pulmonary,smear_positive_ptb,0,cured
735,42,M,15.3,0,0,0,1,0,1,0,1,0,1,2,0,0,N/A,normal,0,0,none,not_tb,0,not_applicable
736,37,F,21.5,0,0,0,0,0,0,0,0,0,0,0,0,0,N/A,normal,0,0,none,not_tb,0,not_applicable
737,16,M,28.7,0,0,0,0,0,0,0,0,0,1,0,0,0,N/A,normal,0,0,none,not_tb,0,not_applicable
738,31,M,20.9,0,1,5,0,0,0,0,0,0,0,1,0,0,N/A,normal,0,0,none,not_tb,0,not_applicable
739,44,M,28.5,0,0,0,0,0,0,0,0,1,0,0,0,0,N/A,normal,0,0,none,not_tb,0,not_applicable
740,36,M,25.6,0,0,0,0,0,0,0,0,0,1,0,0,0,N/A,normal,0,0,none,not_tb,0,not_applicable
741,33,M,20.6,0,0,0,0,0,0,0,0,0,0,0,0,0,N/A,normal,0,0,none,not_tb,0,not_applicable
742,27,M,15.8,1,0,0,0,1,1,0,0,1,1,2,0,0,N/A,pleural_effusion,1,1,extrapulmonary,extrapulmonary_tb,0,completed
743,46,F,19.3,0,1,3,1,1,0,0,1,0,1,3,0,1,not_detected,cavity,1,1,pulmonary,smear_negative_ptb,0,lost_to_followup
744,34,M,21.7,0,0,0,1,1,0,1,1,1,0,2,1,1,not_detected,cavity,1,1,pulmonary,smear_positive_ptb,0,cured
745,28,M,16.5,0,0,0,0,0,0,0,0,0,1,0,0,0,N/A,normal,0,0,none,not_tb,0,not_applicable
746,22,M,18.8,0,0,0,0,1,0,0,1,1,0,1,1,1,not_detected,infiltrate,1,1,pulmonary,smear_positive_ptb,0,cured
747,51,M,13.4,0,0,0,0,0,0,1,0,1,0,0,0,0,N/A,infiltrate,1,1,pulmonary,smear_negative_ptb,0,cured
748,35,M,20.8,0,0,0,0,0,0,0,0,0,0,0,0,0,N/A,normal,0,0,none,not_tb,0,not_applicable
749,41,F,16.2,1,0,0,1,0,0,0,1,1,0,1,0,0,N/A,normal,0,0,none,not_tb,0,not_applicable
750,62,F,24.0,0,0,0,0,0,0,0,0,1,0,0,0,0,N/A,normal,0,0,none,not_tb,0,not_applicable
751,57,M,19.6,0,0,0,1,0,0,0,0,0,0,1,0,0,N/A,normal,0,0,none,not_tb,0,not_applicable
752,45,M,21.4,0,1,7,1,1,1,0,0,1,1,4,0,1,not_detected,infiltrate,1,1,pulmonary,smear_negative_ptb,0,lost_to_followup
753,24,M,20.1,1,1,3,0,0,0,0,0,0,0,1,0,0,N/A,normal,0,0,none,not_tb,0,not_applicable
754,39,M,19.8,0,0,0,1,0,0,0,0,0,1,1,0,0,N/A,normal,0,0,none,not_tb,0,not_applicable
755,55,F,16.3,0,0,0,0,0,1,0,0,1,0,1,0,0,N/A,other_pathology,1,0,none,not_tb,0,not_applicable
756,30,M,23.4,0,0,0,0,0,0,0,0,0,0,0,0,0,N/A,old_tb_scar,1,0,none,not_tb,0,not_applicable
757,47,M,23.7,0,0,0,1,0,0,0,0,0,0,1,0,0,N/A,old_tb_scar,1,0,none,not_tb,0,not_applicable
758,38,F,25.3,0,0,0,0,0,0,0,0,0,1,0,0,0,N/A,normal,0,0,none,not_tb,0,not_applicable
759,38,M,20.1,0,1,8,1,1,1,0,0,0,1,4,0,1,not_detected,normal,0,1,pulmonary,smear_negative_ptb,0,completed
760,29,M,19.5,1,1,2,1,1,1,0,1,1,0,4,0,1,not_detected,infiltrate,1,1,pulmonary,smear_negative_ptb,0,cured
761,62,F,24.1,0,1,2,0,1,0,0,0,1,0,2,0,0,N/A,other_pathology,1,0,none,not_tb,0,not_applicable
762,54,M,20.2,0,1,2,1,1,0,1,1,1,1,3,1,1,not_detected,infiltrate,1,1,pulmonary,smear_positive_ptb,0,cured
763,32,M,25.2,0,0,0,0,1,0,0,0,0,0,1,0,0,N/A,normal,0,0,none,not_tb,0,not_applicable
764,57,M,14.7,0,1,3,1,0,0,1,0,1,1,2,0,0,N/A,cavity,1,1,pulmonary,smear_negative_ptb,0,cured
765,32,F,20.4,1,1,2,0,0,0,0,0,0,0,1,0,0,N/A,other_pathology,1,0,none,not_tb,0,not_applicable
766,49,M,16.3,0,1,3,0,0,0,0,0,0,0,1,0,0,N/A,old_tb_scar,1,0,none,not_tb,0,not_applicable
767,26,M,19.3,0,1,4,1,0,1,0,0,1,1,3,0,1,not_detected,miliary,1,1,pulmonary,smear_negative_ptb,0,cured
768,48,M,22.6,0,0,0,0,1,1,0,1,1,1,2,0,0,N/A,cavity,1,1,pulmonary,smear_negative_ptb,0,cured
769,19,M,25.1,0,0,0,0,0,0,0,0,0,0,0,0,0,N/A,normal,0,0,none,not_tb,0,not_applicable
770,59,F,17.0,1,0,0,1,0,1,0,0,0,1,2,0,0,N/A,normal,0,1,extrapulmonary,extrapulmonary_tb,0,cured
771,42,M,19.8,0,0,0,0,0,0,0,0,1,1,0,1,1,not_detected,normal,0,1,pulmonary,smear_positive_ptb,0,completed
772,53,M,23.2,0,0,0,0,0,0,0,0,0,0,0,0,0,N/A,normal,0,0,none,not_tb,0,not_applicable
773,46,F,22.8,0,0,0,0,0,0,0,0,0,0,0,0,0,N/A,normal,0,0,none,not_tb,0,not_applicable
774,47,F,17.4,1,0,0,0,0,0,0,1,1,0,0,0,0,N/A,normal,0,0,none,not_tb,0,not_applicable
775,50,M,26.6,0,0,0,0,0,0,0,0,0,0,0,0,0,N/A,other_pathology,1,0,none,not_tb,0,not_applicable
776,38,F,17.9,0,0,0,0,0,0,1,0,0,0,0,0,0,N/A,normal,0,0,none,not_tb,0,not_applicable
777,35,F,20.7,0,1,2,0,0,0,0,0,1,1,1,0,0,N/A,normal,0,0,none,not_tb,0,not_applicable
778,58,M,25.4,0,0,0,0,0,1,0,0,0,0,1,1,0,N/A,normal,0,0,none,not_tb,0,not_applicable
779,61,F,20.7,0,0,0,1,0,0,0,0,1,0,1,0,0,N/A,other_pathology,1,0,none,not_tb,0,not_applicable
780,34,F,22.3,0,0,0,0,0,0,0,0,0,0,0,0,0,N/A,other_pathology,1,0,none,not_tb,0,not_applicable
781,50,M,22.4,0,0,0,0,0,0,0,0,0,0,0,0,0,N/A,normal,0,0,none,not_tb,0,not_applicable
782,26,F,22.2,1,0,0,1,0,0,0,0,0,0,1,0,0,N/A,normal,0,0,none,not_tb,0,not_applicable
783,35,M,18.8,1,1,6,0,1,0,1,0,0,1,2,1,1,not_detected,infiltrate,1,1,pulmonary,smear_positive_ptb,0,completed
784,45,F,22.7,0,0,0,0,0,0,0,0,0,1,0,0,0,N/A,other_pathology,1,0,none,not_tb,0,not_applicable
785,30,F,22.3,0,0,0,0,0,0,0,0,0,0,0,0,0,N/A,normal,0,0,none,not_tb,0,not_applicable
786,38,M,16.3,0,0,0,1,1,0,0,0,1,0,2,0,0,N/A,pleural_effusion,1,1,extrapulmonary,extrapulmonary_tb,0,lost_to_followup
787,39,F,14.6,1,1,2,0,1,1,0,0,0,1,3,0,1,not_detected,normal,0,1,extrapulmonary,extrapulmonary_tb,0,cured
788,45,M,25.5,1,0,0,0,0,0,0,0,0,0,0,0,0,N/A,normal,0,0,none,not_tb,0,not_applicable
789,45,F,21.1,1,1,4,1,1,1,0,0,1,1,4,1,1,not_detected,pleural_effusion,1,1,pulmonary,smear_positive_ptb,0,lost_to_followup
790,48,F,23.2,0,1,2,0,0,0,0,0,0,0,1,0,1,not_detected,normal,0,0,none,not_tb,0,not_applicable
791,47,M,23.2,0,0,0,0,0,0,0,0,1,1,0,0,0,N/A,normal,0,0,none,not_tb,0,not_applicable
792,46,M,18.8,0,0,0,0,0,0,0,0,0,0,0,0,0,N/A,normal,0,0,none,not_tb,0,not_applicable
793,28,M,13.5,0,0,0,0,0,0,0,1,0,1,0,0,0,N/A,other_pathology,1,0,none,not_tb,0,not_applicable
794,35,M,17.9,1,1,6,0,0,0,0,0,1,0,1,1,1,not_detected,pleural_effusion,1,1,pulmonary,smear_positive_ptb,0,cured
795,52,M,15.4,0,0,0,1,0,0,0,0,0,0,1,0,0,N/A,normal,0,0,none,not_tb,0,not_applicable
796,25,M,22.6,1,0,0,0,0,0,0,0,0,0,0,0,0,N/A,normal,0,0,none,not_tb,0,not_applicable
797,74,M,21.8,0,1,4,1,1,1,1,1,1,0,4,1,1,not_detected,normal,0,1,pulmonary,smear_positive_ptb,0,cured
798,44,M,19.8,0,0,0,0,0,0,0,1,0,0,0,0,0,N/A,normal,0,0,none,not_tb,0,not_applicable
799,26,F,20.0,0,0,0,0,0,1,0,1,0,0,1,0,0,N/A,normal,0,0,none,not_tb,0,not_applicable
800,30,F,16.0,1,1,2,0,1,1,0,0,0,1,3,1,1,not_detected,infiltrate,1,1,pulmonary,smear_positive_ptb,0,cured
801,57,F,22.2,0,0,0,0,0,0,0,1,0,0,0,0,0,N/A,other_pathology,1,0,none,not_tb,0,not_applicable
802,33,M,21.9,0,1,6,0,0,0,0,0,1,0,1,0,1,not_detected,normal,0,0,none,not_tb,0,not_applicable
803,43,F,18.4,1,0,0,0,0,0,0,0,0,0,0,0,0,N/A,normal,0,0,none,not_tb,0,not_applicable
804,49,F,20.8,0,1,7,1,0,1,0,0,1,1,3,1,1,not_detected,infiltrate,1,1,pulmonary,smear_positive_ptb,0,cured
805,41,M,31.5,0,0,0,0,0,0,0,0,1,0,0,0,0,N/A,normal,0,0,none,not_tb,0,not_applicable
806,33,M,26.2,1,0,0,0,0,0,0,0,0,0,0,0,0,N/A,other_pathology,1,0,none,not_tb,0,not_applicable
807,49,F,21.6,0,1,3,0,0,0,0,0,1,1,1,0,0,N/A,infiltrate,1,0,none,not_tb,0,not_applicable
808,45,M,18.2,1,1,5,1,0,1,0,1,1,1,3,0,0,N/A,normal,0,1,pulmonary,smear_negative_ptb,0,cured
809,57,M,17.2,0,1,4,1,0,1,1,0,1,1,3,1,1,not_detected,normal,0,1,pulmonary,smear_positive_ptb,0,cured
810,51,F,20.1,0,0,0,0,0,0,0,0,1,0,0,0,0,N/A,normal,0,0,none,not_tb,0,not_applicable
811,25,M,25.4,0,0,0,0,0,0,0,0,0,1,0,0,0,N/A,normal,0,0,none,not_tb,0,not_applicable
812,42,M,21.0,0,1,2,0,0,1,0,0,1,0,2,0,1,not_detected,normal,0,1,pulmonary,smear_negative_ptb,0,completed
813,21,F,17.9,0,0,0,0,0,0,0,0,1,0,0,0,0,N/A,other_pathology,1,0,none,not_tb,0,not_applicable
814,40,F,19.4,1,0,0,1,1,0,1,0,0,0,2,0,1,detected,infiltrate,1,1,pulmonary,smear_negative_ptb,1,completed
815,17,M,25.9,1,0,0,0,0,0,0,0,0,0,0,0,0,N/A,normal,0,0,none,not_tb,0,not_applicable
816,39,F,20.8,0,0,0,0,0,0,0,0,0,0,0,0,0,N/A,normal,0,0,none,not_tb,0,not_applicable
817,43,F,21.3,0,0,0,0,0,0,0,0,0,0,0,0,0,N/A,normal,0,0,none,not_tb,0,not_applicable
818,40,M,24.4,1,0,0,0,0,0,0,0,1,0,0,0,0,N/A,normal,0,0,none,not_tb,0,not_applicable
819,55,F,24.5,0,0,0,0,0,1,0,0,1,0,1,0,0,N/A,normal,0,0,none,not_tb,0,not_applicable
820,38,M,23.5,0,0,0,0,0,0,0,1,0,0,0,0,0,N/A,infiltrate,1,0,none,not_tb,0,not_applicable
821,54,M,19.1,1,1,4,0,0,1,1,0,1,1,2,1,1,not_detected,normal,0,1,pulmonary,smear_positive_ptb,0,lost_to_followup
822,54,F,23.4,1,0,0,0,0,0,0,0,0,0,0,0,0,N/A,old_tb_scar,1,0,none,not_tb,0,not_applicable
823,40,M,21.0,0,0,0,0,0,0,0,0,0,0,0,0,0,N/A,normal,0,0,none,not_tb,0,not_applicable
824,46,F,18.1,0,0,0,0,0,0,0,1,0,0,0,0,0,N/A,old_tb_scar,1,0,none,not_tb,0,not_applicable
825,59,F,14.6,0,1,2,0,0,1,0,0,1,1,2,0,0,N/A,normal,0,1,pulmonary,smear_negative_ptb,0,cured
826,53,M,24.1,0,0,0,0,0,1,0,1,0,0,1,0,0,N/A,normal,0,0,none,not_tb,0,not_applicable
827,44,F,22.4,0,0,0,0,0,0,0,0,0,0,0,0,0,N/A,other_pathology,1,0,none,not_tb,0,not_applicable
828,41,M,23.6,0,0,0,0,0,0,0,0,0,0,0,0,0,N/A,normal,0,0,none,not_tb,0,not_applicable
829,44,F,19.1,0,0,0,0,0,1,0,0,0,0,1,0,0,N/A,normal,0,0,none,not_tb,0,not_applicable
830,40,M,22.4,0,0,0,0,0,0,0,0,0,0,0,0,0,N/A,old_tb_scar,1,0,none,not_tb,0,not_applicable
831,31,F,18.7,1,1,4,1,1,1,0,0,1,0,4,0,1,not_detected,cavity,1,1,pulmonary,smear_negative_ptb,0,completed
832,23,M,21.7,0,1,4,0,1,0,0,0,1,1,2,0,1,not_detected,infiltrate,1,1,pulmonary,smear_negative_ptb,0,cured
833,49,M,25.0,0,0,0,0,0,0,0,1,0,0,0,0,0,N/A,infiltrate,1,0,none,not_tb,0,not_applicable
834,62,F,16.7,0,0,0,0,0,0,0,1,1,0,0,0,1,not_detected,infiltrate,1,1,pulmonary,smear_negative_ptb,0,completed
835,34,F,23.8,1,0,0,0,0,1,0,0,0,0,1,0,0,N/A,normal,0,0,none,not_tb,0,not_applicable
836,36,M,19.4,0,0,0,0,0,0,0,0,0,0,0,1,0,N/A,normal,0,0,none,not_tb,0,not_applicable
837,39,F,12.9,0,0,0,0,0,0,0,0,0,0,0,0,0,N/A,normal,0,0,none,not_tb,0,not_applicable
838,50,F,28.0,1,0,0,0,0,0,0,0,1,0,0,0,0,N/A,normal,0,0,none,not_tb,0,not_applicable
839,18,M,20.7,0,0,0,0,0,0,0,0,0,0,0,0,0,N/A,old_tb_scar,1,0,none,not_tb,0,not_applicable
840,53,M,25.6,0,0,0,0,0,0,0,1,0,0,0,0,0,N/A,other_pathology,1,0,none,not_tb,0,not_applicable
841,32,M,16.8,0,0,0,1,0,1,0,1,0,1,2,1,1,not_detected,normal,0,1,pulmonary,smear_positive_ptb,0,cured
842,67,F,16.5,0,1,5,1,1,1,0,1,1,1,4,0,1,not_detected,pleural_effusion,1,1,pulmonary,smear_negative_ptb,0,died
843,34,M,20.1,0,0,0,0,0,0,0,0,1,0,0,0,0,N/A,normal,0,0,none,not_tb,0,not_applicable
844,49,M,22.9,0,0,0,0,0,0,0,0,0,0,0,0,0,N/A,other_pathology,1,0,none,not_tb,0,not_applicable
845,36,M,22.6,0,0,0,0,0,0,0,0,0,0,0,0,0,N/A,normal,0,0,none,not_tb,0,not_applicable
846,40,F,23.7,0,0,0,0,0,0,0,0,0,1,0,0,0,N/A,normal,0,0,none,not_tb,0,not_applicable
847,32,M,20.3,1,1,2,1,0,0,0,0,1,0,2,0,0,N/A,normal,0,0,none,not_tb,0,not_applicable
848,39,F,18.6,0,1,7,1,0,0,0,0,0,0,2,1,1,not_detected,normal,0,1,pulmonary,smear_positive_ptb,0,cured
849,42,M,19.0,0,0,0,0,0,0,0,0,0,0,0,0,0,N/A,normal,0,0,none,not_tb,0,not_applicable
850,25,F,27.1,0,0,0,0,0,0,0,1,0,0,0,0,0,N/A,normal,0,0,none,not_tb,0,not_applicable
851,33,M,17.4,0,0,0,0,0,0,0,1,0,1,0,0,0,N/A,normal,0,0,none,not_tb,0,not_applicable
852,45,M,19.1,0,0,0,0,0,0,0,0,0,0,0,0,0,N/A,normal,0,0,none,not_tb,0,not_applicable
853,19,F,20.5,0,0,0,0,0,0,0,1,0,0,0,0,0,N/A,normal,0,0,none,not_tb,0,not_applicable
854,49,F,30.4,0,0,0,0,0,1,0,0,0,0,1,0,0,N/A,normal,0,0,none,not_tb,0,not_applicable
855,41,M,20.4,1,0,0,1,0,0,0,0,0,0,1,0,1,not_detected,cavity,1,1,pulmonary,smear_negative_ptb,0,cured
856,26,M,16.4,0,0,0,1,1,1,0,0,1,1,3,1,1,not_detected,infiltrate,1,1,pulmonary,smear_positive_ptb,0,completed
857,43,F,20.6,0,1,5,0,1,1,0,0,1,0,3,1,1,not_detected,normal,0,1,pulmonary,smear_positive_ptb,0,lost_to_followup
858,61,F,19.8,0,1,7,0,1,0,1,1,1,0,2,0,0,N/A,pleural_effusion,1,1,pulmonary,smear_negative_ptb,0,failed
859,30,M,19.2,0,1,5,1,0,0,1,0,1,0,2,1,1,not_detected,pleural_effusion,1,1,pulmonary,smear_positive_ptb,0,died
860,32,M,24.4,0,0,0,0,0,0,0,0,1,1,0,0,0,N/A,normal,0,0,none,not_tb,0,not_applicable
861,24,F,22.2,0,0,0,0,0,0,0,1,0,0,0,0,0,N/A,normal,0,0,none,not_tb,0,not_applicable
862,45,F,18.9,0,0,0,1,1,0,0,0,1,1,2,1,1,not_detected,cavity,1,1,pulmonary,smear_positive_ptb,0,cured
863,48,F,14.6,0,0,0,1,0,1,0,0,1,0,2,1,1,not_detected,miliary,1,1,pulmonary,smear_positive_ptb,0,lost_to_followup
864,25,M,22.1,0,1,6,0,0,1,0,1,1,0,2,1,1,not_detected,infiltrate,1,1,pulmonary,smear_positive_ptb,0,cured
865,56,M,17.4,0,1,3,0,1,1,0,0,0,0,3,1,1,not_detected,pleural_effusion,1,1,pulmonary,smear_positive_ptb,0,cured
866,52,F,15.4,1,1,4,1,1,1,0,0,1,1,4,1,1,not_detected,infiltrate,1,1,pulmonary,smear_positive_ptb,0,died
867,25,F,17.2,1,1,2,1,1,1,0,1,1,0,4,0,0,N/A,pleural_effusion,1,1,extrapulmonary,extrapulmonary_tb,0,cured
868,44,F,20.4,0,0,0,0,0,0,0,0,0,0,0,0,0,N/A,normal,0,0,none,not_tb,0,not_applicable
869,36,M,19.2,0,0,0,0,0,0,0,0,1,0,0,0,0,N/A,normal,0,0,none,not_tb,0,not_applicable
870,17,M,24.7,0,0,0,0,0,0,0,0,0,1,0,0,0,N/A,normal,0,0,none,not_tb,0,not_applicable
871,18,F,20.9,1,1,2,0,1,0,0,0,1,1,2,0,0,N/A,normal,0,1,extrapulmonary,extrapulmonary_tb,0,cured
872,64,M,15.1,0,0,0,0,0,0,0,0,1,0,0,0,0,N/A,infiltrate,1,0,none,not_tb,0,not_applicable
873,28,F,17.2,1,1,4,0,0,1,0,1,0,1,2,1,0,N/A,pleural_effusion,1,1,extrapulmonary,extrapulmonary_tb,0,cured
874,36,M,20.4,0,0,0,1,0,0,0,0,0,0,1,0,0,N/A,other_pathology,1,0,none,not_tb,0,not_applicable
875,48,F,21.4,0,0,0,0,0,0,0,0,0,0,0,0,0,N/A,other_pathology,1,0,none,not_tb,0,not_applicable
876,65,F,28.0,0,0,0,1,0,0,0,1,0,0,1,0,0,N/A,normal,0,0,none,not_tb,0,not_applicable
877,25,M,19.2,0,0,0,0,1,1,0,0,0,0,2,0,0,N/A,normal,0,0,none,not_tb,0,not_applicable
878,38,M,27.5,0,0,0,0,0,0,0,0,1,0,0,0,0,N/A,normal,0,0,none,not_tb,0,not_applicable
879,59,F,18.1,0,1,3,0,0,0,0,0,1,0,1,1,1,not_detected,pleural_effusion,1,1,pulmonary,smear_positive_ptb,0,completed
880,17,F,22.4,1,1,2,1,0,1,0,1,0,0,3,0,0,N/A,cavity,1,1,pulmonary,smear_negative_ptb,0,died
881,38,M,20.9,0,0,0,1,0,0,0,0,0,1,1,0,0,N/A,old_tb_scar,1,0,none,not_tb,0,not_applicable
882,29,F,20.5,0,0,0,1,0,0,0,0,0,0,1,0,0,N/A,other_pathology,1,0,none,not_tb,0,not_applicable
883,38,F,18.4,0,1,5,1,1,1,0,0,1,0,4,0,1,not_detected,miliary,1,1,pulmonary,smear_negative_ptb,0,cured
884,19,M,26.5,0,0,0,0,0,0,0,0,0,0,0,0,0,N/A,normal,0,0,none,not_tb,0,not_applicable
885,18,M,22.6,0,0,0,1,0,0,0,0,0,0,1,1,0,N/A,normal,0,0,none,not_tb,0,not_applicable
886,25,M,22.7,0,0,0,0,0,0,0,0,1,0,0,0,0,N/A,other_pathology,1,0,none,not_tb,0,not_applicable
887,42,M,24.2,0,0,0,0,0,0,0,0,0,0,0,0,0,N/A,normal,0,0,none,not_tb,0,not_applicable
888,39,M,18.9,0,0,0,0,0,0,0,0,0,0,0,0,0,N/A,infiltrate,1,0,none,not_tb,0,not_applicable
889,31,M,23.2,1,0,0,0,0,0,0,0,0,0,0,0,0,N/A,old_tb_scar,1,0,none,not_tb,0,not_applicable
890,59,F,19.8,0,0,0,0,0,0,0,0,0,0,0,0,0,N/A,normal,0,0,none,not_tb,0,not_applicable
891,32,M,22.2,1,1,8,0,0,1,0,1,1,1,2,0,1,not_detected,normal,0,1,pulmonary,smear_negative_ptb,0,cured
892,55,F,19.5,0,1,3,1,1,1,0,1,1,0,4,1,1,not_detected,cavity,1,1,pulmonary,smear_positive_ptb,0,cured
893,28,M,24.4,0,0,0,1,0,1,0,0,0,0,2,0,0,N/A,other_pathology,1,0,none,not_tb,0,not_applicable
894,66,M,14.9,0,0,0,0,0,0,0,0,0,1,0,0,0,N/A,normal,0,0,none,not_tb,0,not_applicable
895,53,F,24.5,0,0,0,0,0,0,0,0,0,0,0,0,0,N/A,old_tb_scar,1,0,none,not_tb,0,not_applicable
896,16,F,21.4,0,0,0,0,0,0,0,0,1,0,0,0,0,N/A,normal,0,0,none,not_tb,0,not_applicable
897,33,M,17.0,0,1,4,1,0,0,0,0,1,0,2,0,0,N/A,normal,0,0,none,not_tb,0,not_applicable
898,34,M,22.3,1,0,0,0,1,0,0,0,0,0,1,0,0,N/A,normal,0,0,none,not_tb,0,not_applicable
899,36,M,14.7,1,1,4,1,0,1,0,0,1,0,3,1,0,N/A,pleural_effusion,1,1,extrapulmonary,extrapulmonary_tb,0,cured
900,25,M,20.0,1,1,6,1,0,1,0,1,1,0,3,0,1,not_detected,cavity,1,1,pulmonary,smear_negative_ptb,0,cured
901,43,M,27.0,0,0,0,1,0,0,0,0,1,0,1,0,0,N/A,normal,0,0,none,not_tb,0,not_applicable
902,34,M,14.0,0,1,4,1,1,0,0,1,1,1,3,1,1,not_detected,normal,0,1,pulmonary,smear_positive_ptb,0,completed
903,74,M,21.9,0,0,0,0,0,0,0,1,0,0,0,0,0,N/A,normal,0,0,none,not_tb,0,not_applicable
904,51,M,18.1,0,1,5,0,1,0,0,0,1,1,2,1,1,not_detected,cavity,1,1,pulmonary,smear_positive_ptb,0,cured
905,34,F,13.5,1,0,0,1,1,0,0,1,1,0,2,0,1,not_detected,normal,0,1,extrapulmonary,extrapulmonary_tb,0,died
906,45,F,25.2,0,1,6,0,0,0,0,1,0,0,1,0,0,N/A,normal,0,0,none,not_tb,0,not_applicable
907,34,M,24.2,1,0,0,0,0,0,0,0,1,0,0,0,0,N/A,normal,0,0,none,not_tb,0,not_applicable
908,42,M,23.6,0,1,4,1,1,0,1,0,1,0,3,0,1,detected,infiltrate,1,1,pulmonary,smear_negative_ptb,1,cured
909,67,M,23.7,0,1,4,0,0,0,0,0,0,0,1,0,0,N/A,normal,0,0,none,not_tb,0,not_applicable
910,42,M,16.3,0,1,2,1,1,1,0,0,1,1,4,1,1,not_detected,infiltrate,1,1,pulmonary,smear_positive_ptb,0,lost_to_followup
911,25,F,23.8,0,1,2,0,0,0,0,0,0,0,1,0,0,N/A,infiltrate,1,0,none,not_tb,0,not_applicable
912,61,F,26.5,0,0,0,0,0,0,0,0,0,0,0,0,0,N/A,other_pathology,1,0,none,not_tb,0,not_applicable
913,28,F,20.4,0,0,0,0,0,0,0,0,0,0,0,0,0,N/A,normal,0,0,none,not_tb,0,not_applicable
914,40,F,25.0,0,1,4,0,0,0,0,1,0,0,1,0,0,N/A,normal,0,0,none,not_tb,0,not_applicable
915,43,F,13.8,0,0,0,0,0,0,0,0,0,0,0,0,0,N/A,old_tb_scar,1,0,none,not_tb,0,not_applicable
916,30,F,27.2,0,0,0,1,0,0,0,0,0,0,1,0,0,N/A,normal,0,0,none,not_tb,0,not_applicable
917,74,M,20.5,0,1,6,1,1,0,1,0,0,1,3,1,1,not_detected,miliary,1,1,pulmonary,smear_positive_ptb,0,died
918,49,M,12.1,0,1,4,1,1,0,0,0,1,1,3,1,1,detected,infiltrate,1,1,pulmonary,smear_positive_ptb,0,cured
919,32,M,19.5,1,0,0,0,1,0,1,0,1,1,1,0,1,not_detected,pleural_effusion,1,1,pulmonary,smear_negative_ptb,0,cured
920,42,M,15.0,0,0,0,0,0,0,0,0,1,0,0,0,0,N/A,normal,0,0,none,not_tb,0,not_applicable
921,45,M,17.0,0,1,8,1,0,1,1,0,1,1,3,0,1,not_detected,infiltrate,1,1,pulmonary,smear_negative_ptb,0,cured
922,42,F,24.4,0,0,0,0,0,0,0,0,0,0,0,0,0,N/A,normal,0,0,none,not_tb,0,not_applicable
923,48,F,21.5,0,0,0,0,0,0,0,0,0,0,0,0,0,N/A,normal,0,0,none,not_tb,0,not_applicable
924,29,M,26.4,1,0,0,0,0,0,0,0,0,0,0,0,0,N/A,normal,0,0,none,not_tb,0,not_applicable
925,20,M,22.2,1,0,0,0,0,0,0,0,0,1,0,0,0,N/A,normal,0,0,none,not_tb,0,not_applicable
926,38,M,21.9,0,0,0,0,0,0,0,0,0,0,0,0,0,N/A,normal,0,0,none,not_tb,0,not_applicable
927,25,M,25.8,0,1,8,0,0,0,0,0,0,0,1,0,0,N/A,other_pathology,1,0,none,not_tb,0,not_applicable
928,21,F,20.8,0,0,0,0,0,0,0,0,1,0,0,0,0,N/A,normal,0,0,none,not_tb,0,not_applicable
929,36,F,18.4,0,1,4,1,1,1,0,1,0,1,4,1,1,not_detected,infiltrate,1,1,pulmonary,smear_positive_ptb,0,cured
930,20,F,22.4,1,0,0,0,0,0,0,0,0,0,0,0,0,N/A,normal,0,0,none,not_tb,0,not_applicable
931,18,M,21.8,0,0,0,1,0,0,0,0,0,0,1,0,0,N/A,normal,0,0,none,not_tb,0,not_applicable
932,29,M,26.1,0,0,0,0,0,0,0,1,0,0,0,0,0,N/A,old_tb_scar,1,0,none,not_tb,0,not_applicable
933,31,M,19.7,0,0,0,0,0,0,0,0,1,0,0,0,0,N/A,normal,0,0,none,not_tb,0,not_applicable
934,18,F,19.1,0,0,0,0,0,1,0,0,0,0,1,0,0,N/A,normal,0,0,none,not_tb,0,not_applicable
935,42,F,18.3,1,0,0,0,0,0,0,1,1,0,0,0,0,N/A,normal,0,0,none,not_tb,0,not_applicable
936,39,M,13.1,0,0,0,0,1,1,0,1,1,0,2,1,1,not_detected,cavity,1,1,pulmonary,smear_positive_ptb,0,cured
937,58,F,27.2,0,1,3,0,0,0,0,0,0,0,1,0,0,N/A,normal,0,0,none,not_tb,0,not_applicable
938,56,M,18.8,0,0,0,0,0,0,0,0,1,1,0,0,0,N/A,normal,0,0,none,not_tb,0,not_applicable
939,45,F,21.2,0,0,0,0,0,0,0,1,0,0,0,0,0,N/A,infiltrate,1,0,none,not_tb,0,not_applicable
940,24,M,27.5,0,0,0,0,0,0,0,0,1,0,0,0,0,N/A,normal,0,0,none,not_tb,0,not_applicable
941,46,M,21.5,0,0,0,0,0,0,0,0,0,0,0,0,0,N/A,normal,0,0,none,not_tb,0,not_applicable
942,52,F,23.8,0,0,0,0,0,0,0,0,1,0,0,0,0,N/A,normal,0,0,none,not_tb,0,not_applicable
943,43,M,17.0,0,0,0,0,0,0,0,0,0,0,0,0,0,N/A,normal,0,0,none,not_tb,0,not_applicable
944,44,M,26.9,0,0,0,0,0,0,0,0,0,0,0,0,0,N/A,other_pathology,1,0,none,not_tb,0,not_applicable
945,25,M,21.6,0,0,0,0,0,0,0,0,0,0,0,0,0,N/A,normal,0,0,none,not_tb,0,not_applicable
946,45,M,18.4,0,1,3,0,0,1,0,1,0,0,2,0,0,N/A,normal,0,0,none,not_tb,0,not_applicable
947,26,F,18.4,0,0,0,0,0,0,0,0,0,0,0,0,0,N/A,normal,0,0,none,not_tb,0,not_applicable
948,34,F,22.7,0,0,0,0,1,0,0,1,1,1,1,1,1,not_detected,pleural_effusion,1,1,pulmonary,smear_positive_ptb,0,lost_to_followup
949,17,F,17.0,0,1,5,1,1,0,0,1,0,0,3,0,0,N/A,infiltrate,1,1,extrapulmonary,extrapulmonary_tb,0,completed
950,32,M,18.5,0,0,0,1,1,0,0,0,0,0,2,0,0,N/A,normal,0,0,none,not_tb,0,not_applicable
951,20,M,20.5,0,0,0,0,0,0,0,0,0,0,0,0,0,N/A,old_tb_scar,1,0,none,not_tb,0,not_applicable
952,47,M,22.2,0,0,0,0,0,0,0,0,1,0,0,0,0,N/A,infiltrate,1,0,none,not_tb,0,not_applicable
953,59,M,18.9,0,1,2,0,0,1,0,0,1,1,2,1,1,not_detected,infiltrate,1,1,pulmonary,smear_positive_ptb,0,cured
954,25,M,23.6,0,0,0,0,0,0,0,0,0,1,0,0,0,N/A,other_pathology,1,0,none,not_tb,0,not_applicable
955,38,F,22.8,0,0,0,0,0,0,0,0,0,0,0,0,0,N/A,normal,0,0,none,not_tb,0,not_applicable
956,30,F,20.1,0,1,5,0,0,1,0,0,1,0,2,0,1,not_detected,normal,0,1,extrapulmonary,extrapulmonary_tb,0,completed
957,45,F,21.0,0,0,0,1,0,0,0,0,0,0,1,0,0,N/A,other_pathology,1,0,none,not_tb,0,not_applicable
958,28,M,29.3,0,0,0,0,0,0,0,0,1,0,0,0,0,N/A,normal,0,0,none,not_tb,0,not_applicable
959,20,M,20.3,0,0,0,0,0,0,0,0,1,1,0,0,0,N/A,normal,0,0,none,not_tb,0,not_applicable
960,41,M,21.9,1,0,0,1,1,1,0,1,0,0,3,0,0,N/A,pleural_effusion,1,1,pulmonary,smear_negative_ptb,1,died
961,49,M,17.0,1,1,6,0,1,1,0,0,0,0,3,1,1,not_detected,normal,0,1,pulmonary,smear_positive_ptb,0,completed
962,34,M,17.0,0,0,0,0,0,0,0,0,1,0,0,0,0,N/A,infiltrate,1,0,none,not_tb,0,not_applicable
963,30,M,14.3,0,1,6,1,1,1,0,0,1,0,4,1,1,not_detected,cavity,1,1,pulmonary,smear_positive_ptb,0,cured
964,39,M,23.1,0,0,0,0,0,0,0,0,0,0,0,0,0,N/A,normal,0,0,none,not_tb,0,not_applicable
965,34,F,26.1,1,0,0,0,0,0,0,0,0,0,0,0,0,N/A,normal,0,0,none,not_tb,0,not_applicable
966,51,M,18.0,0,0,0,0,0,0,0,0,0,1,0,0,0,N/A,old_tb_scar,1,0,none,not_tb,0,not_applicable
967,48,F,18.9,0,0,0,1,0,0,0,0,1,0,1,0,0,N/A,normal,0,0,none,not_tb,0,not_applicable
968,34,M,23.4,0,0,0,0,0,0,0,0,0,0,0,0,0,N/A,normal,0,0,none,not_tb,0,not_applicable
969,54,M,18.5,0,0,0,0,1,0,0,0,0,1,1,1,1,not_detected,miliary,1,1,pulmonary,smear_positive_ptb,0,completed
970,56,M,20.0,0,0,0,1,0,0,0,0,0,0,1,0,0,N/A,old_tb_scar,1,0,none,not_tb,0,not_applicable
971,47,M,17.5,0,0,0,1,0,0,0,0,0,0,1,0,0,N/A,normal,0,0,none,not_tb,0,not_applicable
972,34,M,23.1,0,0,0,0,1,0,0,0,0,0,1,0,0,N/A,infiltrate,1,0,none,not_tb,0,not_applicable
973,27,M,24.3,0,0,0,0,0,0,0,0,1,0,0,0,0,N/A,other_pathology,1,0,none,not_tb,0,not_applicable
974,52,F,23.7,0,1,2,0,0,0,0,0,0,0,1,0,0,N/A,normal,0,0,none,not_tb,0,not_applicable
975,53,M,22.1,0,0,0,0,0,0,0,0,0,0,0,0,0,N/A,old_tb_scar,1,0,none,not_tb,0,not_applicable
976,39,F,15.9,0,1,2,0,0,0,0,1,0,1,1,0,1,not_detected,cavity,1,1,pulmonary,smear_negative_ptb,0,cured
977,39,M,23.1,1,0,0,0,0,1,0,0,0,0,1,0,0,N/A,normal,0,0,none,not_tb,0,not_applicable
978,48,M,22.8,0,0,0,0,0,1,0,0,0,0,1,0,0,N/A,normal,0,0,none,not_tb,0,not_applicable
979,33,M,17.4,0,0,0,0,0,0,0,0,0,1,0,0,0,N/A,other_pathology,1,0,none,not_tb,0,not_applicable
980,38,M,20.9,0,0,0,0,0,0,0,1,0,0,0,0,0,N/A,normal,0,0,none,not_tb,0,not_applicable
981,27,F,23.3,1,0,0,1,1,0,0,0,0,0,2,0,0,N/A,normal,0,0,none,not_tb,0,not_applicable
982,52,F,21.7,1,0,0,0,0,0,0,0,0,0,0,0,0,N/A,normal,0,0,none,not_tb,0,not_applicable
983,36,F,13.6,1,0,0,1,1,1,0,1,0,1,3,1,1,not_detected,infiltrate,1,1,pulmonary,smear_positive_ptb,0,cured
984,40,M,19.8,0,1,2,0,0,0,0,1,0,0,1,0,0,N/A,normal,0,0,none,not_tb,0,not_applicable
985,26,M,19.5,1,0,0,0,0,0,0,0,0,0,0,0,0,N/A,normal,0,0,none,not_tb,0,not_applicable
986,46,F,24.0,1,0,0,0,0,0,0,0,1,0,0,0,0,N/A,normal,0,0,none,not_tb,0,not_applicable
987,32,M,25.0,0,1,2,0,1,1,0,1,1,1,3,1,1,not_detected,infiltrate,1,1,pulmonary,smear_positive_ptb,0,cured
988,42,M,18.8,1,0,0,1,1,1,1,0,1,1,3,0,0,N/A,infiltrate,1,1,extrapulmonary,extrapulmonary_tb,0,cured
989,23,M,15.5,0,1,2,0,0,1,0,0,0,1,2,0,0,N/A,infiltrate,1,1,extrapulmonary,extrapulmonary_tb,0,died
990,34,F,18.1,0,1,4,0,0,0,0,1,1,1,1,1,1,not_detected,cavity,1,1,pulmonary,smear_positive_ptb,0,cured
991,20,F,22.0,0,0,0,0,0,0,0,0,0,0,0,0,0,N/A,other_pathology,1,0,none,not_tb,0,not_applicable
992,52,F,20.4,0,1,12,1,1,1,1,0,1,0,4,0,1,not_detected,miliary,1,1,pulmonary,smear_negative_ptb,0,completed
993,40,F,26.3,1,0,0,0,1,0,0,1,1,0,1,0,0,N/A,normal,0,0,none,not_tb,0,not_applicable
994,44,M,26.9,0,0,0,0,0,0,0,0,1,0,0,0,0,N/A,other_pathology,1,0,none,not_tb,0,not_applicable
995,30,F,23.9,0,0,0,0,0,0,0,0,0,1,0,0,0,N/A,infiltrate,1,0,none,not_tb,0,not_applicable
996,50,M,22.0,0,0,0,0,0,0,0,0,0,0,0,0,0,N/A,other_pathology,1,0,none,not_tb,0,not_applicable
997,30,F,27.2,0,0,0,0,0,0,0,0,0,0,0,0,0,N/A,normal,0,0,none,not_tb,0,not_applicable
998,24,M,20.8,0,1,3,0,0,0,0,0,0,0,1,0,0,N/A,other_pathology,1,0,none,not_tb,0,not_applicable
999,50,F,22.2,0,1,2,1,0,0,0,0,1,1,2,0,0,N/A,old_tb_scar,1,0,none,not_tb,0,not_applicable
1000,53,M,21.1,0,0,0,0,0,0,0,1,0,0,0,0,0,N/A,normal,0,0,none,not_tb,0,not_applicable
1001,64,M,14.5,1,0,0,0,0,1,0,0,0,0,1,0,0,N/A,old_tb_scar,1,0,none,not_tb,0,not_applicable
1002,21,M,26.5,0,0,0,0,0,0,0,1,1,0,0,0,0,N/A,normal,0,0,none,not_tb,0,not_applicable
1003,30,M,24.4,0,0,0,0,0,0,0,0,0,0,0,0,0,N/A,normal,0,0,none,not_tb,0,not_applicable
1004,37,M,13.7,0,0,0,0,0,0,0,0,0,0,0,0,0,N/A,infiltrate,1,0,none,not_tb,0,not_applicable
1005,15,F,21.0,1,0,0,0,0,1,1,0,0,1,1,1,1,not_detected,infiltrate,1,1,pulmonary,smear_positive_ptb,0,failed
1006,43,M,20.9,0,0,0,0,0,0,0,1,0,0,0,0,0,N/A,normal,0,0,none,not_tb,0,not_applicable
1007,36,F,25.5,0,0,0,0,0,0,0,0,0,1,0,0,0,N/A,infiltrate,1,0,none,not_tb,0,not_applicable
1008,41,M,22.3,0,0,0,1,0,0,0,0,1,0,1,0,0,N/A,old_tb_scar,1,0,none,not_tb,0,not_applicable
1009,33,F,17.2,0,0,0,0,0,0,0,0,0,0,0,0,0,N/A,old_tb_scar,1,0,none,not_tb,0,not_applicable
1010,35,M,22.1,0,0,0,0,0,0,0,1,0,0,0,0,0,N/A,old_tb_scar,1,0,none,not_tb,0,not_applicable
1011,53,F,18.9,0,0,0,0,1,0,0,0,0,0,1,0,0,N/A,old_tb_scar,1,0,none,not_tb,0,not_applicable
1012,45,F,17.7,0,0,0,1,0,0,0,0,1,0,1,0,0,N/A,normal,0,0,none,not_tb,0,not_applicable
1013,17,M,20.7,0,1,5,0,0,0,1,0,1,0,1,0,1,not_detected,normal,0,1,extrapulmonary,extrapulmonary_tb,0,completed
1014,39,F,23.4,0,0,0,0,0,0,0,0,0,0,0,0,0,N/A,old_tb_scar,1,0,none,not_tb,0,not_applicable
1015,46,M,27.2,0,0,0,0,0,0,0,0,0,0,0,1,0,N/A,other_pathology,1,0,none,not_tb,0,not_applicable
1016,37,M,20.6,0,0,0,0,0,0,1,0,0,0,0,0,0,N/A,normal,0,0,none,not_tb,0,not_applicable
1017,39,F,18.6,0,0,0,0,0,1,0,1,1,0,1,0,0,N/A,normal,0,0,none,not_tb,0,not_applicable
1018,34,F,20.1,1,1,3,0,0,0,0,0,1,1,1,0,1,not_detected,cavity,1,1,pulmonary,smear_negative_ptb,0,lost_to_followup
1019,46,M,19.1,0,0,0,0,0,0,0,0,0,0,0,0,0,N/A,infiltrate,1,0,none,not_tb,0,not_applicable
1020,37,M,20.9,0,0,0,0,0,0,0,0,0,0,0,0,0,N/A,normal,0,0,none,not_tb,0,not_applicable
1021,25,F,23.8,0,1,2,1,0,0,0,0,0,0,2,0,0,N/A,normal,0,0,none,not_tb,0,not_applicable
1022,57,F,18.2,0,1,6,0,0,0,0,1,1,1,1,1,1,not_detected,miliary,1,1,pulmonary,smear_positive_ptb,0,died
1023,53,F,20.3,0,0,0,0,0,0,0,1,0,0,0,0,0,N/A,normal,0,0,none,not_tb,0,not_applicable
1024,40,M,15.0,1,1,10,0,0,1,0,0,1,0,2,1,0,N/A,normal,0,1,extrapulmonary,extrapulmonary_tb,0,completed
1025,44,F,25.3,0,0,0,0,0,0,0,0,0,0,0,0,0,N/A,other_pathology,1,0,none,not_tb,0,not_applicable
1026,42,M,20.7,1,0,0,1,0,0,0,0,1,1,1,0,0,N/A,normal,0,0,none,not_tb,0,not_applicable
1027,43,F,24.2,0,0,0,0,0,0,0,0,0,0,0,0,0,N/A,old_tb_scar,1,0,none,not_tb,0,not_applicable
1028,22,M,23.7,0,0,0,1,0,1,0,0,0,0,2,0,0,N/A,normal,0,0,none,not_tb,0,not_applicable
1029,44,F,25.8,0,0,0,0,0,0,0,1,1,0,0,0,0,N/A,normal,0,0,none,not_tb,0,not_applicable
1030,37,M,21.2,0,1,2,0,0,0,0,0,0,0,1,0,0,N/A,old_tb_scar,1,0,none,not_tb,0,not_applicable
1031,40,M,20.8,1,0,0,0,0,0,0,0,0,0,0,0,0,N/A,old_tb_scar,1,0,none,not_tb,0,not_applicable
1032,30,F,15.7,0,1,10,0,0,1,0,1,1,1,2,0,1,not_detected,pleural_effusion,1,1,pulmonary,smear_negative_ptb,0,cured
1033,53,M,20.1,0,0,0,0,0,0,0,0,0,1,0,0,0,N/A,other_pathology,1,0,none,not_tb,0,not_applicable
1034,49,F,23.2,0,0,0,1,0,0,0,0,0,0,1,0,0,N/A,normal,0,0,none,not_tb,0,not_applicable
1035,67,M,16.5,0,1,6,0,1,1,0,0,1,1,3,1,1,not_detected,infiltrate,1,1,pulmonary,smear_positive_ptb,0,failed
1036,62,F,23.1,0,0,0,0,0,0,0,0,1,1,0,0,0,N/A,infiltrate,1,0,none,not_tb,0,not_applicable
1037,47,M,27.1,0,0,0,0,0,0,0,0,0,0,0,0,0,N/A,normal,0,0,none,not_tb,0,not_applicable
1038,53,M,17.4,0,0,0,1,0,1,1,0,1,0,2,1,1,detected,normal,0,1,pulmonary,smear_positive_ptb,1,cured
1039,22,M,17.4,0,0,0,1,0,0,0,0,0,0,1,0,0,N/A,normal,0,0,none,not_tb,0,not_applicable
1040,33,M,20.6,0,0,0,0,0,0,0,0,0,0,0,0,0,N/A,normal,0,0,none,not_tb,0,not_applicable
1041,47,M,17.0,0,1,3,1,0,1,0,0,0,0,3,0,0,N/A,normal,0,0,none,not_tb,0,not_applicable
1042,38,F,26.7,0,0,0,0,0,0,0,1,0,0,0,0,0,N/A,normal,0,0,none,not_tb,0,not_applicable
1043,34,F,18.7,1,1,6,0,1,0,0,0,0,1,2,1,1,not_detected,infiltrate,1,1,pulmonary,smear_positive_ptb,0,completed
1044,47,F,19.5,0,0,0,0,0,0,0,0,1,0,0,0,0,N/A,normal,0,0,none,not_tb,0,not_applicable
1045,27,M,20.0,0,0,0,0,0,0,0,0,0,0,0,0,0,N/A,infiltrate,1,0,none,not_tb,0,not_applicable
1046,30,M,17.9,0,0,0,0,0,0,0,0,0,0,0,0,0,N/A,normal,0,0,none,not_tb,0,not_applicable
1047,21,M,25.5,0,0,0,1,0,0,0,1,0,0,1,0,0,N/A,normal,0,0,none,not_tb,0,not_applicable
1048,20,F,23.1,1,0,0,0,1,1,0,1,1,0,2,0,1,not_detected,normal,0,1,pulmonary,smear_negative_ptb,0,completed
1049,44,F,14.8,1,0,0,0,0,0,0,1,1,0,0,0,1,not_detected,normal,0,1,extrapulmonary,extrapulmonary_tb,0,cured
1050,53,M,21.1,1,1,3,1,1,1,0,1,1,0,4,0,1,not_detected,pleural_effusion,1,1,pulmonary,smear_negative_ptb,0,cured
1051,33,F,17.9,1,1,7,1,1,0,0,0,1,0,3,1,1,not_detected,infiltrate,1,1,pulmonary,smear_positive_ptb,0,completed
1052,66,M,26.4,0,0,0,0,0,0,0,0,0,0,0,0,0,N/A,normal,0,0,none,not_tb,0,not_applicable
1053,26,M,15.6,0,0,0,0,0,0,0,0,0,0,0,0,0,N/A,old_tb_scar,1,0,none,not_tb,0,not_applicable
1054,45,M,19.1,0,0,0,0,1,0,0,1,1,0,1,0,1,not_detected,miliary,1,1,pulmonary,smear_negative_ptb,0,died
1055,37,M,20.6,0,0,0,0,0,0,0,1,0,0,0,0,0,N/A,normal,0,0,none,not_tb,0,not_applicable
1056,42,F,24.3,1,0,0,0,0,1,0,0,1,0,1,0,0,N/A,normal,0,0,none,not_tb,0,not_applicable
1057,27,F,18.7,1,1,10,1,0,1,0,0,1,0,3,0,0,N/A,pleural_effusion,1,1,extrapulmonary,extrapulmonary_tb,0,cured
1058,58,M,22.1,0,0,0,0,0,0,0,1,0,0,0,0,0,N/A,old_tb_scar,1,0,none,not_tb,0,not_applicable
1059,55,M,18.2,1,1,3,1,1,1,0,1,1,0,4,0,0,N/A,normal,0,1,extrapulmonary,extrapulmonary_tb,0,completed
1060,28,F,27.5,0,0,0,1,0,0,0,0,0,0,1,0,0,N/A,old_tb_scar,1,0,none,not_tb,0,not_applicable
1061,47,F,21.4,0,0,0,0,0,0,0,0,0,0,0,0,0,N/A,normal,0,0,none,not_tb,0,not_applicable
1062,38,F,20.7,1,1,4,1,1,0,0,0,1,1,3,0,1,not_detected,infiltrate,1,1,pulmonary,smear_negative_ptb,0,died
1063,68,M,24.2,0,0,0,0,0,0,0,1,1,0,0,0,0,N/A,normal,0,0,none,not_tb,0,not_applicable
1064,39,F,20.7,1,1,7,0,1,0,0,1,1,1,2,1,1,not_detected,normal,0,1,pulmonary,smear_positive_ptb,0,cured
1065,46,M,18.4,0,0,0,0,0,1,0,0,1,0,1,0,0,N/A,other_pathology,1,0,none,not_tb,0,not_applicable
1066,24,F,20.3,0,0,0,1,1,0,0,0,0,1,2,0,1,not_detected,infiltrate,1,1,pulmonary,smear_negative_ptb,0,cured
1067,35,M,19.3,0,0,0,0,0,0,0,0,0,0,0,1,1,not_detected,infiltrate,1,1,pulmonary,smear_positive_ptb,0,lost_to_followup
1068,48,F,15.5,0,1,3,1,1,0,0,0,1,0,3,1,1,not_detected,pleural_effusion,1,1,pulmonary,smear_positive_ptb,0,cured
1069,35,M,21.3,0,0,0,0,0,0,0,0,0,0,0,0,0,N/A,normal,0,0,none,not_tb,0,not_applicable
1070,44,M,30.0,0,0,0,0,0,0,0,0,0,0,0,0,0,N/A,normal,0,0,none,not_tb,0,not_applicable
1071,20,F,17.5,1,0,0,0,1,1,0,0,1,1,2,0,1,not_detected,infiltrate,1,1,pulmonary,smear_negative_ptb,0,completed
1072,26,F,20.7,0,0,0,0,0,0,0,0,0,0,0,0,0,N/A,normal,0,0,none,not_tb,0,not_applicable
1073,16,M,23.6,0,0,0,0,0,0,0,0,0,1,0,0,0,N/A,normal,0,0,none,not_tb,0,not_applicable
1074,37,F,17.1,0,1,3,0,0,0,0,0,1,0,1,0,0,N/A,miliary,1,1,pulmonary,smear_negative_ptb,0,completed
1075,68,F,18.9,0,1,5,1,1,1,0,0,1,0,4,1,1,not_detected,pleural_effusion,1,1,pulmonary,smear_positive_ptb,0,completed
1076,31,M,17.4,1,0,0,1,1,1,0,0,0,1,3,1,1,detected,cavity,1,1,pulmonary,smear_positive_ptb,1,cured
1077,43,M,19.5,0,1,11,1,0,1,1,0,0,1,3,0,1,not_detected,normal,0,1,extrapulmonary,extrapulmonary_tb,0,cured
1078,18,M,21.8,0,0,0,0,0,0,0,0,0,0,0,0,0,N/A,old_tb_scar,1,0,none,not_tb,0,not_applicable
1079,29,F,28.8,0,0,0,0,0,0,0,0,0,0,0,0,0,N/A,other_pathology,1,0,none,not_tb,0,not_applicable
1080,30,M,22.2,0,0,0,0,0,0,0,0,0,0,0,0,0,N/A,normal,0,0,none,not_tb,0,not_applicable
1081,22,M,21.2,0,0,0,1,0,0,0,0,0,0,1,0,0,N/A,normal,0,0,none,not_tb,0,not_applicable
1082,35,F,21.1,1,1,8,1,1,1,0,1,0,0,4,1,1,not_detected,infiltrate,1,1,pulmonary,smear_positive_ptb,0,cured
1083,59,F,17.1,0,0,0,0,0,0,0,0,1,0,0,0,0,N/A,old_tb_scar,1,0,none,not_tb,0,not_applicable
1084,48,F,27.9,0,0,0,0,0,0,0,0,0,0,0,0,0,N/A,old_tb_scar,1,0,none,not_tb,0,not_applicable
1085,15,F,18.5,0,1,4,1,0,0,0,0,0,0,2,0,0,N/A,normal,0,0,none,not_tb,0,not_applicable
1086,43,F,26.2,0,0,0,0,0,0,0,0,0,0,0,0,0,N/A,normal,0,0,none,not_tb,0,not_applicable
1087,37,F,27.1,0,0,0,0,0,0,0,0,0,0,0,0,0,N/A,normal,0,0,none,not_tb,0,not_applicable
1088,26,F,20.2,0,1,2,1,0,0,0,1,0,1,2,0,0,N/A,infiltrate,1,0,none,not_tb,0,not_applicable
1089,41,M,20.5,0,0,0,0,0,0,0,0,0,0,0,0,0,N/A,normal,0,0,none,not_tb,0,not_applicable
1090,27,M,21.6,0,0,0,0,0,0,0,0,0,0,0,0,0,N/A,normal,0,0,none,not_tb,0,not_applicable
1091,39,M,24.2,1,0,0,1,0,0,0,1,0,0,1,0,0,N/A,normal,0,0,none,not_tb,0,not_applicable
1092,31,F,18.5,0,0,0,0,0,1,0,0,0,0,1,0,0,N/A,other_pathology,1,0,none,not_tb,0,not_applicable
1093,56,M,21.6,0,0,0,0,0,0,0,0,1,0,0,0,0,N/A,normal,0,0,none,not_tb,0,not_applicable
1094,51,M,17.7,1,0,0,0,0,1,0,0,1,1,1,1,1,not_detected,infiltrate,1,1,pulmonary,smear_positive_ptb,0,cured
1095,39,F,15.6,0,1,7,1,1,0,0,1,1,0,3,0,1,not_detected,normal,0,1,extrapulmonary,extrapulmonary_tb,0,died
1096,39,M,18.3,1,0,0,0,0,0,0,0,1,0,0,0,0,N/A,old_tb_scar,1,0,none,not_tb,0,not_applicable
1097,20,M,22.4,0,1,2,1,0,0,0,0,0,1,2,0,0,N/A,normal,0,0,none,not_tb,0,not_applicable
1098,31,F,22.4,1,0,0,0,0,1,0,0,0,0,1,0,0,N/A,normal,0,0,none,not_tb,0,not_applicable
1099,24,F,19.3,0,0,0,0,0,0,0,0,0,0,0,0,0,N/A,normal,0,0,none,not_tb,0,not_applicable
1100,37,M,18.7,0,1,4,1,1,0,0,0,1,0,3,1,1,not_detected,miliary,1,1,pulmonary,smear_positive_ptb,0,completed
1101,49,M,16.9,1,0,0,1,0,0,0,1,1,1,1,0,1,not_detected,pleural_effusion,1,1,pulmonary,smear_negative_ptb,0,completed
1102,31,M,21.8,0,1,5,0,0,0,0,0,1,1,1,1,1,not_detected,miliary,1,1,pulmonary,smear_positive_ptb,0,cured
1103,50,F,18.2,0,1,8,1,1,0,0,1,1,1,3,0,1,not_detected,infiltrate,1,1,pulmonary,smear_negative_ptb,0,failed
1104,45,F,25.8,0,0,0,1,0,0,0,1,0,0,1,0,0,N/A,normal,0,0,none,not_tb,0,not_applicable
1105,44,M,14.3,1,1,6,1,0,1,1,0,1,0,3,0,0,N/A,infiltrate,1,1,pulmonary,smear_negative_ptb,0,died
1106,25,F,23.1,0,0,0,0,0,0,0,0,0,0,0,0,0,N/A,other_pathology,1,0,none,not_tb,0,not_applicable
1107,22,M,24.1,0,0,0,0,0,0,0,0,0,0,0,0,0,N/A,normal,0,0,none,not_tb,0,not_applicable
1108,29,M,21.5,0,0,0,0,0,0,0,0,0,0,0,0,0,N/A,normal,0,0,none,not_tb,0,not_applicable
1109,32,F,17.2,1,1,5,1,0,0,0,1,1,1,2,0,1,not_detected,infiltrate,1,1,pulmonary,smear_negative_ptb,0,lost_to_followup
1110,43,M,18.1,0,1,4,1,1,0,0,0,0,0,3,1,1,not_detected,infiltrate,1,1,pulmonary,smear_positive_ptb,0,cured
1111,67,M,24.6,0,0,0,0,0,0,0,0,0,0,0,0,0,N/A,normal,0,0,none,not_tb,0,not_applicable
1112,37,M,15.5,1,1,4,1,1,1,0,1,1,1,4,0,0,N/A,infiltrate,1,1,pulmonary,smear_negative_ptb,0,cured
1113,50,F,24.5,0,0,0,1,0,0,0,0,0,0,1,0,0,N/A,normal,0,0,none,not_tb,0,not_applicable
1114,44,F,23.1,0,0,0,0,0,0,0,0,0,0,0,0,0,N/A,other_pathology,1,0,none,not_tb,0,not_applicable
1115,37,F,17.8,0,1,4,0,0,1,1,0,1,1,2,1,1,not_detected,infiltrate,1,1,pulmonary,smear_positive_ptb,0,cured
1116,60,M,18.0,1,1,6,0,0,1,0,1,1,1,2,0,1,not_detected,normal,0,1,extrapulmonary,extrapulmonary_tb,0,cured
1117,43,M,22.2,0,0,0,0,0,0,0,0,0,0,0,0,0,N/A,normal,0,0,none,not_tb,0,not_applicable
1118,27,F,27.8,0,0,0,0,0,0,0,0,1,0,0,0,0,N/A,old_tb_scar,1,0,none,not_tb,0,not_applicable
1119,50,M,23.2,0,0,0,0,1,1,0,0,0,0,2,0,0,N/A,normal,0,0,none,not_tb,0,not_applicable
1120,23,F,16.1,0,1,6,1,1,1,0,0,1,0,4,0,1,not_detected,miliary,1,1,pulmonary,smear_negative_ptb,0,cured
1121,24,F,20.5,0,0,0,1,0,0,0,1,0,0,1,0,0,N/A,normal,0,0,none,not_tb,0,not_applicable
1122,34,M,18.0,0,0,0,0,0,0,0,1,0,0,0,0,0,N/A,normal,0,0,none,not_tb,0,not_applicable
1123,29,F,13.8,1,0,0,1,1,0,1,0,1,0,2,0,1,not_detected,cavity,1,1,pulmonary,smear_negative_ptb,0,cured
1124,19,M,17.9,0,0,0,0,0,0,0,0,0,0,0,0,0,N/A,old_tb_scar,1,0,none,not_tb,0,not_applicable
1125,39,M,22.4,0,0,0,0,0,1,0,0,0,0,1,0,0,N/A,normal,0,0,none,not_tb,0,not_applicable
1126,51,M,26.5,0,0,0,0,0,0,0,0,0,0,0,0,0,N/A,other_pathology,1,0,none,not_tb,0,not_applicable
1127,36,M,21.0,1,0,0,0,0,0,0,0,1,0,0,1,1,not_detected,infiltrate,1,1,pulmonary,smear_positive_ptb,0,cured
1128,32,F,15.6,1,1,4,1,1,1,0,1,1,0,4,0,1,not_detected,normal,0,1,pulmonary,smear_negative_ptb,0,completed
1129,31,F,16.5,0,1,5,0,0,1,0,0,1,1,2,1,1,not_detected,infiltrate,1,1,pulmonary,smear_positive_ptb,0,cured
1130,23,F,18.7,1,1,2,0,0,0,0,0,0,0,1,0,0,N/A,infiltrate,1,0,none,not_tb,0,not_applicable
1131,31,F,12.0,1,0,0,1,1,1,0,0,1,1,3,0,1,detected,normal,0,1,pulmonary,smear_negative_ptb,1,cured
1132,48,M,18.1,1,1,4,1,1,1,0,1,1,0,4,0,1,not_detected,normal,0,1,extrapulmonary,extrapulmonary_tb,0,cured
1133,17,M,24.8,0,0,0,1,0,0,0,0,0,0,1,0,0,N/A,normal,0,0,none,not_tb,0,not_applicable
1134,47,F,21.1,0,0,0,0,0,0,0,0,0,1,0,0,0,N/A,old_tb_scar,1,0,none,not_tb,0,not_applicable
1135,23,F,17.6,0,0,0,0,0,0,0,1,0,0,0,0,0,N/A,normal,0,0,none,not_tb,0,not_applicable
1136,45,M,16.4,0,1,2,1,0,0,0,1,1,1,2,1,1,not_detected,infiltrate,1,1,pulmonary,smear_positive_ptb,0,cured
1137,25,M,20.8,0,0,0,0,0,0,0,0,0,0,0,0,0,N/A,normal,0,0,none,not_tb,0,not_applicable
1138,48,M,20.4,0,0,0,1,1,1,0,0,1,0,3,0,0,N/A,infiltrate,1,1,pulmonary,smear_negative_ptb,0,completed
1139,34,M,21.4,1,0,0,0,0,0,0,0,0,0,0,0,0,N/A,normal,0,0,none,not_tb,0,not_applicable
1140,55,F,24.2,0,0,0,0,0,0,0,0,0,0,0,0,0,N/A,normal,0,0,none,not_tb,0,not_applicable
1141,32,M,21.7,1,0,0,0,1,0,0,0,0,1,1,0,0,N/A,normal,0,0,none,not_tb,0,not_applicable
1142,57,F,22.8,0,0,0,0,0,0,0,0,0,0,0,0,0,N/A,normal,0,0,none,not_tb,0,not_applicable
1143,44,F,16.1,1,1,7,1,1,1,0,0,1,0,4,1,1,not_detected,infiltrate,1,1,pulmonary,smear_positive_ptb,0,cured
1144,53,F,19.6,1,0,0,0,0,0,0,0,1,0,0,1,0,N/A,normal,0,0,none,not_tb,0,not_applicable
1145,32,M,15.4,0,1,9,1,0,0,0,1,1,0,2,1,1,not_detected,pleural_effusion,1,1,extrapulmonary,extrapulmonary_tb,0,cured
1146,25,M,20.0,1,1,8,1,0,1,1,0,1,1,3,0,0,N/A,normal,0,1,extrapulmonary,extrapulmonary_tb,0,cured
1147,33,F,17.8,1,0,0,0,0,0,0,1,1,0,0,0,1,not_detected,infiltrate,1,1,pulmonary,smear_negative_ptb,0,died
1148,16,F,12.0,1,0,0,0,0,1,0,0,0,0,1,0,0,N/A,normal,0,0,none,not_tb,0,not_applicable
1149,46,M,19.7,0,0,0,1,0,1,0,1,0,1,2,1,1,not_detected,cavity,1,1,pulmonary,smear_positive_ptb,0,failed
1150,23,F,20.9,1,0,0,1,1,1,0,0,1,1,3,1,1,detected,normal,0,1,pulmonary,smear_positive_ptb,1,cured
1151,22,M,19.2,1,0,0,0,0,0,0,1,0,0,0,0,0,N/A,normal,0,0,none,not_tb,0,not_applicable
1152,73,F,23.7,0,0,0,0,0,0,0,0,1,0,0,0,0,N/A,other_pathology,1,0,none,not_tb,0,not_applicable
1153,49,M,18.0,0,0,0,1,0,1,0,1,1,0,2,0,1,not_detected,cavity,1,1,pulmonary,smear_negative_ptb,0,cured
1154,43,M,13.2,1,0,0,1,0,1,0,1,0,0,2,0,1,not_detected,infiltrate,1,1,pulmonary,smear_negative_ptb,0,cured
1155,25,M,23.4,1,1,5,0,1,0,0,0,1,0,2,0,1,not_detected,cavity,1,1,pulmonary,smear_negative_ptb,0,died
1156,42,M,18.0,0,1,2,0,1,1,0,0,1,1,3,0,1,not_detected,normal,0,1,extrapulmonary,extrapulmonary_tb,0,completed
1157,24,M,22.7,0,1,3,0,0,0,0,0,0,0,1,0,0,N/A,normal,0,0,none,not_tb,0,not_applicable
1158,22,M,19.8,1,0,0,1,0,0,1,1,0,0,1,0,0,N/A,normal,0,0,none,not_tb,0,not_applicable
1159,38,M,17.8,1,1,2,0,1,0,0,0,1,1,2,0,1,not_detected,infiltrate,1,1,pulmonary,smear_negative_ptb,0,cured
1160,17,F,18.9,1,1,9,1,0,1,0,1,1,0,3,1,1,not_detected,infiltrate,1,1,pulmonary,smear_positive_ptb,0,cured
1161,62,M,18.4,0,0,0,0,0,0,0,1,0,0,0,0,0,N/A,other_pathology,1,0,none,not_tb,0,not_applicable
1162,45,F,22.7,1,1,6,0,1,1,0,1,0,0,3,1,1,not_detected,normal,0,1,pulmonary,smear_positive_ptb,0,completed
1163,75,F,20.6,0,0,0,1,1,1,1,1,1,1,3,1,1,not_detected,cavity,1,1,pulmonary,smear_positive_ptb,0,lost_to_followup
1164,43,M,19.8,0,1,10,1,0,1,0,0,1,1,3,1,1,not_detected,normal,0,1,pulmonary,smear_positive_ptb,0,cured
1165,51,M,21.5,0,0,0,0,0,0,0,0,1,0,0,0,0,N/A,normal,0,0,none,not_tb,0,not_applicable
1166,61,F,16.6,1,1,10,1,0,0,0,0,0,0,2,1,1,not_detected,normal,0,1,pulmonary,smear_positive_ptb,0,died
1167,35,F,25.6,0,0,0,0,0,0,0,0,0,0,0,0,0,N/A,normal,0,0,none,not_tb,0,not_applicable
1168,54,M,24.1,0,0,0,0,0,0,0,0,0,0,0,0,0,N/A,infiltrate,1,0,none,not_tb,0,not_applicable
1169,22,F,20.6,0,0,0,0,0,0,0,0,0,0,0,0,1,not_detected,normal,0,0,none,not_tb,0,not_applicable
1170,68,M,15.8,1,0,0,0,0,0,0,0,1,1,0,0,0,N/A,infiltrate,1,1,extrapulmonary,extrapulmonary_tb,0,cured
1171,46,M,16.5,0,1,4,0,0,1,0,0,0,0,2,0,0,N/A,normal,0,0,none,not_tb,0,not_applicable
1172,49,F,18.6,0,1,4,1,0,0,0,0,1,1,2,0,1,not_detected,pleural_effusion,1,1,pulmonary,smear_negative_ptb,0,failed
1173,34,M,21.1,0,1,3,1,0,1,0,1,0,0,3,0,0,N/A,infiltrate,1,0,none,not_tb,0,not_applicable
1174,21,F,21.5,0,1,6,1,1,1,0,1,0,1,4,0,1,not_detected,infiltrate,1,1,pulmonary,smear_negative_ptb,0,cured
1175,45,M,25.5,0,0,0,0,0,0,0,0,0,0,0,0,0,N/A,normal,0,0,none,not_tb,0,not_applicable
1176,24,F,18.6,0,1,4,0,1,0,0,1,0,1,2,0,1,not_detected,normal,0,1,pulmonary,smear_negative_ptb,0,cured
1177,16,M,21.7,0,0,0,0,0,0,0,1,0,0,0,0,0,N/A,normal,0,0,none,not_tb,0,not_applicable
1178,33,M,15.6,0,0,0,1,0,1,0,0,1,1,2,0,1,not_detected,infiltrate,1,1,pulmonary,smear_negative_ptb,0,cured
1179,45,M,25.7,0,0,0,0,0,0,0,0,1,0,0,0,0,N/A,normal,0,0,none,not_tb,0,not_applicable
1180,47,M,21.8,0,0,0,0,0,0,0,0,0,0,0,0,0,N/A,normal,0,0,none,not_tb,0,not_applicable
1181,26,F,20.0,1,1,7,1,1,0,0,0,1,0,3,0,0,N/A,normal,0,1,pulmonary,smear_negative_ptb,0,completed
1182,44,M,26.1,0,0,0,0,0,0,0,0,0,0,0,0,0,N/A,normal,0,0,none,not_tb,0,not_applicable
1183,31,M,17.1,0,0,0,1,0,1,0,0,1,1,2,1,1,not_detected,infiltrate,1,1,pulmonary,smear_positive_ptb,0,cured
1184,62,M,16.4,1,0,0,0,1,1,0,1,1,0,2,0,1,not_detected,cavity,1,1,pulmonary,smear_negative_ptb,0,cured
1185,25,M,30.6,0,0,0,0,0,0,0,0,0,1,0,0,0,N/A,infiltrate,1,0,none,not_tb,0,not_applicable
1186,39,F,24.1,0,0,0,0,0,0,0,0,0,0,0,0,0,N/A,normal,0,0,none,not_tb,0,not_applicable
1187,45,M,21.0,0,0,0,0,0,0,0,0,0,0,0,0,0,N/A,other_pathology,1,0,none,not_tb,0,not_applicable
1188,36,F,21.6,1,0,0,1,0,1,0,0,0,0,2,1,1,not_detected,pleural_effusion,1,1,pulmonary,smear_positive_ptb,0,completed
1189,35,M,20.9,0,0,0,0,0,0,0,0,1,0,0,0,0,N/A,normal,0,0,none,not_tb,0,not_applicable
1190,51,F,23.1,0,0,0,0,0,0,0,1,0,0,0,0,0,N/A,infiltrate,1,0,none,not_tb,0,not_applicable
1191,59,M,20.0,1,0,0,0,0,0,0,0,1,0,0,0,0,N/A,normal,0,0,none,not_tb,0,not_applicable
1192,59,M,18.5,0,1,6,1,1,1,0,1,0,0,4,0,0,N/A,infiltrate,1,1,pulmonary,smear_negative_ptb,0,completed
1193,68,F,21.0,0,0,0,1,0,0,0,1,1,0,1,0,0,N/A,normal,0,0,none,not_tb,0,not_applicable
1194,38,F,19.4,0,1,4,1,0,0,0,0,1,0,2,0,0,N/A,other_pathology,1,0,none,not_tb,0,not_applicable
1195,40,F,22.9,0,0,0,0,0,0,0,1,0,0,0,0,0,N/A,normal,0,0,none,not_tb,0,not_applicable
1196,63,M,16.9,1,1,5,0,0,0,1,0,1,0,1,1,1,not_detected,infiltrate,1,1,pulmonary,smear_positive_ptb,0,lost_to_followup
1197,36,M,24.0,1,0,0,0,0,0,0,0,0,0,0,0,0,N/A,other_pathology,1,0,none,not_tb,0,not_applicable
1198,46,F,20.9,1,0,0,0,0,0,0,0,0,0,0,0,0,N/A,normal,0,0,none,not_tb,0,not_applicable
1199,30,M,16.0,1,0,0,0,0,0,0,0,0,0,0,0,0,N/A,normal,0,0,none,not_tb,0,not_applicable
1200,41,F,20.1,0,1,5,1,1,1,0,1,1,1,4,1,1,not_detected,normal,0,1,pulmonary,smear_positive_ptb,0,cured
1201,24,M,20.1,1,1,2,0,1,0,0,0,1,0,2,0,1,not_detected,infiltrate,1,1,pulmonary,smear_negative_ptb,0,died
1202,37,M,29.9,0,0,0,0,0,0,0,0,0,0,0,1,0,N/A,normal,0,0,none,not_tb,0,not_applicable
1203,64,F,18.5,1,0,0,0,1,1,0,1,1,1,2,0,1,not_detected,cavity,1,1,pulmonary,smear_negative_ptb,0,lost_to_followup
1204,33,F,22.6,1,0,0,0,0,0,0,1,0,0,0,0,1,not_detected,normal,0,0,none,not_tb,0,not_applicable
1205,50,M,19.7,1,0,0,1,1,1,0,1,0,0,3,1,1,not_detected,pleural_effusion,1,1,pulmonary,smear_positive_ptb,0,completed
1206,24,M,21.0,0,1,6,1,0,0,0,1,1,0,2,1,1,not_detected,cavity,1,1,pulmonary,smear_positive_ptb,0,cured
1207,29,F,25.4,0,0,0,0,0,0,0,1,0,1,0,0,0,N/A,normal,0,0,none,not_tb,0,not_applicable
1208,33,M,23.1,0,0,0,0,0,0,0,0,0,0,0,0,0,N/A,old_tb_scar,1,0,none,not_tb,0,not_applicable
1209,30,M,18.4,1,1,4,1,0,1,0,0,1,1,3,0,1,not_detected,miliary,1,1,pulmonary,smear_negative_ptb,0,failed
1210,15,M,24.9,0,0,0,0,1,0,0,0,0,0,1,0,0,N/A,normal,0,0,none,not_tb,0,not_applicable
1211,40,F,18.3,0,1,2,1,1,1,1,0,1,1,4,1,1,detected,normal,0,1,pulmonary,smear_positive_ptb,1,failed
1212,30,F,15.3,1,1,5,1,1,0,0,1,1,1,3,0,1,not_detected,miliary,1,1,pulmonary,smear_negative_ptb,0,cured
1213,67,M,14.7,1,0,0,1,1,1,0,1,1,1,3,0,1,not_detected,infiltrate,1,1,extrapulmonary,extrapulmonary_tb,0,failed
1214,44,M,21.0,1,0,0,0,0,0,0,0,1,0,0,0,0,N/A,normal,0,0,none,not_tb,0,not_applicable
1215,35,M,22.4,1,0,0,0,0,0,0,0,1,0,0,0,0,N/A,normal,0,0,none,not_tb,0,not_applicable
1216,30,M,24.7,0,0,0,0,0,1,0,1,1,1,1,1,1,not_detected,cavity,1,1,pulmonary,smear_positive_ptb,0,lost_to_followup
1217,28,M,21.6,0,0,0,0,0,0,0,1,0,0,0,0,0,N/A,normal,0,0,none,not_tb,0,not_applicable
1218,44,M,22.2,0,0,0,0,0,0,0,0,0,0,0,0,0,N/A,normal,0,0,none,not_tb,0,not_applicable
1219,18,F,20.6,0,0,0,0,0,0,0,0,0,0,0,0,0,N/A,other_pathology,1,0,none,not_tb,0,not_applicable
1220,44,M,20.0,0,0,0,0,1,0,0,0,0,0,1,1,1,not_detected,pleural_effusion,1,1,pulmonary,smear_positive_ptb,0,cured
1221,58,M,19.2,0,1,8,1,1,1,0,1,1,1,4,0,1,not_detected,infiltrate,1,1,extrapulmonary,extrapulmonary_tb,0,completed
1222,43,M,16.9,1,1,6,0,0,1,0,0,1,0,2,0,1,not_detected,miliary,1,1,pulmonary,smear_negative_ptb,0,died
1223,37,F,18.5,0,0,0,0,0,0,0,0,0,0,0,0,0,N/A,normal,0,0,none,not_tb,0,not_applicable
1224,53,F,20.6,1,1,2,0,0,0,0,0,0,0,1,0,0,N/A,normal,0,0,none,not_tb,0,not_applicable
1225,37,M,16.4,1,0,0,0,1,1,0,1,1,1,2,0,1,not_detected,normal,0,1,extrapulmonary,extrapulmonary_tb,0,cured
1226,27,F,17.9,1,0,0,0,0,1,0,0,0,1,1,0,1,not_detected,infiltrate,1,1,pulmonary,smear_negative_ptb,0,cured
1227,41,M,22.5,0,0,0,0,0,0,0,0,0,0,0,0,0,N/A,normal,0,0,none,not_tb,0,not_applicable
1228,18,M,17.2,0,1,5,0,1,1,0,0,1,0,3,0,1,not_detected,normal,0,1,extrapulmonary,extrapulmonary_tb,0,died
1229,42,F,27.1,0,0,0,0,0,0,0,1,0,0,0,0,1,not_detected,normal,0,0,none,not_tb,0,not_applicable
1230,60,M,21.4,1,1,2,1,0,1,0,0,0,0,3,0,0,N/A,normal,0,1,extrapulmonary,extrapulmonary_tb,0,completed
1231,45,M,17.9,0,1,3,1,1,1,0,0,0,1,4,1,1,not_detected,pleural_effusion,1,1,pulmonary,smear_positive_ptb,0,cured
1232,31,F,16.1,1,1,5,0,1,1,0,1,1,0,3,0,1,not_detected,cavity,1,1,pulmonary,smear_negative_ptb,0,cured
1233,54,M,21.9,0,0,0,0,1,0,0,0,0,0,1,0,0,N/A,normal,0,0,none,not_tb,0,not_applicable
1234,19,F,21.5,0,0,0,0,0,0,0,0,1,0,0,0,0,N/A,other_pathology,1,0,none,not_tb,0,not_applicable
1235,52,M,21.8,0,0,0,1,0,0,0,0,0,0,1,0,0,N/A,normal,0,0,none,not_tb,0,not_applicable
1236,21,M,20.6,0,0,0,0,0,0,0,0,0,0,0,0,0,N/A,normal,0,0,none,not_tb,0,not_applicable
1237,54,M,18.3,0,0,0,1,0,0,0,0,0,0,1,0,0,N/A,other_pathology,1,0,none,not_tb,0,not_applicable
1238,59,M,22.1,0,0,0,0,0,0,0,0,0,0,0,1,0,N/A,other_pathology,1,0,none,not_tb,0,not_applicable
1239,81,M,20.8,1,0,0,0,0,0,0,0,0,0,0,0,0,N/A,normal,0,0,none,not_tb,0,not_applicable
1240,18,M,17.8,0,1,4,1,0,0,1,0,0,1,2,0,0,N/A,cavity,1,1,pulmonary,smear_negative_ptb,0,cured
1241,45,F,18.7,1,1,9,1,1,0,0,0,1,1,3,0,0,N/A,infiltrate,1,1,pulmonary,smear_negative_ptb,0,cured
1242,31,M,18.3,0,1,4,1,0,0,0,0,0,1,2,1,1,not_detected,cavity,1,1,pulmonary,smear_positive_ptb,0,cured
1243,37,M,22.3,0,0,0,0,0,0,0,0,1,0,0,0,0,N/A,other_pathology,1,0,none,not_tb,0,not_applicable
1244,43,M,20.6,0,0,0,0,0,0,0,0,0,0,0,0,0,N/A,normal,0,0,none,not_tb,0,not_applicable
1245,41,M,23.3,0,0,0,0,0,0,0,0,0,0,0,0,0,N/A,normal,0,0,none,not_tb,0,not_applicable
1246,43,M,19.5,1,0,0,0,0,0,0,0,0,0,0,0,0,N/A,normal,0,0,none,not_tb,0,not_applicable
1247,71,F,18.2,0,0,0,0,0,0,0,1,0,0,0,0,0,N/A,normal,0,0,none,not_tb,0,not_applicable
1248,34,M,16.3,1,0,0,1,1,1,0,1,1,0,3,0,0,N/A,infiltrate,1,1,pulmonary,smear_negative_ptb,1,completed
1249,35,F,19.6,0,0,0,0,0,0,0,0,1,0,0,0,1,not_detected,other_pathology,1,0,none,not_tb,0,not_applicable
1250,57,F,15.3,0,1,9,0,1,0,0,1,0,0,2,0,0,N/A,miliary,1,1,pulmonary,smear_negative_ptb,0,lost_to_followup
1251,19,M,16.1,0,0,0,0,0,0,1,0,0,0,0,0,0,N/A,old_tb_scar,1,0,none,not_tb,0,not_applicable
1252,33,M,23.8,1,0,0,1,0,0,1,0,0,1,1,0,0,N/A,old_tb_scar,1,0,none,not_tb,0,not_applicable
1253,43,M,21.7,1,0,0,1,0,1,0,0,1,0,2,1,1,not_detected,normal,0,1,pulmonary,smear_positive_ptb,0,cured
1254,37,F,24.0,0,0,0,1,0,0,0,0,0,0,1,0,0,N/A,normal,0,0,none,not_tb,0,not_applicable
1255,28,M,17.3,1,1,5,0,1,1,0,1,1,1,3,0,1,not_detected,normal,0,1,extrapulmonary,extrapulmonary_tb,0,lost_to_followup
1256,58,F,14.2,0,1,4,0,1,1,0,1,1,1,3,1,1,not_detected,infiltrate,1,1,pulmonary,smear_positive_ptb,0,completed
1257,47,F,22.7,0,0,0,0,0,0,0,0,0,0,0,0,0,N/A,other_pathology,1,0,none,not_tb,0,not_applicable
1258,41,F,14.5,0,1,6,1,1,0,0,1,0,0,3,0,1,not_detected,cavity,1,1,pulmonary,smear_negative_ptb,0,cured
1259,39,M,18.3,1,0,0,1,0,1,0,0,1,1,2,1,1,not_detected,infiltrate,1,1,pulmonary,smear_positive_ptb,0,cured
1260,49,F,19.2,0,0,0,0,0,0,0,0,1,0,0,0,0,N/A,normal,0,0,none,not_tb,0,not_applicable
1261,55,M,14.0,0,0,0,0,0,0,0,0,1,0,0,0,0,N/A,old_tb_scar,1,0,none,not_tb,0,not_applicable
1262,46,M,22.2,0,0,0,0,1,0,0,0,1,0,1,0,1,not_detected,infiltrate,1,1,pulmonary,smear_negative_ptb,0,cured
1263,21,M,15.4,1,1,5,0,0,1,0,0,0,1,2,0,1,not_detected,cavity,1,1,pulmonary,smear_negative_ptb,0,died
1264,39,F,17.6,1,0,0,0,1,1,0,1,1,1,2,1,1,not_detected,infiltrate,1,1,pulmonary,smear_positive_ptb,0,cured
1265,46,M,18.2,1,0,0,0,1,1,0,0,0,1,2,0,1,not_detected,normal,0,1,extrapulmonary,extrapulmonary_tb,0,cured
1266,48,F,20.4,0,0,0,0,0,0,0,0,0,0,0,0,0,N/A,other_pathology,1,0,none,not_tb,0,not_applicable
1267,29,M,23.6,0,0,0,0,0,0,0,0,0,0,0,0,0,N/A,normal,0,0,none,not_tb,0,not_applicable
1268,39,F,19.4,1,0,0,1,0,0,0,1,1,0,1,0,0,N/A,old_tb_scar,1,0,none,not_tb,0,not_applicable
1269,23,M,19.5,1,1,3,1,1,0,0,1,1,1,3,0,1,not_detected,cavity,1,1,pulmonary,smear_negative_ptb,0,completed
1270,39,M,23.1,0,0,0,0,0,0,0,1,0,0,0,0,0,N/A,normal,0,0,none,not_tb,0,not_applicable
1271,29,F,17.2,1,1,2,0,0,0,0,0,0,0,1,0,0,N/A,normal,0,0,none,not_tb,0,not_applicable
1272,53,M,22.8,0,1,2,0,0,0,0,0,0,0,1,0,0,N/A,other_pathology,1,0,none,not_tb,0,not_applicable
1273,41,M,15.9,1,0,0,1,1,1,0,0,1,1,3,0,0,N/A,normal,0,1,extrapulmonary,extrapulmonary_tb,0,cured
1274,41,F,15.6,1,0,0,0,1,1,0,1,1,1,2,1,1,not_detected,cavity,1,1,pulmonary,smear_positive_ptb,0,lost_to_followup
1275,50,M,23.0,0,0,0,0,0,0,0,0,0,0,0,0,0,N/A,normal,0,0,none,not_tb,0,not_applicable
1276,44,M,17.5,1,1,6,1,0,1,1,1,1,1,3,0,0,N/A,normal,0,1,extrapulmonary,extrapulmonary_tb,0,failed
1277,36,M,19.4,1,1,9,1,1,0,1,0,1,0,3,1,1,not_detected,cavity,1,1,pulmonary,smear_positive_ptb,0,died
1278,35,M,23.3,0,1,3,0,0,0,0,0,0,0,1,0,0,N/A,normal,0,0,none,not_tb,0,not_applicable
1279,54,F,17.0,0,0,0,0,0,0,0,1,1,0,0,0,0,N/A,normal,0,0,none,not_tb,0,not_applicable
1280,27,F,20.4,1,0,0,0,0,1,0,0,1,0,1,0,1,not_detected,pleural_effusion,1,1,pulmonary,smear_negative_ptb,0,lost_to_followup
1281,48,M,23.0,0,0,0,0,0,0,0,0,1,0,0,0,0,N/A,other_pathology,1,0,none,not_tb,0,not_applicable
1282,15,M,19.9,0,0,0,0,0,0,0,1,1,0,0,0,0,N/A,infiltrate,1,0,none,not_tb,0,not_applicable
1283,46,M,18.2,1,1,3,0,0,0,0,1,0,1,1,0,1,not_detected,normal,0,1,extrapulmonary,extrapulmonary_tb,0,completed
1284,34,F,24.7,0,0,0,1,0,0,0,0,0,0,1,0,0,N/A,normal,0,0,none,not_tb,0,not_applicable
1285,42,F,17.7,1,0,0,0,0,1,0,1,0,0,1,1,0,N/A,normal,0,1,extrapulmonary,extrapulmonary_tb,0,completed
1286,37,F,29.4,0,0,0,0,0,0,0,1,0,0,0,0,0,N/A,normal,0,0,none,not_tb,0,not_applicable
1287,27,M,27.2,0,0,0,0,0,0,0,0,0,0,0,0,0,N/A,normal,0,0,none,not_tb,0,not_applicable
1288,62,M,18.8,0,1,6,0,1,0,0,0,0,0,2,0,1,not_detected,cavity,1,1,pulmonary,smear_negative_ptb,0,lost_to_followup
1289,51,M,21.2,0,1,2,0,0,0,0,1,0,0,1,0,0,N/A,normal,0,0,none,not_tb,0,not_applicable
1290,32,M,21.4,0,0,0,0,0,0,0,0,0,0,0,0,0,N/A,other_pathology,1,0,none,not_tb,0,not_applicable
1291,24,M,19.9,0,0,0,0,0,0,0,0,0,0,0,0,0,N/A,old_tb_scar,1,0,none,not_tb,0,not_applicable
1292,61,F,18.8,1,1,3,1,1,1,0,0,0,0,4,1,1,not_detected,cavity,1,1,pulmonary,smear_positive_ptb,0,completed
1293,50,M,20.2,0,1,7,1,0,1,0,1,1,1,3,1,1,not_detected,pleural_effusion,1,1,pulmonary,smear_positive_ptb,0,completed
1294,31,M,17.3,0,0,0,0,0,0,0,0,0,1,0,0,0,N/A,normal,0,0,none,not_tb,0,not_applicable
1295,28,M,24.2,0,0,0,0,0,0,0,0,0,0,0,0,0,N/A,normal,0,0,none,not_tb,0,not_applicable
1296,25,M,25.3,0,0,0,0,0,0,0,0,0,0,0,0,0,N/A,normal,0,0,none,not_tb,0,not_applicable
1297,47,M,19.9,0,1,6,1,1,0,0,0,0,1,3,1,1,not_detected,infiltrate,1,1,pulmonary,smear_positive_ptb,0,cured
1298,30,M,21.5,0,0,0,0,0,0,0,1,0,0,0,0,0,N/A,normal,0,0,none,not_tb,0,not_applicable
1299,63,F,23.9,0,0,0,0,1,0,0,0,0,0,1,0,0,N/A,normal,0,0,none,not_tb,0,not_applicable
1300,41,M,21.7,0,1,2,0,0,0,0,1,1,1,1,0,1,not_detected,infiltrate,1,1,extrapulmonary,extrapulmonary_tb,0,completed
1301,17,M,21.8,0,1,2,0,0,0,0,1,0,0,1,0,0,N/A,other_pathology,1,0,none,not_tb,0,not_applicable
1302,26,M,22.1,0,0,0,1,0,0,0,0,1,0,1,0,0,N/A,other_pathology,1,0,none,not_tb,0,not_applicable
1303,40,F,29.5,0,0,0,0,0,0,0,0,1,0,0,0,0,N/A,normal,0,0,none,not_tb,0,not_applicable
1304,23,M,23.1,0,0,0,0,0,0,0,0,0,0,0,0,0,N/A,normal,0,0,none,not_tb,0,not_applicable
1305,25,F,16.0,0,1,10,0,1,1,0,1,1,0,3,0,0,N/A,pleural_effusion,1,1,pulmonary,smear_negative_ptb,0,cured
1306,55,F,25.1,0,0,0,0,0,0,0,0,0,0,0,0,0,N/A,normal,0,0,none,not_tb,0,not_applicable
1307,57,F,23.4,0,0,0,0,0,0,0,0,0,0,0,0,0,N/A,normal,0,0,none,not_tb,0,not_applicable
1308,18,F,19.7,1,0,0,0,0,0,0,0,0,1,0,0,0,N/A,normal,0,0,none,not_tb,0,not_applicable
1309,35,M,15.7,1,1,3,0,0,1,0,0,1,0,2,0,0,N/A,pleural_effusion,1,1,pulmonary,smear_negative_ptb,0,cured
1310,49,F,22.8,0,0,0,0,0,0,0,0,0,0,0,0,0,N/A,old_tb_scar,1,0,none,not_tb,0,not_applicable
1311,62,M,21.8,0,1,3,0,0,0,0,0,0,0,1,0,0,N/A,normal,0,0,none,not_tb,0,not_applicable
1312,30,F,17.6,0,0,0,0,0,0,0,0,1,0,0,0,0,N/A,old_tb_scar,1,0,none,not_tb,0,not_applicable
1313,63,M,18.3,1,0,0,1,1,1,0,1,0,1,3,0,1,not_detected,infiltrate,1,1,pulmonary,smear_negative_ptb,0,died
1314,21,M,21.5,1,0,0,0,0,0,0,0,0,0,0,0,0,N/A,normal,0,0,none,not_tb,0,not_applicable
1315,20,M,21.8,1,0,0,0,0,0,0,0,0,0,0,0,0,N/A,normal,0,0,none,not_tb,0,not_applicable
1316,18,F,23.7,0,0,0,0,0,0,0,0,0,0,0,0,0,N/A,other_pathology,1,0,none,not_tb,0,not_applicable
1317,29,M,14.1,1,1,4,0,0,0,0,0,1,0,1,0,1,not_detected,normal,0,1,extrapulmonary,extrapulmonary_tb,0,cured
1318,60,M,18.1,0,1,4,0,0,0,0,0,1,0,1,0,0,N/A,normal,0,0,none,not_tb,0,not_applicable
1319,18,F,20.3,0,0,0,0,0,0,0,0,1,0,0,0,0,N/A,normal,0,0,none,not_tb,0,not_applicable
1320,49,F,26.6,0,0,0,0,0,0,0,0,0,0,0,0,0,N/A,normal,0,0,none,not_tb,0,not_applicable
1321,35,M,30.3,0,0,0,1,0,0,0,0,0,0,1,0,0,N/A,normal,0,0,none,not_tb,0,not_applicable
1322,25,M,22.0,0,0,0,0,0,0,0,1,1,0,0,0,0,N/A,normal,0,0,none,not_tb,0,not_applicable
1323,48,M,18.6,0,0,0,1,1,1,0,1,1,1,3,1,1,not_detected,cavity,1,1,pulmonary,smear_positive_ptb,0,cured
1324,56,F,12.4,1,1,13,1,0,1,0,0,0,0,3,0,0,N/A,normal,0,1,pulmonary,smear_negative_ptb,0,completed
1325,55,M,25.2,0,0,0,0,0,0,0,0,1,0,0,0,0,N/A,other_pathology,1,0,none,not_tb,0,not_applicable
1326,40,F,23.6,0,0,0,0,0,0,0,0,1,0,0,0,0,N/A,normal,0,0,none,not_tb,0,not_applicable
1327,43,M,23.0,1,0,0,0,0,0,0,0,0,0,0,0,0,N/A,normal,0,0,none,not_tb,0,not_applicable
1328,27,M,17.6,0,0,0,0,0,0,0,0,0,1,0,0,0,N/A,normal,0,0,none,not_tb,0,not_applicable
1329,47,M,28.9,0,0,0,1,0,0,0,0,1,0,1,0,0,N/A,old_tb_scar,1,0,none,not_tb,0,not_applicable
1330,36,M,27.3,0,0,0,0,0,1,0,0,1,1,1,0,0,N/A,normal,0,0,none,not_tb,0,not_applicable
1331,33,F,19.2,0,1,3,1,0,1,0,0,0,1,3,1,1,not_detected,cavity,1,1,pulmonary,smear_positive_ptb,0,failed
1332,51,M,25.5,0,0,0,0,0,0,0,0,0,0,0,0,0,N/A,normal,0,0,none,not_tb,0,not_applicable
1333,42,M,22.2,0,0,0,0,0,0,0,0,0,0,0,0,0,N/A,normal,0,0,none,not_tb,0,not_applicable
1334,26,F,24.9,1,1,3,1,0,0,0,1,0,0,2,0,0,N/A,normal,0,0,none,not_tb,0,not_applicable
1335,41,F,17.4,1,1,2,0,0,0,0,0,0,0,1,0,0,N/A,other_pathology,1,0,none,not_tb,0,not_applicable
1336,29,F,12.8,1,1,5,1,1,1,0,0,1,1,4,0,0,N/A,normal,0,1,extrapulmonary,extrapulmonary_tb,0,cured
1337,49,M,17.6,0,1,2,0,0,0,0,0,0,0,1,0,0,N/A,other_pathology,1,0,none,not_tb,0,not_applicable
1338,37,F,19.2,0,0,0,0,1,0,0,1,0,1,1,0,0,N/A,normal,0,0,none,not_tb,0,not_applicable
1339,41,F,16.9,1,1,8,1,0,1,0,1,1,1,3,0,1,not_detected,normal,0,1,pulmonary,smear_negative_ptb,0,completed
1340,38,M,23.6,0,1,2,0,0,0,0,0,0,0,1,0,1,not_detected,normal,0,0,none,not_tb,0,not_applicable
1341,40,M,17.9,1,1,5,1,1,0,0,0,0,1,3,0,1,not_detected,pleural_effusion,1,1,pulmonary,smear_negative_ptb,0,died
1342,21,F,21.9,1,0,0,0,0,0,0,0,0,1,0,0,0,N/A,normal,0,0,none,not_tb,0,not_applicable
1343,54,M,15.5,1,1,9,0,1,1,0,1,1,1,3,1,1,not_detected,cavity,1,1,pulmonary,smear_positive_ptb,0,completed
1344,51,M,17.6,0,0,0,0,0,0,0,0,0,0,0,0,1,not_detected,other_pathology,1,0,none,not_tb,0,not_applicable
1345,34,F,22.1,0,0,0,0,0,0,0,0,0,0,0,0,0,N/A,old_tb_scar,1,0,none,not_tb,0,not_applicable
1346,24,F,20.1,0,0,0,0,1,0,0,0,0,0,1,0,0,N/A,normal,0,0,none,not_tb,0,not_applicable
1347,32,M,22.0,1,0,0,0,0,0,0,0,0,0,0,0,0,N/A,normal,0,0,none,not_tb,0,not_applicable
1348,21,M,23.9,0,0,0,0,0,1,0,0,0,1,1,0,0,N/A,normal,0,0,none,not_tb,0,not_applicable
1349,72,M,22.6,0,1,2,1,1,1,0,1,1,0,4,1,1,not_detected,infiltrate,1,1,pulmonary,smear_positive_ptb,0,cured
1350,58,M,18.4,1,1,9,1,1,1,0,1,1,0,4,0,1,not_detected,infiltrate,1,1,pulmonary,smear_negative_ptb,0,completed
1351,55,F,28.3,0,1,2,1,0,0,0,0,0,0,2,0,0,N/A,normal,0,0,none,not_tb,0,not_applicable
1352,22,F,23.4,1,0,0,0,0,0,0,0,0,0,0,0,0,N/A,normal,0,0,none,not_tb,0,not_applicable
1353,36,M,24.4,1,0,0,0,0,0,0,0,1,0,0,0,0,N/A,normal,0,0,none,not_tb,0,not_applicable
1354,31,M,21.1,0,1,2,0,1,1,0,0,1,1,3,1,1,not_detected,infiltrate,1,1,pulmonary,smear_positive_ptb,0,cured
1355,59,F,20.3,1,0,0,1,1,1,0,0,1,1,3,0,0,N/A,cavity,1,1,pulmonary,smear_negative_ptb,0,died
1356,31,M,19.2,0,0,0,0,0,0,0,0,0,1,0,0,0,N/A,normal,0,0,none,not_tb,0,not_applicable
1357,53,M,25.8,0,1,5,0,0,0,0,0,1,0,1,0,0,N/A,normal,0,0,none,not_tb,0,not_applicable
1358,66,M,17.6,0,1,3,1,1,1,0,1,1,0,4,0,1,not_detected,normal,0,1,pulmonary,smear_negative_ptb,0,completed
1359,35,F,19.3,1,1,5,1,1,1,0,0,1,0,4,0,0,N/A,infiltrate,1,1,extrapulmonary,extrapulmonary_tb,0,completed
1360,27,M,18.8,0,0,0,0,0,0,0,0,1,1,0,0,1,not_detected,infiltrate,1,1,pulmonary,smear_negative_ptb,0,cured
1361,54,F,26.0,0,0,0,0,0,0,0,0,0,0,0,0,0,N/A,normal,0,0,none,not_tb,0,not_applicable
1362,47,M,23.4,0,0,0,0,0,0,0,0,0,0,0,0,0,N/A,normal,0,0,none,not_tb,0,not_applicable
1363,34,F,17.1,1,0,0,0,0,0,0,0,0,1,0,0,0,N/A,normal,0,0,none,not_tb,0,not_applicable
1364,49,M,29.3,0,0,0,1,0,0,0,0,0,0,1,0,0,N/A,other_pathology,1,0,none,not_tb,0,not_applicable
1365,54,M,24.9,0,0,0,0,0,0,0,0,0,0,0,0,0,N/A,old_tb_scar,1,0,none,not_tb,0,not_applicable
1366,29,M,17.1,1,0,0,0,0,0,0,1,1,1,0,0,0,N/A,normal,0,1,extrapulmonary,extrapulmonary_tb,0,failed
1367,29,M,18.0,0,0,0,1,1,0,0,0,0,0,2,0,0,N/A,normal,0,0,none,not_tb,0,not_applicable
1368,20,M,25.3,0,0,0,1,0,0,0,0,0,0,1,0,0,N/A,normal,0,0,none,not_tb,0,not_applicable
1369,36,M,18.4,0,0,0,0,0,0,0,1,0,1,0,0,0,N/A,normal,0,0,none,not_tb,0,not_applicable
1370,44,M,20.5,1,1,3,1,1,1,0,1,0,0,4,0,1,not_detected,normal,0,1,extrapulmonary,extrapulmonary_tb,0,cured
1371,47,M,25.7,0,0,0,0,0,0,0,0,1,0,0,0,0,N/A,old_tb_scar,1,0,none,not_tb,0,not_applicable
1372,72,F,19.7,1,0,0,0,0,0,0,1,0,1,0,0,0,N/A,old_tb_scar,1,0,none,not_tb,0,not_applicable
1373,51,M,16.7,0,1,5,0,1,0,0,0,0,1,2,0,1,not_detected,cavity,1,1,pulmonary,smear_negative_ptb,0,cured
1374,52,F,17.3,1,1,7,1,0,1,0,1,0,1,3,1,1,not_detected,cavity,1,1,pulmonary,smear_positive_ptb,0,cured
1375,41,F,18.5,1,0,0,0,0,1,0,0,0,0,1,0,0,N/A,infiltrate,1,0,none,not_tb,0,not_applicable
1376,58,M,22.8,0,0,0,0,1,0,0,0,0,0,1,0,0,N/A,normal,0,0,none,not_tb,0,not_applicable
1377,44,F,19.4,0,1,6,1,1,1,0,0,1,0,4,1,1,not_detected,normal,0,1,pulmonary,smear_positive_ptb,0,completed
1378,53,F,24.5,0,0,0,0,0,0,0,1,0,0,0,0,0,N/A,normal,0,0,none,not_tb,0,not_applicable
1379,32,F,19.1,1,0,0,0,0,0,0,0,0,0,0,0,0,N/A,normal,0,0,none,not_tb,0,not_applicable
1380,30,M,24.9,0,0,0,0,0,0,0,0,0,0,0,0,0,N/A,infiltrate,1,0,none,not_tb,0,not_applicable
1381,56,M,18.5,1,0,0,0,0,1,0,0,1,1,1,0,0,N/A,normal,0,0,none,not_tb,0,not_applicable
1382,26,M,20.6,0,1,8,1,0,1,0,0,1,1,3,1,1,not_detected,cavity,1,1,pulmonary,smear_positive_ptb,0,cured
1383,32,M,14.8,0,1,4,1,1,0,0,0,1,1,3,1,1,not_detected,normal,0,1,pulmonary,smear_positive_ptb,0,cured
1384,40,F,27.5,0,0,0,0,0,0,0,0,0,1,0,0,0,N/A,old_tb_scar,1,0,none,not_tb,0,not_applicable
1385,24,F,17.2,1,1,6,1,0,1,0,0,1,1,3,0,1,not_detected,infiltrate,1,1,pulmonary,smear_negative_ptb,0,cured
1386,48,M,24.1,1,0,0,0,0,1,0,0,0,0,1,0,0,N/A,normal,0,0,none,not_tb,0,not_applicable
1387,17,F,24.4,0,1,3,0,0,0,0,0,0,0,1,0,0,N/A,normal,0,0,none,not_tb,0,not_applicable
1388,40,M,17.6,1,0,0,0,0,0,0,0,1,0,0,0,0,N/A,normal,0,0,none,not_tb,0,not_applicable
1389,22,F,20.6,1,0,0,1,0,1,0,0,1,1,2,0,0,N/A,infiltrate,1,1,pulmonary,smear_negative_ptb,0,died
1390,41,M,20.1,0,0,0,0,0,0,0,0,0,0,0,0,0,N/A,other_pathology,1,0,none,not_tb,0,not_applicable
1391,29,F,20.9,0,0,0,0,0,0,0,1,0,0,0,0,0,N/A,normal,0,0,none,not_tb,0,not_applicable
1392,17,F,16.8,0,1,6,0,1,1,0,1,1,0,3,1,1,not_detected,infiltrate,1,1,pulmonary,smear_positive_ptb,0,died
1393,40,M,22.5,0,0,0,0,1,1,0,1,0,1,2,1,1,not_detected,infiltrate,1,1,pulmonary,smear_positive_ptb,0,cured
1394,24,M,17.9,0,0,0,0,0,1,0,0,0,0,1,0,0,N/A,normal,0,0,none,not_tb,0,not_applicable
1395,56,F,19.6,0,1,6,1,0,0,0,0,1,1,2,1,1,not_detected,pleural_effusion,1,1,pulmonary,smear_positive_ptb,0,lost_to_followup
1396,48,M,16.9,0,1,2,1,0,1,0,1,1,1,3,0,1,not_detected,normal,0,1,extrapulmonary,extrapulmonary_tb,0,cured
1397,29,M,25.8,0,0,0,0,0,0,0,0,0,0,0,0,0,N/A,other_pathology,1,0,none,not_tb,0,not_applicable
1398,34,F,30.1,1,0,0,0,0,0,0,0,0,0,0,0,0,N/A,old_tb_scar,1,0,none,not_tb,0,not_applicable
1399,35,M,16.9,0,1,7,0,0,1,0,0,0,1,2,1,1,not_detected,cavity,1,1,pulmonary,smear_positive_ptb,0,cured
1400,37,M,22.5,0,0,0,1,0,1,0,0,0,0,2,0,0,N/A,normal,0,0,none,not_tb,0,not_applicable
1401,51,M,20.7,0,0,0,0,1,0,0,0,0,0,1,0,0,N/A,normal,0,0,none,not_tb,0,not_applicable
1402,16,M,21.1,1,0,0,1,1,1,0,0,1,1,3,0,1,not_detected,normal,0,1,pulmonary,smear_negative_ptb,0,completed
1403,43,F,17.9,1,0,0,0,0,1,0,0,0,1,1,0,1,not_detected,cavity,1,1,pulmonary,smear_negative_ptb,0,cured
1404,45,M,20.8,0,1,4,1,1,1,1,0,1,1,4,0,1,not_detected,infiltrate,1,1,pulmonary,smear_negative_ptb,0,cured
1405,37,M,17.5,0,0,0,0,1,1,1,1,1,0,2,0,1,not_detected,normal,0,1,extrapulmonary,extrapulmonary_tb,0,cured
1406,25,M,29.9,0,0,0,0,0,0,0,0,0,1,0,0,0,N/A,normal,0,0,none,not_tb,0,not_applicable
1407,59,F,14.3,0,0,0,0,0,0,0,1,0,0,0,0,0,N/A,normal,0,0,none,not_tb,0,not_applicable
1408,37,M,23.3,0,0,0,1,0,0,0,0,0,0,1,0,0,N/A,normal,0,0,none,not_tb,0,not_applicable
1409,24,F,18.5,1,1,7,1,1,0,1,0,0,0,3,0,1,detected,cavity,1,1,pulmonary,smear_negative_ptb,1,completed
1410,24,F,21.8,1,0,0,0,0,0,0,0,1,0,0,0,0,N/A,normal,0,0,none,not_tb,0,not_applicable
1411,31,F,23.0,1,0,0,1,0,0,0,0,0,0,1,0,0,N/A,infiltrate,1,0,none,not_tb,0,not_applicable
1412,24,F,22.2,0,1,5,0,0,0,0,0,0,0,1,0,0,N/A,normal,0,0,none,not_tb,0,not_applicable
1413,26,F,22.8,0,0,0,0,0,0,0,1,0,0,0,0,0,N/A,normal,0,0,none,not_tb,0,not_applicable
1414,24,F,23.4,0,0,0,0,0,0,0,0,0,0,0,0,0,N/A,normal,0,0,none,not_tb,0,not_applicable
1415,44,M,28.1,0,0,0,0,0,0,0,0,0,0,0,0,0,N/A,infiltrate,1,0,none,not_tb,0,not_applicable
1416,61,F,12.3,0,0,0,0,0,0,0,0,0,0,0,0,0,N/A,normal,0,0,none,not_tb,0,not_applicable
1417,34,M,28.5,0,0,0,0,1,0,0,0,0,0,1,0,0,N/A,normal,0,0,none,not_tb,0,not_applicable
1418,22,M,31.0,0,0,0,0,0,0,0,0,0,0,0,0,0,N/A,normal,0,0,none,not_tb,0,not_applicable
1419,55,F,15.9,0,0,0,0,0,0,0,0,1,0,0,0,0,N/A,normal,0,0,none,not_tb,0,not_applicable
1420,50,F,22.2,0,0,0,0,0,0,0,0,0,0,0,0,1,not_detected,normal,0,0,none,not_tb,0,not_applicable
1421,50,F,21.9,1,1,5,1,0,0,0,1,1,0,2,1,1,not_detected,cavity,1,1,pulmonary,smear_positive_ptb,0,cured
1422,46,M,20.8,0,0,0,1,0,1,0,0,1,0,2,0,1,not_detected,normal,0,1,extrapulmonary,extrapulmonary_tb,0,completed
1423,40,M,27.9,1,0,0,0,0,0,0,0,0,0,0,0,0,N/A,normal,0,0,none,not_tb,0,not_applicable
1424,41,M,19.4,1,0,0,1,1,0,0,0,1,0,2,0,1,not_detected,infiltrate,1,1,extrapulmonary,extrapulmonary_tb,0,cured
1425,58,M,14.9,0,0,0,0,0,0,0,0,0,0,0,0,0,N/A,other_pathology,1,0,none,not_tb,0,not_applicable
1426,37,M,21.8,0,0,0,1,0,1,0,0,1,1,2,1,1,not_detected,infiltrate,1,1,pulmonary,smear_positive_ptb,0,cured
1427,41,M,24.2,1,0,0,0,1,0,0,0,0,0,1,0,0,N/A,normal,0,0,none,not_tb,0,not_applicable
1428,39,M,27.1,1,0,0,0,0,0,0,0,0,1,0,0,0,N/A,infiltrate,1,0,none,not_tb,0,not_applicable
1429,42,F,14.7,0,1,6,1,0,1,0,1,0,0,3,1,1,detected,infiltrate,1,1,pulmonary,smear_positive_ptb,0,cured
1430,50,M,17.7,1,1,4,0,0,0,0,0,0,0,1,0,0,N/A,other_pathology,1,0,none,not_tb,0,not_applicable
1431,35,F,22.1,1,0,0,0,0,0,0,0,0,0,0,0,0,N/A,normal,0,0,none,not_tb,0,not_applicable
1432,15,F,21.8,0,1,4,0,1,1,0,1,1,1,3,0,0,N/A,cavity,1,1,pulmonary,smear_negative_ptb,0,cured
1433,46,M,22.5,0,1,5,0,1,1,0,1,0,0,3,0,0,N/A,infiltrate,1,1,pulmonary,smear_negative_ptb,0,cured
1434,49,M,19.5,0,0,0,0,0,0,0,0,0,0,0,0,0,N/A,normal,0,0,none,not_tb,0,not_applicable
1435,23,M,20.6,0,0,0,1,0,0,0,0,0,0,1,0,0,N/A,normal,0,0,none,not_tb,0,not_applicable
1436,32,F,25.7,1,1,6,0,1,1,0,0,1,1,3,0,1,not_detected,cavity,1,1,pulmonary,smear_negative_ptb,0,died
1437,42,M,17.1,1,0,0,1,0,1,0,0,1,0,2,1,1,not_detected,miliary,1,1,pulmonary,smear_positive_ptb,0,lost_to_followup
1438,53,M,20.2,0,1,7,1,0,1,0,0,1,0,3,0,1,not_detected,cavity,1,1,pulmonary,smear_negative_ptb,0,cured
1439,62,F,20.4,0,1,3,0,0,0,0,0,1,0,1,0,0,N/A,normal,0,0,none,not_tb,0,not_applicable
1440,62,F,19.7,0,1,3,0,0,1,0,0,1,0,2,0,0,N/A,infiltrate,1,1,pulmonary,smear_negative_ptb,0,completed
1441,44,M,19.0,1,0,0,0,0,0,0,0,0,0,0,0,0,N/A,old_tb_scar,1,0,none,not_tb,0,not_applicable
1442,36,M,16.4,1,1,9,1,0,1,0,1,1,1,3,0,0,N/A,cavity,1,1,pulmonary,smear_negative_ptb,0,completed
1443,46,M,20.7,1,0,0,0,0,0,0,0,0,0,0,0,0,N/A,normal,0,0,none,not_tb,0,not_applicable
1444,66,M,20.1,0,0,0,0,0,0,0,0,0,0,0,0,0,N/A,normal,0,0,none,not_tb,0,not_applicable
1445,48,M,20.9,1,0,0,0,1,0,0,0,0,0,1,0,0,N/A,normal,0,0,none,not_tb,0,not_applicable
1446,43,M,19.8,0,1,6,0,1,0,0,1,0,1,2,0,0,N/A,normal,0,1,pulmonary,smear_negative_ptb,0,cured
1447,21,F,28.6,1,0,0,0,0,0,0,0,1,0,0,0,0,N/A,old_tb_scar,1,0,none,not_tb,0,not_applicable
1448,29,M,19.9,0,0,0,0,0,0,0,1,0,0,0,0,0,N/A,normal,0,0,none,not_tb,0,not_applicable
1449,21,F,18.5,0,0,0,0,0,0,0,0,1,0,0,0,0,N/A,old_tb_scar,1,0,none,not_tb,0,not_applicable
1450,37,M,18.5,0,1,7,1,1,1,0,0,0,1,4,0,1,not_detected,infiltrate,1,1,pulmonary,smear_negative_ptb,0,cured
1451,45,F,16.4,0,1,4,1,1,1,0,1,0,1,4,0,1,not_detected,normal,0,1,pulmonary,smear_negative_ptb,0,cured
1452,39,F,16.3,0,0,0,1,0,0,0,0,0,0,1,0,0,N/A,normal,0,0,none,not_tb,0,not_applicable
1453,29,F,21.2,1,1,6,1,1,0,0,0,1,0,3,0,1,detected,infiltrate,1,1,pulmonary,smear_negative_ptb,1,cured
1454,39,F,22.3,0,0,0,0,0,0,0,0,0,0,0,0,0,N/A,normal,0,0,none,not_tb,0,not_applicable
1455,59,M,22.6,1,0,0,0,0,0,0,0,0,0,0,0,0,N/A,normal,0,0,none,not_tb,0,not_applicable
1456,27,M,15.3,1,0,0,0,0,0,0,0,0,0,0,0,0,N/A,old_tb_scar,1,0,none,not_tb,0,not_applicable
1457,39,M,20.0,1,0,0,0,1,0,0,0,0,0,1,0,0,N/A,normal,0,0,none,not_tb,0,not_applicable
1458,39,M,17.0,0,0,0,0,0,0,0,1,0,0,0,0,0,N/A,normal,0,0,none,not_tb,0,not_applicable
1459,39,F,18.4,1,0,0,0,1,1,0,0,1,1,2,0,1,not_detected,pleural_effusion,1,1,extrapulmonary,extrapulmonary_tb,0,failed
1460,38,M,18.8,0,0,0,1,0,1,0,0,0,0,2,0,0,N/A,infiltrate,1,1,extrapulmonary,extrapulmonary_tb,0,died
1461,24,F,22.5,0,0,0,0,1,0,0,1,1,0,1,0,0,N/A,normal,0,0,none,not_tb,0,not_applicable
1462,26,M,19.7,0,0,0,0,0,0,0,0,0,0,0,0,0,N/A,normal,0,0,none,not_tb,0,not_applicable
1463,55,M,19.0,0,0,0,0,0,0,0,0,0,0,0,0,0,N/A,normal,0,0,none,not_tb,0,not_applicable
1464,38,M,18.0,0,1,3,0,1,1,1,0,0,1,3,1,1,not_detected,pleural_effusion,1,1,pulmonary,smear_positive_ptb,0,completed
1465,21,F,19.4,0,1,7,0,1,1,0,0,0,1,3,0,1,not_detected,pleural_effusion,1,1,pulmonary,smear_negative_ptb,0,cured
1466,27,F,20.0,0,0,0,0,0,1,0,0,0,0,1,0,0,N/A,normal,0,0,none,not_tb,0,not_applicable
1467,54,M,18.7,0,1,5,0,0,0,0,0,0,1,1,0,0,N/A,normal,0,0,none,not_tb,0,not_applicable
1468,53,M,18.9,0,0,0,0,0,0,1,0,0,0,0,0,0,N/A,normal,0,0,none,not_tb,0,not_applicable
1469,51,F,16.9,0,0,0,1,1,0,0,1,1,0,2,1,1,not_detected,cavity,1,1,pulmonary,smear_positive_ptb,0,completed
1470,50,M,20.4,0,0,0,0,0,0,0,0,0,0,0,0,0,N/A,old_tb_scar,1,0,none,not_tb,0,not_applicable
1471,22,F,18.2,1,0,0,1,0,0,0,1,0,0,1,0,0,N/A,normal,0,0,none,not_tb,0,not_applicable
1472,50,M,20.4,1,0,0,0,0,0,0,1,0,0,0,0,0,N/A,normal,0,0,none,not_tb,0,not_applicable
1473,19,M,21.6,1,1,6,0,0,1,0,0,1,0,2,1,1,not_detected,infiltrate,1,1,pulmonary,smear_positive_ptb,0,cured
1474,47,M,21.0,1,0,0,0,0,1,0,0,0,0,1,0,0,N/A,normal,0,0,none,not_tb,0,not_applicable
1475,33,M,15.4,1,1,4,1,1,0,0,0,1,0,3,0,1,not_detected,miliary,1,1,pulmonary,smear_negative_ptb,0,died
1476,36,M,14.1,1,0,0,1,0,0,0,0,0,0,1,0,0,N/A,normal,0,0,none,not_tb,0,not_applicable
1477,52,M,23.1,0,1,6,0,1,1,0,0,1,1,3,1,1,detected,infiltrate,1,1,pulmonary,smear_positive_ptb,1,failed
1478,33,F,26.0,0,1,2,0,0,0,0,0,0,0,1,0,0,N/A,normal,0,0,none,not_tb,0,not_applicable
1479,55,M,19.2,0,1,4,1,1,0,0,1,1,0,3,1,1,not_detected,infiltrate,1,1,pulmonary,smear_positive_ptb,0,cured
1480,29,M,26.1,0,0,0,0,0,0,0,0,0,0,0,0,0,N/A,old_tb_scar,1,0,none,not_tb,0,not_applicable
1481,78,M,23.8,0,0,0,1,0,0,0,0,0,0,1,0,0,N/A,normal,0,0,none,not_tb,0,not_applicable
1482,55,M,18.3,1,1,5,1,1,1,0,0,1,0,4,0,1,not_detected,infiltrate,1,1,pulmonary,smear_negative_ptb,0,failed
1483,41,F,17.7,0,0,0,0,0,1,0,0,0,0,1,0,0,N/A,normal,0,0,none,not_tb,0,not_applicable
1484,42,M,23.3,1,0,0,1,0,1,0,0,1,1,2,1,1,not_detected,infiltrate,1,1,pulmonary,smear_positive_ptb,0,lost_to_followup
1485,28,F,20.5,0,0,0,0,0,0,0,0,0,0,0,0,0,N/A,normal,0,0,none,not_tb,0,not_applicable
1486,26,M,20.7,0,1,5,0,0,0,0,0,0,0,1,0,0,N/A,infiltrate,1,0,none,not_tb,0,not_applicable
1487,38,F,22.1,0,0,0,0,0,0,0,0,0,0,0,0,0,N/A,normal,0,0,none,not_tb,0,not_applicable
1488,41,M,18.6,1,0,0,1,0,0,1,1,1,1,1,0,1,detected,normal,0,1,extrapulmonary,extrapulmonary_tb,1,failed
1489,49,F,24.0,0,0,0,0,0,0,0,0,0,0,0,0,0,N/A,normal,0,0,none,not_tb,0,not_applicable
1490,19,M,19.6,1,1,4,1,0,1,0,1,0,0,3,0,1,not_detected,normal,0,1,extrapulmonary,extrapulmonary_tb,0,completed
1491,28,M,17.1,1,1,4,0,1,1,0,1,1,1,3,0,1,not_detected,normal,0,1,extrapulmonary,extrapulmonary_tb,0,cured
1492,42,F,22.1,1,0,0,0,0,0,0,0,1,0,0,0,0,N/A,normal,0,0,none,not_tb,0,not_applicable
1493,49,F,23.9,1,0,0,0,0,0,0,0,0,0,0,0,0,N/A,normal,0,0,none,not_tb,0,not_applicable
1494,39,F,16.8,0,1,8,1,1,1,0,0,0,0,4,0,1,not_detected,normal,0,1,pulmonary,smear_negative_ptb,1,completed
1495,33,M,22.1,0,1,5,1,1,1,0,1,1,0,4,1,1,not_detected,cavity,1,1,pulmonary,smear_positive_ptb,0,cured
1496,34,F,21.9,1,0,0,1,0,0,0,0,0,0,1,0,0,N/A,normal,0,0,none,not_tb,0,not_applicable
1497,42,F,27.6,0,0,0,0,0,0,0,0,0,1,0,0,0,N/A,normal,0,0,none,not_tb,0,not_applicable
1498,53,F,17.1,0,0,0,0,0,0,0,0,0,0,0,0,0,N/A,normal,0,0,none,not_tb,0,not_applicable
1499,62,M,24.3,0,0,0,0,1,0,0,0,1,0,1,0,0,N/A,normal,0,0,none,not_tb,0,not_applicable
1500,42,F,18.9,0,0,0,0,0,0,0,0,0,0,0,0,0,N/A,old_tb_scar,1,0,none,not_tb,0,not_applicable
1501,39,F,19.8,0,0,0,1,0,0,0,0,0,0,1,0,0,N/A,other_pathology,1,0,none,not_tb,0,not_applicable
1502,63,F,25.2,0,0,0,0,0,0,0,0,0,0,0,0,0,N/A,old_tb_scar,1,0,none,not_tb,0,not_applicable
1503,40,M,21.2,0,1,2,0,0,0,0,0,0,0,1,0,0,N/A,other_pathology,1,0,none,not_tb,0,not_applicable
1504,36,M,31.1,0,0,0,0,0,0,0,0,0,0,0,0,0,N/A,old_tb_scar,1,0,none,not_tb,0,not_applicable
1505,50,F,19.8,0,1,10,0,1,1,0,1,1,1,3,1,1,detected,cavity,1,1,pulmonary,smear_positive_ptb,1,cured
1506,44,M,19.6,0,0,0,0,0,0,0,0,0,0,0,0,0,N/A,other_pathology,1,0,none,not_tb,0,not_applicable
1507,25,F,23.8,1,0,0,0,0,0,0,0,0,0,0,0,0,N/A,normal,0,0,none,not_tb,0,not_applicable
1508,42,M,21.2,0,0,0,0,0,0,0,1,0,0,0,0,0,N/A,old_tb_scar,1,0,none,not_tb,0,not_applicable
1509,35,M,24.9,0,1,2,0,0,0,0,0,0,0,1,0,0,N/A,normal,0,0,none,not_tb,0,not_applicable
1510,69,F,21.0,0,0,0,0,0,0,0,0,0,0,0,0,0,N/A,normal,0,0,none,not_tb,0,not_applicable
1511,24,M,23.4,0,0,0,0,0,0,0,0,0,0,0,0,0,N/A,normal,0,0,none,not_tb,0,not_applicable
1512,49,M,22.7,0,0,0,0,0,0,0,0,1,0,0,0,0,N/A,normal,0,0,none,not_tb,0,not_applicable
1513,35,F,18.7,1,0,0,1,1,0,1,1,0,1,2,0,1,not_detected,infiltrate,1,1,pulmonary,smear_negative_ptb,0,completed
1514,30,F,21.1,1,1,5,0,1,1,1,0,0,0,3,1,1,detected,normal,0,1,pulmonary,smear_positive_ptb,1,cured
1515,36,F,15.7,0,0,0,0,0,0,0,0,0,0,0,0,0,N/A,normal,0,0,none,not_tb,0,not_applicable
1516,35,M,22.3,0,0,0,0,0,0,0,0,0,0,0,0,0,N/A,infiltrate,1,0,none,not_tb,0,not_applicable
1517,26,M,19.5,0,0,0,0,0,0,0,0,0,0,0,0,0,N/A,old_tb_scar,1,0,none,not_tb,0,not_applicable
1518,25,F,15.1,1,1,4,1,0,1,0,0,0,0,3,0,1,not_detected,infiltrate,1,1,pulmonary,smear_negative_ptb,0,cured
1519,26,M,19.1,0,0,0,0,0,0,0,0,0,0,0,0,0,N/A,other_pathology,1,0,none,not_tb,0,not_applicable
1520,32,M,19.8,0,0,0,0,0,1,0,0,0,0,1,1,0,N/A,normal,0,0,none,not_tb,0,not_applicable
1521,51,M,21.2,1,0,0,0,0,0,0,0,1,0,0,0,0,N/A,normal,0,0,none,not_tb,0,not_applicable
1522,44,M,23.2,0,1,2,1,0,0,0,0,1,0,2,0,0,N/A,infiltrate,1,0,none,not_tb,0,not_applicable
1523,59,F,23.9,1,0,0,1,0,0,0,0,0,0,1,0,0,N/A,normal,0,0,none,not_tb,0,not_applicable
1524,49,F,20.6,0,0,0,0,0,0,0,0,0,0,0,0,0,N/A,normal,0,0,none,not_tb,0,not_applicable
1525,50,F,27.5,0,0,0,0,0,0,0,0,1,0,0,0,0,N/A,normal,0,0,none,not_tb,0,not_applicable
1526,27,M,17.6,1,0,0,1,1,1,0,0,1,1,3,0,1,not_detected,infiltrate,1,1,pulmonary,smear_negative_ptb,0,cured
1527,56,M,15.2,0,0,0,0,1,0,0,1,1,0,1,0,0,N/A,normal,0,0,none,not_tb,0,not_applicable
1528,22,M,20.8,0,0,0,0,0,0,0,0,0,1,0,0,1,not_detected,old_tb_scar,1,0,none,not_tb,0,not_applicable
1529,27,M,22.2,0,0,0,0,0,1,0,0,0,1,1,0,0,N/A,normal,0,0,none,not_tb,0,not_applicable
1530,24,M,12.0,0,0,0,0,0,0,0,0,0,0,0,0,0,N/A,old_tb_scar,1,0,none,not_tb,0,not_applicable
1531,33,M,21.5,1,1,4,1,1,1,1,1,0,0,4,0,0,N/A,infiltrate,1,1,pulmonary,smear_negative_ptb,0,cured
1532,21,M,21.7,1,0,0,1,0,0,0,1,1,0,1,0,0,N/A,normal,0,0,none,not_tb,0,not_applicable
1533,44,M,18.0,0,1,3,0,0,0,0,0,0,0,1,0,0,N/A,normal,0,0,none,not_tb,0,not_applicable
1534,25,F,16.1,1,1,8,1,1,1,0,0,1,1,4,0,1,not_detected,infiltrate,1,1,pulmonary,smear_negative_ptb,0,lost_to_followup
1535,41,M,20.4,1,0,0,1,0,1,1,0,0,0,2,0,1,not_detected,infiltrate,1,1,pulmonary,smear_negative_ptb,0,cured
1536,24,M,25.1,0,1,2,0,0,0,0,0,1,0,1,0,0,N/A,normal,0,0,none,not_tb,0,not_applicable
1537,54,F,16.9,1,0,0,1,0,0,0,0,1,1,1,1,1,not_detected,normal,0,1,extrapulmonary,extrapulmonary_tb,0,cured
1538,57,F,15.1,0,0,0,0,1,0,0,0,1,1,1,0,0,N/A,infiltrate,1,1,extrapulmonary,extrapulmonary_tb,0,cured
1539,52,F,18.8,0,1,5,1,1,1,0,1,0,1,4,0,0,N/A,normal,0,1,pulmonary,smear_negative_ptb,0,died
1540,36,M,23.1,0,0,0,0,0,0,0,0,0,0,0,0,0,N/A,old_tb_scar,1,0,none,not_tb,0,not_applicable
1541,33,F,19.9,1,1,9,1,0,1,0,0,1,0,3,0,1,not_detected,pleural_effusion,1,1,pulmonary,smear_negative_ptb,0,cured
1542,44,M,17.1,0,0,0,1,1,1,1,0,1,1,3,0,1,not_detected,infiltrate,1,1,pulmonary,smear_negative_ptb,0,cured
1543,21,M,18.2,0,1,4,1,1,1,0,1,1,1,4,1,1,detected,cavity,1,1,pulmonary,smear_positive_ptb,1,cured
1544,39,M,18.6,0,1,5,1,0,1,0,1,1,1,3,1,1,not_detected,infiltrate,1,1,pulmonary,smear_positive_ptb,0,cured
1545,58,M,20.9,0,1,2,0,0,0,0,0,1,0,1,1,1,not_detected,infiltrate,1,1,pulmonary,smear_positive_ptb,0,completed
1546,31,M,26.7,0,0,0,0,0,0,0,0,0,0,0,0,0,N/A,normal,0,0,none,not_tb,0,not_applicable
1547,22,M,27.6,0,0,0,0,0,1,0,0,0,0,1,0,0,N/A,normal,0,0,none,not_tb,0,not_applicable
1548,25,F,21.8,1,1,3,1,1,0,1,1,1,1,3,1,1,not_detected,cavity,1,1,pulmonary,smear_positive_ptb,0,cured
1549,60,M,28.3,0,0,0,0,0,0,0,0,1,0,0,0,0,N/A,normal,0,0,none,not_tb,0,not_applicable
1550,51,M,21.0,1,0,0,0,1,1,0,1,1,1,2,1,1,not_detected,infiltrate,1,1,pulmonary,smear_positive_ptb,0,cured
1551,57,M,19.9,0,0,0,0,0,0,0,1,0,0,0,0,0,N/A,normal,0,0,none,not_tb,0,not_applicable
1552,42,M,27.4,0,0,0,0,0,0,0,0,1,1,0,0,0,N/A,old_tb_scar,1,0,none,not_tb,0,not_applicable
1553,47,M,15.1,1,0,0,0,1,1,0,0,0,0,2,1,1,not_detected,infiltrate,1,1,pulmonary,smear_positive_ptb,0,cured
1554,32,M,24.4,0,0,0,1,1,0,1,0,0,1,2,0,0,N/A,normal,0,1,extrapulmonary,extrapulmonary_tb,0,cured
1555,15,M,18.6,0,0,0,0,0,0,0,0,0,0,0,0,0,N/A,normal,0,0,none,not_tb,0,not_applicable
1556,43,F,20.7,1,1,2,1,0,0,0,1,1,1,2,0,1,not_detected,infiltrate,1,1,pulmonary,smear_negative_ptb,0,completed
1557,28,F,22.1,0,0,0,0,0,1,0,1,1,1,1,1,1,not_detected,cavity,1,1,pulmonary,smear_positive_ptb,0,failed
1558,29,M,23.6,0,0,0,0,0,1,0,0,0,0,1,0,0,N/A,normal,0,0,none,not_tb,0,not_applicable
1559,83,F,14.8,0,1,2,0,0,0,0,0,0,0,1,0,0,N/A,other_pathology,1,0,none,not_tb,0,not_applicable
1560,25,F,16.1,0,1,5,1,1,0,0,0,1,1,3,1,1,not_detected,infiltrate,1,1,pulmonary,smear_positive_ptb,0,cured
1561,51,F,23.2,0,0,0,0,0,0,0,0,0,0,0,0,1,not_detected,normal,0,0,none,not_tb,0,not_applicable
1562,19,F,20.1,0,0,0,1,0,1,0,0,0,1,2,1,1,not_detected,infiltrate,1,1,pulmonary,smear_positive_ptb,0,lost_to_followup
1563,45,F,18.1,1,1,4,1,0,1,0,1,1,1,3,0,1,not_detected,cavity,1,1,pulmonary,smear_negative_ptb,0,died
1564,46,F,22.3,1,0,0,1,0,0,0,0,0,0,1,0,0,N/A,normal,0,0,none,not_tb,0,not_applicable
1565,29,F,16.9,0,0,0,0,1,0,0,0,0,0,1,0,0,N/A,normal,0,0,none,not_tb,0,not_applicable
1566,43,M,28.2,0,0,0,1,0,0,0,0,0,0,1,0,0,N/A,normal,0,0,none,not_tb,0,not_applicable
1567,47,M,20.7,0,0,0,0,0,0,0,0,0,0,0,0,0,N/A,old_tb_scar,1,0,none,not_tb,0,not_applicable
1568,39,M,24.8,0,0,0,0,0,0,0,0,1,0,0,0,0,N/A,normal,0,0,none,not_tb,0,not_applicable
1569,38,M,26.9,0,0,0,0,0,0,0,0,0,1,0,0,0,N/A,normal,0,0,none,not_tb,0,not_applicable
1570,49,M,18.0,0,0,0,1,0,0,1,0,0,0,1,0,0,N/A,normal,0,0,none,not_tb,0,not_applicable
1571,31,M,22.4,0,0,0,1,0,0,0,0,0,0,1,0,0,N/A,normal,0,0,none,not_tb,0,not_applicable
1572,53,M,23.0,0,0,0,0,0,0,0,0,0,0,0,0,0,N/A,normal,0,0,none,not_tb,0,not_applicable
1573,72,M,17.9,0,1,3,1,0,1,0,0,0,0,3,1,1,not_detected,infiltrate,1,1,pulmonary,smear_positive_ptb,0,completed
1574,18,F,25.2,0,0,0,0,0,0,0,0,1,1,0,0,0,N/A,normal,0,0,none,not_tb,0,not_applicable
1575,31,M,16.8,1,0,0,0,0,1,0,0,1,1,1,1,1,not_detected,pleural_effusion,1,1,pulmonary,smear_positive_ptb,0,cured
1576,55,M,22.2,0,0,0,0,0,0,0,1,0,0,0,0,0,N/A,normal,0,0,none,not_tb,0,not_applicable
1577,37,F,20.7,1,0,0,0,0,0,0,0,0,0,0,0,0,N/A,normal,0,0,none,not_tb,0,not_applicable
1578,41,F,30.1,0,1,2,0,0,0,0,0,0,0,1,0,0,N/A,normal,0,0,none,not_tb,0,not_applicable
1579,54,F,16.8,0,1,2,1,0,1,1,0,1,0,3,1,1,not_detected,pleural_effusion,1,1,pulmonary,smear_positive_ptb,0,cured
1580,33,F,24.6,0,0,0,0,1,0,0,0,1,0,1,0,0,N/A,normal,0,0,none,not_tb,0,not_applicable
1581,65,F,28.3,0,0,0,1,0,0,0,0,0,0,1,0,0,N/A,normal,0,0,none,not_tb,0,not_applicable
1582,33,M,18.8,0,0,0,0,0,0,0,1,0,0,0,0,0,N/A,normal,0,0,none,not_tb,0,not_applicable
1583,32,M,22.3,0,0,0,0,0,0,0,0,0,0,0,0,0,N/A,normal,0,0,none,not_tb,0,not_applicable
1584,47,M,16.0,0,1,4,1,1,0,0,0,1,0,3,0,1,not_detected,cavity,1,1,pulmonary,smear_negative_ptb,0,completed
1585,43,F,15.0,0,0,0,0,0,0,0,1,0,0,0,0,1,not_detected,normal,0,0,none,not_tb,0,not_applicable
1586,16,F,19.3,0,0,0,0,0,0,0,0,0,0,0,0,0,N/A,normal,0,0,none,not_tb,0,not_applicable
1587,44,M,17.1,1,1,5,1,1,1,0,1,0,0,4,0,0,N/A,normal,0,1,extrapulmonary,extrapulmonary_tb,0,completed
1588,35,M,20.2,1,0,0,0,1,0,0,0,0,0,1,0,0,N/A,normal,0,0,none,not_tb,0,not_applicable
1589,36,M,17.8,1,0,0,1,0,0,0,0,1,0,1,0,0,N/A,infiltrate,1,1,pulmonary,smear_negative_ptb,0,died
1590,42,M,22.0,0,0,0,0,0,0,0,1,0,0,0,0,0,N/A,other_pathology,1,0,none,not_tb,0,not_applicable
1591,59,M,17.8,0,0,0,0,0,0,0,0,0,0,0,0,0,N/A,normal,0,0,none,not_tb,0,not_applicable
1592,46,M,19.4,0,0,0,1,1,1,0,1,1,0,3,0,0,N/A,normal,0,1,extrapulmonary,extrapulmonary_tb,0,completed
1593,21,F,26.2,0,0,0,0,0,0,0,0,0,0,0,0,0,N/A,normal,0,0,none,not_tb,0,not_applicable
1594,24,M,26.7,0,0,0,0,1,0,0,0,0,1,1,0,0,N/A,normal,0,0,none,not_tb,0,not_applicable
1595,41,F,17.8,1,0,0,0,1,1,0,1,1,1,2,0,1,not_detected,normal,0,1,extrapulmonary,extrapulmonary_tb,0,died
1596,27,F,25.1,1,0,0,0,0,0,0,0,1,0,0,0,0,N/A,normal,0,0,none,not_tb,0,not_applicable
1597,38,M,19.6,0,0,0,0,0,0,0,0,0,0,0,0,0,N/A,normal,0,0,none,not_tb,0,not_applicable
1598,27,M,20.8,0,0,0,0,0,0,0,0,0,1,0,0,0,N/A,infiltrate,1,0,none,not_tb,0,not_applicable
1599,39,F,23.4,1,0,0,0,0,0,0,0,0,0,0,0,0,N/A,normal,0,0,none,not_tb,0,not_applicable
1600,27,M,20.8,0,0,0,0,0,0,0,0,0,0,0,0,0,N/A,normal,0,0,none,not_tb,0,not_applicable
1601,26,F,15.3,1,1,6,0,0,0,0,0,1,0,1,0,0,N/A,pleural_effusion,1,1,extrapulmonary,extrapulmonary_tb,0,died
1602,59,M,24.9,0,0,0,0,0,0,0,0,0,0,0,0,0,N/A,other_pathology,1,0,none,not_tb,0,not_applicable
1603,27,F,19.1,0,0,0,0,0,0,0,1,0,0,0,0,0,N/A,normal,0,0,none,not_tb,0,not_applicable
1604,23,F,17.2,1,0,0,1,1,0,0,0,1,0,2,1,1,not_detected,infiltrate,1,1,pulmonary,smear_positive_ptb,0,died
1605,43,M,25.7,1,0,0,0,0,0,0,0,0,0,0,0,0,N/A,normal,0,0,none,not_tb,0,not_applicable
1606,53,M,23.9,0,0,0,0,0,0,0,0,0,0,0,0,0,N/A,normal,0,0,none,not_tb,0,not_applicable
1607,28,F,22.6,0,0,0,0,0,0,0,0,0,0,0,0,0,N/A,old_tb_scar,1,0,none,not_tb,0,not_applicable
1608,38,M,14.8,1,1,2,1,1,1,1,1,1,0,4,0,1,not_detected,infiltrate,1,1,pulmonary,smear_negative_ptb,0,cured
1609,44,M,15.6,1,1,5,1,0,1,0,0,1,1,3,0,1,not_detected,normal,0,1,extrapulmonary,extrapulmonary_tb,0,lost_to_followup
1610,42,M,19.5,1,0,0,1,1,0,0,1,1,0,2,1,1,not_detected,infiltrate,1,1,pulmonary,smear_positive_ptb,0,died
1611,55,M,20.1,0,1,4,1,1,0,1,1,1,0,3,1,1,detected,pleural_effusion,1,1,pulmonary,smear_positive_ptb,1,completed
1612,50,F,22.9,0,0,0,0,0,0,0,0,1,0,0,0,0,N/A,old_tb_scar,1,0,none,not_tb,0,not_applicable
1613,26,F,17.3,0,0,0,0,1,1,0,1,1,0,2,0,1,not_detected,normal,0,1,pulmonary,smear_negative_ptb,0,lost_to_followup
1614,46,M,20.2,0,0,0,0,0,0,0,0,0,0,0,0,0,N/A,normal,0,0,none,not_tb,0,not_applicable
1615,35,F,19.0,1,1,4,1,1,1,0,0,1,1,4,1,1,not_detected,infiltrate,1,1,pulmonary,smear_positive_ptb,0,cured
1616,30,M,15.4,0,1,8,1,1,0,0,1,0,1,3,0,0,N/A,infiltrate,1,1,pulmonary,smear_negative_ptb,0,cured
1617,44,M,18.7,1,1,3,1,1,1,0,1,1,0,4,0,1,not_detected,pleural_effusion,1,1,pulmonary,smear_negative_ptb,0,cured
1618,30,M,17.1,1,0,0,0,0,0,0,0,0,0,0,0,0,N/A,normal,0,0,none,not_tb,0,not_applicable
1619,44,F,15.9,1,0,0,0,0,1,0,0,1,0,1,0,0,N/A,normal,0,1,extrapulmonary,extrapulmonary_tb,0,cured
1620,25,M,22.6,0,0,0,0,0,0,0,0,0,0,0,0,0,N/A,normal,0,0,none,not_tb,0,not_applicable
1621,32,M,20.0,0,1,2,0,1,1,0,0,0,0,3,1,1,not_detected,infiltrate,1,1,pulmonary,smear_positive_ptb,0,cured
1622,51,M,19.4,0,1,6,1,1,0,0,1,1,1,3,1,1,detected,infiltrate,1,1,pulmonary,smear_positive_ptb,1,completed
1623,46,F,18.1,0,0,0,0,0,0,0,0,1,1,0,0,0,N/A,normal,0,0,none,not_tb,0,not_applicable
1624,34,M,15.5,0,0,0,0,0,0,0,0,0,0,0,0,0,N/A,old_tb_scar,1,0,none,not_tb,0,not_applicable
1625,39,M,22.0,0,0,0,1,0,0,0,0,0,0,1,0,0,N/A,normal,0,0,none,not_tb,0,not_applicable
1626,22,F,13.8,1,1,3,1,1,0,0,1,1,0,3,0,1,detected,infiltrate,1,1,pulmonary,smear_negative_ptb,0,lost_to_followup
1627,60,M,25.3,0,0,0,0,0,0,0,1,0,0,0,0,0,N/A,normal,0,0,none,not_tb,0,not_applicable
1628,20,M,18.2,0,0,0,0,0,1,0,0,0,0,1,0,0,N/A,normal,0,0,none,not_tb,0,not_applicable
1629,54,M,24.1,0,1,4,0,1,1,0,0,0,0,3,0,1,detected,cavity,1,1,pulmonary,smear_negative_ptb,1,cured
1630,52,M,16.1,0,0,0,0,1,1,0,0,1,0,2,0,0,N/A,normal,0,1,extrapulmonary,extrapulmonary_tb,0,cured
1631,26,M,19.7,0,1,4,0,0,1,1,1,0,1,2,0,0,N/A,pleural_effusion,1,1,extrapulmonary,extrapulmonary_tb,0,cured
1632,40,F,19.4,1,0,0,0,0,0,0,0,0,0,0,0,0,N/A,normal,0,0,none,not_tb,0,not_applicable
1633,27,F,21.4,1,1,2,1,0,0,0,0,0,0,2,0,0,N/A,old_tb_scar,1,0,none,not_tb,0,not_applicable
1634,51,F,22.6,0,0,0,1,0,0,0,0,0,0,1,0,0,N/A,other_pathology,1,0,none,not_tb,0,not_applicable
1635,56,F,20.7,0,1,2,1,0,1,0,1,1,1,3,1,0,N/A,infiltrate,1,1,pulmonary,smear_positive_ptb,0,cured
1636,46,M,21.0,0,1,3,1,1,1,0,0,1,0,4,0,0,N/A,normal,0,1,extrapulmonary,extrapulmonary_tb,0,cured
1637,43,M,24.5,0,0,0,0,0,0,0,0,1,0,0,0,0,N/A,infiltrate,1,0,none,not_tb,0,not_applicable
1638,33,F,25.6,0,0,0,0,0,0,0,0,0,0,0,0,0,N/A,other_pathology,1,0,none,not_tb,0,not_applicable
1639,24,M,19.8,0,0,0,0,0,1,0,0,0,0,1,0,0,N/A,normal,0,0,none,not_tb,0,not_applicable
1640,24,F,24.3,0,0,0,1,0,1,0,0,0,0,2,0,0,N/A,normal,0,0,none,not_tb,0,not_applicable
1641,41,F,17.6,1,1,3,0,1,1,0,0,1,1,3,0,1,not_detected,infiltrate,1,1,pulmonary,smear_negative_ptb,0,completed
1642,41,M,25.5,0,0,0,0,0,0,0,0,0,0,0,0,0,N/A,normal,0,0,none,not_tb,0,not_applicable
1643,53,M,22.4,0,0,0,0,0,0,0,0,0,0,0,0,0,N/A,normal,0,0,none,not_tb,0,not_applicable
1644,34,M,20.1,0,1,3,1,1,1,0,0,1,1,4,0,1,detected,normal,0,1,extrapulmonary,extrapulmonary_tb,1,died
1645,54,M,19.2,1,0,0,0,0,1,0,1,0,0,1,0,0,N/A,normal,0,1,extrapulmonary,extrapulmonary_tb,0,cured
1646,47,M,24.7,0,0,0,1,0,0,0,0,0,0,1,1,0,N/A,normal,0,0,none,not_tb,0,not_applicable
1647,36,M,16.5,0,0,0,1,1,1,0,0,0,1,3,0,0,N/A,pleural_effusion,1,1,extrapulmonary,extrapulmonary_tb,0,cured
1648,46,F,16.5,0,0,0,0,0,0,0,0,0,0,0,0,0,N/A,normal,0,0,none,not_tb,0,not_applicable
1649,42,F,25.5,0,0,0,1,0,0,0,0,0,0,1,0,0,N/A,old_tb_scar,1,0,none,not_tb,0,not_applicable
1650,21,F,26.7,0,0,0,0,0,0,0,0,1,0,0,0,0,N/A,normal,0,0,none,not_tb,0,not_applicable
1651,24,M,21.6,0,0,0,0,0,0,0,0,1,0,0,1,1,not_detected,normal,0,0,none,not_tb,0,not_applicable
1652,29,M,20.5,0,0,0,1,1,1,0,0,1,1,3,1,1,not_detected,cavity,1,1,pulmonary,smear_positive_ptb,0,cured
1653,46,M,16.3,0,0,0,0,0,0,0,0,0,0,0,0,0,N/A,normal,0,0,none,not_tb,0,not_applicable
1654,46,M,16.9,0,1,2,1,1,1,0,0,1,1,4,0,1,not_detected,pleural_effusion,1,1,pulmonary,smear_negative_ptb,0,cured
1655,28,F,22.3,0,0,0,0,0,0,0,0,0,1,0,0,0,N/A,old_tb_scar,1,0,none,not_tb,0,not_applicable
1656,28,M,14.2,0,0,0,1,1,1,0,0,0,1,3,1,1,not_detected,pleural_effusion,1,1,pulmonary,smear_positive_ptb,0,cured
1657,24,M,16.6,0,0,0,0,0,0,0,0,0,0,0,0,0,N/A,normal,0,0,none,not_tb,0,not_applicable
1658,19,F,22.6,1,0,0,0,0,0,0,0,0,0,0,0,0,N/A,other_pathology,1,0,none,not_tb,0,not_applicable
1659,29,M,19.9,0,0,0,1,0,0,0,0,0,0,1,0,0,N/A,normal,0,0,none,not_tb,0,not_applicable
1660,50,M,20.8,0,0,0,0,0,0,0,1,0,0,0,0,0,N/A,normal,0,0,none,not_tb,0,not_applicable
1661,43,M,20.6,0,0,0,1,1,0,0,0,0,0,2,0,0,N/A,other_pathology,1,0,none,not_tb,0,not_applicable
1662,37,F,17.5,0,0,0,0,0,0,0,0,0,0,0,0,0,N/A,other_pathology,1,0,none,not_tb,0,not_applicable
1663,31,F,21.2,1,0,0,0,0,0,0,0,0,0,0,0,0,N/A,infiltrate,1,0,none,not_tb,0,not_applicable
1664,45,M,18.5,0,1,7,0,1,0,0,0,1,0,2,0,1,detected,normal,0,1,extrapulmonary,extrapulmonary_tb,1,failed
1665,20,F,17.0,0,1,7,0,1,0,0,0,0,1,2,1,1,not_detected,cavity,1,1,pulmonary,smear_positive_ptb,0,cured
1666,56,F,20.2,0,1,4,0,0,0,0,0,0,0,1,0,0,N/A,normal,0,0,none,not_tb,0,not_applicable
1667,22,F,21.3,0,0,0,0,0,0,0,0,0,0,0,0,0,N/A,normal,0,0,none,not_tb,0,not_applicable
1668,36,M,20.5,0,1,9,1,0,1,0,1,1,1,3,0,1,not_detected,infiltrate,1,1,pulmonary,smear_negative_ptb,0,cured
1669,28,M,21.7,0,0,0,0,0,0,0,0,0,0,0,0,1,not_detected,other_pathology,1,0,none,not_tb,0,not_applicable
1670,50,F,15.3,0,0,0,0,0,0,0,0,0,0,0,0,0,N/A,normal,0,0,none,not_tb,0,not_applicable
1671,28,M,17.8,0,1,3,0,0,0,0,0,0,0,1,0,0,N/A,normal,0,0,none,not_tb,0,not_applicable
1672,20,F,25.3,0,0,0,0,0,0,0,0,0,1,0,0,0,N/A,normal,0,0,none,not_tb,0,not_applicable
1673,42,F,16.8,0,1,6,0,0,1,0,1,1,1,2,0,1,not_detected,cavity,1,1,pulmonary,smear_negative_ptb,0,completed
1674,34,M,18.3,1,1,6,0,1,1,0,0,1,1,3,0,1,not_detected,normal,0,1,extrapulmonary,extrapulmonary_tb,0,cured
1675,47,F,28.7,0,0,0,0,0,1,0,0,1,0,1,0,0,N/A,normal,0,0,none,not_tb,0,not_applicable
1676,47,F,24.2,0,0,0,0,0,0,0,0,0,0,0,0,0,N/A,normal,0,0,none,not_tb,0,not_applicable
1677,49,F,13.1,0,1,6,1,1,1,0,1,1,1,4,1,1,not_detected,pleural_effusion,1,1,pulmonary,smear_positive_ptb,0,cured
1678,28,M,22.1,0,1,2,0,0,1,0,1,1,0,2,0,0,N/A,miliary,1,1,pulmonary,smear_negative_ptb,0,cured
1679,33,F,18.9,1,0,0,0,1,1,0,1,1,1,2,0,1,not_detected,cavity,1,1,pulmonary,smear_negative_ptb,0,cured
1680,47,M,23.3,0,0,0,0,0,0,0,0,0,0,0,0,0,N/A,normal,0,0,none,not_tb,0,not_applicable
1681,62,F,23.1,0,0,0,1,0,0,0,0,0,0,1,1,0,N/A,normal,0,0,none,not_tb,0,not_applicable
1682,25,F,25.2,0,0,0,1,0,0,0,0,0,0,1,0,0,N/A,normal,0,0,none,not_tb,0,not_applicable
1683,66,F,21.7,0,0,0,0,0,0,0,0,0,0,0,0,0,N/A,old_tb_scar,1,0,none,not_tb,0,not_applicable
1684,20,M,14.8,0,1,6,1,1,1,0,0,1,1,4,0,0,N/A,pleural_effusion,1,1,pulmonary,smear_negative_ptb,0,cured
1685,31,M,23.1,0,0,0,0,0,0,0,0,1,0,0,0,0,N/A,old_tb_scar,1,0,none,not_tb,0,not_applicable
1686,48,M,17.2,1,0,0,1,0,0,0,0,0,0,1,0,0,N/A,infiltrate,1,0,none,not_tb,0,not_applicable
1687,51,M,28.4,0,1,2,1,0,0,0,0,0,0,2,0,0,N/A,other_pathology,1,0,none,not_tb,0,not_applicable
1688,29,M,20.7,0,0,0,0,0,0,0,0,0,0,0,0,0,N/A,infiltrate,1,0,none,not_tb,0,not_applicable
1689,44,F,21.8,0,0,0,0,0,0,0,0,0,0,0,0,0,N/A,normal,0,0,none,not_tb,0,not_applicable
1690,51,M,16.8,0,1,12,0,0,1,0,0,1,0,2,0,0,N/A,normal,0,1,pulmonary,smear_negative_ptb,0,cured
1691,52,F,23.2,0,0,0,0,0,0,0,0,0,1,0,0,0,N/A,normal,0,0,none,not_tb,0,not_applicable
1692,45,F,23.6,1,0,0,0,0,0,0,0,0,0,0,0,0,N/A,other_pathology,1,0,none,not_tb,0,not_applicable
1693,16,M,19.6,0,0,0,0,0,0,0,0,0,0,0,0,0,N/A,old_tb_scar,1,0,none,not_tb,0,not_applicable
1694,39,F,23.6,0,0,0,0,0,0,0,0,0,0,0,0,0,N/A,normal,0,0,none,not_tb,0,not_applicable
1695,27,F,22.2,0,0,0,0,1,0,0,0,1,0,1,0,0,N/A,normal,0,0,none,not_tb,0,not_applicable
1696,47,M,18.3,0,0,0,1,1,0,1,1,1,0,2,1,1,detected,cavity,1,1,pulmonary,smear_positive_ptb,0,cured
1697,34,M,16.6,0,0,0,0,0,0,0,0,1,0,0,1,1,detected,infiltrate,1,1,pulmonary,smear_positive_ptb,1,completed
1698,36,F,30.1,0,0,0,0,0,0,0,0,0,0,0,0,0,N/A,infiltrate,1,0,none,not_tb,0,not_applicable
1699,26,F,26.1,0,0,0,0,0,0,0,0,0,0,0,0,0,N/A,normal,0,0,none,not_tb,0,not_applicable
1700,35,F,20.3,1,0,0,0,0,1,0,0,1,1,1,1,1,not_detected,infiltrate,1,1,pulmonary,smear_positive_ptb,0,cured
1701,43,F,25.9,0,0,0,0,0,0,0,0,0,0,0,0,0,N/A,normal,0,0,none,not_tb,0,not_applicable
1702,53,F,23.0,0,0,0,0,0,0,0,0,1,0,0,0,0,N/A,normal,0,0,none,not_tb,0,not_applicable
1703,15,M,20.8,0,0,0,0,0,0,0,0,0,0,0,0,0,N/A,other_pathology,1,0,none,not_tb,0,not_applicable
1704,43,F,12.0,1,0,0,0,0,1,0,0,1,0,1,0,1,not_detected,pleural_effusion,1,1,pulmonary,smear_negative_ptb,0,completed
1705,23,M,15.5,0,1,7,1,0,1,0,1,1,0,3,1,1,not_detected,miliary,1,1,pulmonary,smear_positive_ptb,0,cured
1706,57,F,29.6,0,0,0,1,0,0,0,0,1,0,1,0,0,N/A,normal,0,0,none,not_tb,0,not_applicable
1707,32,M,26.1,1,1,2,0,0,0,0,0,1,0,1,0,0,N/A,normal,0,0,none,not_tb,0,not_applicable
1708,74,M,19.0,0,1,4,0,1,1,0,1,1,0,3,1,1,not_detected,normal,0,1,pulmonary,smear_positive_ptb,0,completed
1709,56,F,16.5,0,0,0,0,0,0,0,0,0,0,0,0,0,N/A,normal,0,0,none,not_tb,0,not_applicable
1710,45,M,24.2,0,0,0,0,0,0,0,0,0,0,0,0,0,N/A,normal,0,0,none,not_tb,0,not_applicable
1711,40,F,21.0,1,0,0,0,0,0,0,0,0,0,0,0,0,N/A,other_pathology,1,0,none,not_tb,0,not_applicable
1712,49,M,20.2,1,1,5,1,0,0,0,0,1,1,2,1,1,not_detected,normal,0,1,pulmonary,smear_positive_ptb,0,cured
1713,45,F,18.1,0,0,0,0,0,0,0,0,1,0,0,0,0,N/A,normal,0,0,none,not_tb,0,not_applicable
1714,40,F,20.3,0,0,0,0,0,1,0,0,0,0,1,0,0,N/A,normal,0,0,none,not_tb,0,not_applicable
1715,56,M,25.1,0,0,0,0,0,0,0,0,0,0,0,0,1,not_detected,normal,0,0,none,not_tb,0,not_applicable
1716,47,F,28.7,0,0,0,0,0,0,0,0,0,0,0,0,0,N/A,normal,0,0,none,not_tb,0,not_applicable
1717,56,M,19.7,0,0,0,0,0,0,0,0,0,0,0,0,0,N/A,normal,0,0,none,not_tb,0,not_applicable
1718,34,F,18.5,0,0,0,0,0,0,0,1,0,0,0,0,0,N/A,normal,0,0,none,not_tb,0,not_applicable
1719,52,F,25.6,0,0,0,1,0,0,0,0,0,0,1,0,0,N/A,old_tb_scar,1,0,none,not_tb,0,not_applicable
1720,43,F,17.6,1,1,3,0,0,0,0,0,0,0,1,0,0,N/A,normal,0,0,none,not_tb,0,not_applicable
1721,26,M,17.8,0,0,0,0,0,0,0,1,0,0,0,0,0,N/A,normal,0,0,none,not_tb,0,not_applicable
1722,38,M,22.9,0,1,5,0,0,0,0,0,0,0,1,0,0,N/A,infiltrate,1,0,none,not_tb,0,not_applicable
1723,33,F,29.3,1,0,0,0,0,0,0,0,0,0,0,0,0,N/A,old_tb_scar,1,0,none,not_tb,0,not_applicable
1724,59,M,16.4,1,1,7,1,0,1,0,0,1,1,3,1,1,not_detected,cavity,1,1,pulmonary,smear_positive_ptb,0,completed
1725,34,M,17.6,1,1,6,1,1,1,0,0,1,1,4,0,1,not_detected,infiltrate,1,1,pulmonary,smear_negative_ptb,0,cured
1726,39,M,22.4,0,0,0,0,0,0,0,0,0,0,0,0,0,N/A,normal,0,0,none,not_tb,0,not_applicable
1727,75,M,20.3,0,0,0,0,0,0,0,0,1,0,0,0,0,N/A,normal,0,0,none,not_tb,0,not_applicable
1728,51,F,15.8,0,0,0,0,0,0,0,0,0,0,0,1,0,N/A,normal,0,0,none,not_tb,0,not_applicable
1729,16,M,20.5,1,1,6,1,0,1,0,0,0,0,3,0,1,not_detected,normal,0,1,extrapulmonary,extrapulmonary_tb,0,cured
1730,33,M,22.7,0,0,0,0,0,0,0,0,0,0,0,0,0,N/A,other_pathology,1,0,none,not_tb,0,not_applicable
1731,60,F,23.3,0,1,2,0,0,0,0,0,0,0,1,0,0,N/A,old_tb_scar,1,0,none,not_tb,0,not_applicable
1732,26,M,21.5,0,1,4,1,0,0,0,0,0,0,2,0,0,N/A,normal,0,0,none,not_tb,0,not_applicable
1733,17,F,22.3,1,1,4,0,1,1,0,1,1,1,3,0,1,not_detected,infiltrate,1,1,pulmonary,smear_negative_ptb,0,completed
1734,20,M,20.2,0,0,0,0,0,0,0,0,0,0,0,0,0,N/A,normal,0,0,none,not_tb,0,not_applicable
1735,40,F,18.2,0,0,0,0,0,0,0,0,0,0,0,0,0,N/A,infiltrate,1,0,none,not_tb,0,not_applicable
1736,59,F,22.7,0,1,7,1,1,1,1,1,1,1,4,0,0,N/A,normal,0,1,extrapulmonary,extrapulmonary_tb,0,completed
1737,35,F,13.0,0,1,4,0,0,0,0,0,0,1,1,1,1,not_detected,cavity,1,1,pulmonary,smear_positive_ptb,0,cured
1738,22,M,18.1,0,0,0,1,0,0,0,0,1,1,1,0,0,N/A,infiltrate,1,1,extrapulmonary,extrapulmonary_tb,0,failed
1739,52,M,21.7,0,0,0,1,0,0,0,0,0,0,1,0,0,N/A,normal,0,0,none,not_tb,0,not_applicable
1740,29,F,21.6,0,0,0,0,1,1,0,0,0,0,2,0,0,N/A,other_pathology,1,0,none,not_tb,0,not_applicable
1741,29,M,16.6,0,0,0,0,0,0,0,1,0,0,0,0,0,N/A,old_tb_scar,1,0,none,not_tb,0,not_applicable
1742,52,M,15.5,0,1,9,1,1,0,0,0,0,0,3,0,1,not_detected,infiltrate,1,1,pulmonary,smear_negative_ptb,0,cured
1743,36,M,25.4,1,1,5,1,0,0,0,0,1,0,2,0,0,N/A,other_pathology,1,0,none,not_tb,0,not_applicable
1744,45,F,26.8,0,0,0,0,0,0,0,0,1,0,0,0,0,N/A,normal,0,0,none,not_tb,0,not_applicable
1745,38,F,20.5,0,0,0,0,0,1,0,0,0,0,1,0,0,N/A,normal,0,0,none,not_tb,0,not_applicable
1746,38,F,16.2,1,0,0,1,0,1,0,1,1,1,2,0,0,N/A,normal,0,1,pulmonary,smear_negative_ptb,0,cured
1747,42,F,15.8,1,0,0,0,0,0,0,0,0,0,0,0,0,N/A,normal,0,0,none,not_tb,0,not_applicable
1748,35,M,25.3,0,0,0,1,0,0,0,0,0,0,1,0,0,N/A,normal,0,0,none,not_tb,0,not_applicable
1749,45,M,25.5,0,0,0,0,0,0,0,1,0,1,0,0,0,N/A,normal,0,0,none,not_tb,0,not_applicable
1750,46,M,12.2,0,0,0,0,0,0,0,0,0,0,0,0,0,N/A,other_pathology,1,0,none,not_tb,0,not_applicable
1751,58,F,12.4,1,0,0,1,0,1,0,0,0,1,2,0,1,not_detected,cavity,1,1,pulmonary,smear_negative_ptb,0,completed
1752,51,M,22.5,0,0,0,0,0,0,0,0,0,0,0,0,0,N/A,normal,0,0,none,not_tb,0,not_applicable
1753,65,F,19.2,0,1,2,1,1,1,0,1,0,1,4,1,1,not_detected,miliary,1,1,pulmonary,smear_positive_ptb,0,died
1754,44,F,20.3,0,0,0,0,0,0,0,0,1,0,0,0,0,N/A,normal,0,0,none,not_tb,0,not_applicable
1755,17,M,21.9,0,0,0,0,0,0,0,0,1,0,0,0,0,N/A,normal,0,0,none,not_tb,0,not_applicable
1756,41,M,21.1,0,1,3,0,0,0,0,1,0,0,1,0,0,N/A,normal,0,0,none,not_tb,0,not_applicable
1757,36,M,22.1,0,0,0,0,0,0,0,0,0,0,0,0,0,N/A,other_pathology,1,0,none,not_tb,0,not_applicable
1758,47,F,18.8,0,0,0,0,0,0,0,0,0,0,0,0,0,N/A,normal,0,0,none,not_tb,0,not_applicable
1759,41,F,22.0,0,0,0,0,0,0,0,0,1,0,0,0,0,N/A,normal,0,0,none,not_tb,0,not_applicable
1760,22,F,19.6,0,1,4,0,0,0,0,0,1,0,1,0,1,not_detected,infiltrate,1,0,none,not_tb,0,not_applicable
1761,51,M,19.3,0,1,4,0,0,0,0,0,0,0,1,0,0,N/A,normal,0,0,none,not_tb,0,not_applicable
1762,53,M,13.8,1,1,2,0,0,1,1,0,0,1,2,1,1,not_detected,infiltrate,1,1,pulmonary,smear_positive_ptb,0,completed
1763,27,M,18.1,1,0,0,1,1,1,0,1,1,1,3,0,1,not_detected,infiltrate,1,1,pulmonary,smear_negative_ptb,0,failed
1764,66,M,24.8,0,0,0,0,0,0,0,1,1,0,0,0,0,N/A,normal,0,0,none,not_tb,0,not_applicable
1765,19,M,17.7,1,1,8,0,0,0,0,1,1,1,1,1,1,not_detected,miliary,1,1,pulmonary,smear_positive_ptb,0,lost_to_followup
1766,52,M,20.8,0,0,0,0,0,0,0,0,0,0,0,0,0,N/A,normal,0,0,none,not_tb,0,not_applicable
1767,56,F,26.4,0,0,0,0,0,0,0,0,1,0,0,0,0,N/A,normal,0,0,none,not_tb,0,not_applicable
1768,48,M,25.6,1,0,0,0,0,0,0,0,0,0,0,0,0,N/A,normal,0,0,none,not_tb,0,not_applicable
1769,43,M,22.8,1,1,2,1,0,1,0,0,1,0,3,1,1,not_detected,infiltrate,1,1,pulmonary,smear_positive_ptb,0,lost_to_followup
1770,33,F,29.9,1,0,0,0,0,0,0,0,0,0,0,0,0,N/A,old_tb_scar,1,0,none,not_tb,0,not_applicable
1771,28,F,22.2,0,1,3,0,0,0,0,0,1,1,1,0,0,N/A,old_tb_scar,1,0,none,not_tb,0,not_applicable
1772,36,F,17.9,0,1,3,0,0,0,0,1,0,0,1,0,0,N/A,normal,0,0,none,not_tb,0,not_applicable
1773,34,F,17.2,0,1,4,0,0,1,0,1,1,1,2,1,0,N/A,normal,0,1,extrapulmonary,extrapulmonary_tb,0,cured
1774,41,F,19.9,1,1,4,1,0,1,0,0,1,0,3,0,1,not_detected,miliary,1,1,pulmonary,smear_negative_ptb,0,cured
1775,39,F,22.1,1,1,3,0,0,0,0,0,1,0,1,0,1,not_detected,normal,0,1,pulmonary,smear_negative_ptb,0,cured
1776,62,M,15.9,1,1,3,1,1,0,0,1,0,0,3,1,1,not_detected,infiltrate,1,1,pulmonary,smear_positive_ptb,0,died
1777,23,F,19.1,1,0,0,1,0,1,0,0,1,0,2,0,1,not_detected,infiltrate,1,1,pulmonary,smear_negative_ptb,0,lost_to_followup
1778,37,M,19.2,0,0,0,0,0,0,0,1,0,0,0,0,0,N/A,normal,0,0,none,not_tb,0,not_applicable
1779,34,M,21.5,0,0,0,0,0,0,0,0,0,0,0,0,0,N/A,other_pathology,1,0,none,not_tb,0,not_applicable
1780,15,M,18.1,1,1,5,0,0,1,0,1,1,1,2,0,1,not_detected,cavity,1,1,pulmonary,smear_negative_ptb,0,completed
1781,62,M,23.3,0,0,0,0,0,0,0,1,0,0,0,0,0,N/A,old_tb_scar,1,0,none,not_tb,0,not_applicable
1782,47,F,29.1,0,0,0,0,0,0,0,0,0,0,0,0,0,N/A,normal,0,0,none,not_tb,0,not_applicable
1783,47,M,23.7,0,1,5,0,0,1,0,0,0,0,2,0,0,N/A,normal,0,0,none,not_tb,0,not_applicable
1784,34,M,20.5,0,0,0,0,0,0,0,0,0,0,0,0,0,N/A,normal,0,0,none,not_tb,0,not_applicable
1785,39,M,19.9,1,1,4,0,0,0,0,1,0,0,1,0,0,N/A,normal,0,0,none,not_tb,0,not_applicable
1786,25,F,18.0,0,1,4,0,0,1,0,1,1,1,2,1,1,not_detected,infiltrate,1,1,pulmonary,smear_positive_ptb,0,cured
1787,24,M,18.9,0,0,0,0,0,0,0,0,0,0,0,0,0,N/A,normal,0,0,none,not_tb,0,not_applicable
1788,33,F,22.5,0,0,0,0,0,0,0,0,0,0,0,0,0,N/A,old_tb_scar,1,0,none,not_tb,0,not_applicable
1789,55,F,13.6,1,0,0,0,0,0,0,0,1,0,0,0,0,N/A,normal,0,0,none,not_tb,0,not_applicable
1790,33,M,21.3,0,1,2,0,0,0,0,0,0,0,1,0,0,N/A,old_tb_scar,1,0,none,not_tb,0,not_applicable
1791,19,F,21.5,0,0,0,0,0,0,0,0,1,0,0,0,0,N/A,normal,0,0,none,not_tb,0,not_applicable
1792,29,M,17.9,0,0,0,0,0,0,0,0,0,0,0,0,0,N/A,normal,0,0,none,not_tb,0,not_applicable
1793,47,M,20.7,1,0,0,0,0,0,0,0,0,0,0,0,0,N/A,other_pathology,1,0,none,not_tb,0,not_applicable
1794,57,F,25.9,0,0,0,0,0,0,0,0,1,0,0,1,0,N/A,normal,0,0,none,not_tb,0,not_applicable
1795,83,F,21.5,0,1,5,1,1,1,1,0,0,1,4,0,0,N/A,infiltrate,1,1,pulmonary,smear_negative_ptb,1,cured
1796,32,M,20.1,0,0,0,0,0,1,0,0,0,0,1,0,0,N/A,normal,0,0,none,not_tb,0,not_applicable
1797,45,M,23.8,0,0,0,0,0,0,0,0,0,0,0,0,0,N/A,normal,0,0,none,not_tb,0,not_applicable
1798,33,M,14.8,1,1,7,0,0,0,1,1,1,0,1,0,1,not_detected,cavity,1,1,pulmonary,smear_negative_ptb,0,cured
1799,33,M,17.8,1,1,6,1,1,0,0,0,0,1,3,1,1,not_detected,miliary,1,1,pulmonary,smear_positive_ptb,0,died
1800,31,F,22.8,0,0,0,0,0,0,0,0,0,0,0,0,0,N/A,normal,0,0,none,not_tb,0,not_applicable
1801,39,F,27.3,0,1,3,1,0,0,0,0,1,0,2,0,0,N/A,other_pathology,1,0,none,not_tb,0,not_applicable
1802,16,F,26.2,0,0,0,0,0,0,0,0,0,0,0,0,0,N/A,normal,0,0,none,not_tb,0,not_applicable
1803,28,M,19.0,0,1,3,1,1,1,0,0,1,0,4,1,1,not_detected,pleural_effusion,1,1,pulmonary,smear_positive_ptb,0,completed
1804,38,F,16.2,0,1,3,1,0,1,0,1,1,0,3,0,0,N/A,miliary,1,1,pulmonary,smear_negative_ptb,0,failed
1805,41,F,26.8,0,0,0,0,0,0,0,0,0,0,0,0,0,N/A,normal,0,0,none,not_tb,0,not_applicable
1806,33,F,17.6,0,1,3,0,0,0,1,1,1,1,1,1,1,not_detected,miliary,1,1,pulmonary,smear_positive_ptb,0,cured
1807,46,M,23.6,0,0,0,0,0,0,0,0,0,0,0,0,0,N/A,normal,0,0,none,not_tb,0,not_applicable
1808,52,M,18.2,1,1,10,0,0,1,0,0,1,0,2,0,1,not_detected,infiltrate,1,1,pulmonary,smear_negative_ptb,0,cured
1809,21,M,29.0,0,0,0,0,0,0,0,0,0,0,0,1,0,N/A,normal,0,0,none,not_tb,0,not_applicable
1810,51,M,19.9,0,1,2,0,0,0,0,0,0,0,1,0,0,N/A,old_tb_scar,1,0,none,not_tb,0,not_applicable
1811,59,M,20.8,0,1,4,1,1,1,0,1,1,0,4,1,1,not_detected,normal,0,1,pulmonary,smear_positive_ptb,0,failed
1812,33,M,21.7,0,0,0,0,0,0,0,0,1,0,0,0,0,N/A,normal,0,0,none,not_tb,0,not_applicable
1813,33,F,24.0,0,0,0,1,0,0,0,0,0,0,1,0,0,N/A,other_pathology,1,0,none,not_tb,0,not_applicable
1814,27,M,27.7,0,0,0,0,0,0,0,0,0,0,0,0,0,N/A,normal,0,0,none,not_tb,0,not_applicable
1815,25,F,15.0,0,1,2,0,0,0,0,0,0,0,1,0,0,N/A,normal,0,0,none,not_tb,0,not_applicable
1816,68,M,18.3,0,1,7,1,0,0,0,1,1,1,2,0,0,N/A,cavity,1,1,pulmonary,smear_negative_ptb,0,completed
1817,25,F,18.9,1,0,0,0,0,0,0,0,0,0,0,0,0,N/A,normal,0,0,none,not_tb,0,not_applicable
1818,62,M,19.6,1,0,0,1,0,0,0,1,1,0,1,1,1,not_detected,normal,0,1,pulmonary,smear_positive_ptb,0,died
1819,42,M,24.4,0,0,0,0,0,0,0,1,1,0,0,0,0,N/A,normal,0,0,none,not_tb,0,not_applicable
1820,40,F,17.3,0,0,0,1,0,1,0,1,1,0,2,1,1,not_detected,infiltrate,1,1,pulmonary,smear_positive_ptb,0,cured
1821,48,F,20.2,0,0,0,0,0,0,1,0,0,0,0,0,0,N/A,normal,0,0,none,not_tb,0,not_applicable
1822,58,M,19.0,0,1,3,1,0,1,0,0,0,0,3,1,1,not_detected,cavity,1,1,pulmonary,smear_positive_ptb,0,cured
1823,30,M,17.5,0,0,0,0,0,1,0,0,0,0,1,0,0,N/A,old_tb_scar,1,0,none,not_tb,0,not_applicable
1824,39,F,19.3,0,1,6,0,0,1,0,1,1,0,2,1,1,not_detected,infiltrate,1,1,pulmonary,smear_positive_ptb,0,cured
1825,28,F,16.5,1,0,0,1,1,0,0,0,0,0,2,0,1,not_detected,infiltrate,1,1,pulmonary,smear_negative_ptb,0,cured
1826,36,M,20.3,0,1,5,1,1,1,0,0,1,1,4,1,1,not_detected,cavity,1,1,pulmonary,smear_positive_ptb,0,lost_to_followup
1827,31,M,15.2,1,0,0,1,0,1,0,0,1,0,2,0,1,not_detected,infiltrate,1,1,pulmonary,smear_negative_ptb,0,failed
1828,45,M,20.0,1,0,0,0,0,1,1,0,1,0,1,0,0,N/A,normal,0,0,none,not_tb,0,not_applicable
1829,33,F,16.6,1,1,5,1,0,1,0,1,0,1,3,1,1,not_detected,infiltrate,1,1,pulmonary,smear_positive_ptb,0,completed
1830,34,M,17.8,1,1,4,1,1,0,1,0,1,1,3,1,1,not_detected,miliary,1,1,pulmonary,smear_positive_ptb,0,completed
1831,60,M,26.8,0,0,0,0,0,0,0,0,0,0,0,0,0,N/A,normal,0,0,none,not_tb,0,not_applicable
1832,41,F,25.0,0,0,0,0,0,0,0,0,0,0,0,0,0,N/A,normal,0,0,none,not_tb,0,not_applicable
1833,26,M,20.3,0,1,5,0,0,0,0,0,1,0,1,0,0,N/A,normal,0,0,none,not_tb,0,not_applicable
1834,36,M,17.3,1,1,3,1,1,0,1,1,1,0,3,0,1,not_detected,cavity,1,1,pulmonary,smear_negative_ptb,0,completed
1835,38,M,25.1,0,0,0,0,0,1,0,0,0,0,1,0,0,N/A,normal,0,0,none,not_tb,0,not_applicable
1836,41,M,17.9,0,0,0,0,0,1,0,0,0,0,1,0,0,N/A,normal,0,0,none,not_tb,0,not_applicable
1837,20,M,22.1,0,0,0,0,0,0,0,0,1,0,0,0,0,N/A,normal,0,0,none,not_tb,0,not_applicable
1838,49,M,19.9,0,1,5,0,0,0,0,0,0,0,1,0,0,N/A,normal,0,0,none,not_tb,0,not_applicable
1839,40,F,21.4,1,0,0,1,1,0,0,0,0,0,2,0,0,N/A,normal,0,0,none,not_tb,0,not_applicable
1840,51,F,24.8,0,0,0,0,0,0,0,0,0,0,0,0,0,N/A,normal,0,0,none,not_tb,0,not_applicable
1841,17,M,19.7,0,0,0,0,0,0,0,0,1,0,0,0,0,N/A,old_tb_scar,1,0,none,not_tb,0,not_applicable
1842,31,M,25.4,0,0,0,0,0,0,0,0,0,0,0,0,0,N/A,normal,0,0,none,not_tb,0,not_applicable
1843,46,M,29.7,0,0,0,0,0,0,0,0,0,0,0,0,0,N/A,normal,0,0,none,not_tb,0,not_applicable
1844,43,F,24.1,0,0,0,0,0,0,0,0,0,0,0,0,0,N/A,normal,0,0,none,not_tb,0,not_applicable
1845,24,M,21.7,0,0,0,0,0,0,0,0,1,0,0,0,0,N/A,normal,0,0,none,not_tb,0,not_applicable
1846,37,F,21.4,0,1,4,0,1,1,0,1,0,1,3,0,0,N/A,normal,0,1,extrapulmonary,extrapulmonary_tb,0,lost_to_followup
1847,22,M,15.7,0,0,0,0,1,0,0,0,1,0,1,0,1,not_detected,cavity,1,1,pulmonary,smear_negative_ptb,0,cured
1848,34,F,22.3,1,0,0,0,0,0,0,0,1,0,0,1,1,not_detected,pleural_effusion,1,1,pulmonary,smear_positive_ptb,0,completed
1849,23,M,16.6,1,1,5,1,0,0,0,0,1,1,2,1,1,not_detected,pleural_effusion,1,1,pulmonary,smear_positive_ptb,0,cured
1850,47,F,29.6,1,0,0,0,0,0,0,0,0,0,0,0,0,N/A,normal,0,0,none,not_tb,0,not_applicable
1851,45,M,19.5,1,0,0,0,0,0,0,0,0,0,0,0,0,N/A,infiltrate,1,0,none,not_tb,0,not_applicable
1852,45,F,20.2,0,0,0,0,1,1,0,0,1,1,2,1,1,not_detected,infiltrate,1,1,pulmonary,smear_positive_ptb,0,cured
1853,40,M,16.5,0,0,0,0,0,0,0,0,0,0,0,0,0,N/A,normal,0,0,none,not_tb,0,not_applicable
1854,58,F,18.0,0,1,4,1,1,0,0,0,1,1,3,0,1,not_detected,infiltrate,1,1,pulmonary,smear_negative_ptb,0,cured
1855,61,F,18.2,0,0,0,0,0,0,0,0,0,0,0,1,0,N/A,normal,0,0,none,not_tb,0,not_applicable
1856,58,F,17.0,0,0,0,0,0,0,0,0,0,1,0,0,0,N/A,normal,0,0,none,not_tb,0,not_applicable
1857,49,M,21.5,0,1,6,0,0,1,0,1,1,0,2,1,1,not_detected,normal,0,1,pulmonary,smear_positive_ptb,0,cured
1858,73,M,17.7,0,0,0,0,0,0,0,0,1,0,0,0,0,N/A,normal,0,0,none,not_tb,0,not_applicable
1859,30,M,19.4,0,1,2,0,0,0,0,0,0,0,1,0,0,N/A,normal,0,0,none,not_tb,0,not_applicable
1860,61,M,19.0,0,0,0,0,0,0,0,0,1,0,0,0,0,N/A,old_tb_scar,1,0,none,not_tb,0,not_applicable
1861,61,F,26.0,0,0,0,0,0,0,0,0,0,0,0,0,0,N/A,normal,0,0,none,not_tb,0,not_applicable
1862,39,F,25.6,0,0,0,0,0,1,0,0,0,0,1,0,0,N/A,normal,0,0,none,not_tb,0,not_applicable
1863,41,F,21.7,0,1,5,1,1,0,0,1,1,1,3,1,1,not_detected,infiltrate,1,1,pulmonary,smear_positive_ptb,0,cured
1864,20,M,19.2,0,0,0,0,0,0,0,0,0,1,0,0,0,N/A,normal,0,0,none,not_tb,0,not_applicable
1865,52,F,21.9,0,1,4,1,1,0,1,0,1,1,3,0,0,N/A,normal,0,1,extrapulmonary,extrapulmonary_tb,0,cured
1866,47,F,19.2,0,0,0,0,0,0,0,0,1,0,0,0,0,N/A,normal,0,0,none,not_tb,0,not_applicable
1867,45,F,19.4,0,0,0,0,0,0,0,0,0,0,0,0,0,N/A,normal,0,0,none,not_tb,0,not_applicable
1868,41,M,16.8,1,1,3,0,1,1,0,1,0,0,3,0,1,not_detected,cavity,1,1,pulmonary,smear_negative_ptb,0,cured
1869,22,M,16.8,1,1,6,1,1,1,0,0,1,0,4,0,1,not_detected,infiltrate,1,1,extrapulmonary,extrapulmonary_tb,0,cured
1870,38,F,21.7,1,0,0,0,0,0,0,0,0,0,0,0,0,N/A,old_tb_scar,1,0,none,not_tb,0,not_applicable
1871,32,M,19.1,0,0,0,0,0,0,0,0,0,0,0,0,0,N/A,normal,0,0,none,not_tb,0,not_applicable
1872,29,M,22.8,0,0,0,0,0,0,0,0,0,0,0,0,0,N/A,normal,0,0,none,not_tb,0,not_applicable
1873,44,F,12.9,1,0,0,0,0,0,1,1,0,0,0,0,0,N/A,normal,0,0,none,not_tb,0,not_applicable
1874,32,F,19.1,0,1,2,0,1,0,0,1,1,0,2,0,1,not_detected,normal,0,1,pulmonary,smear_negative_ptb,0,cured
1875,51,F,18.2,0,0,0,0,0,0,0,0,1,0,0,0,0,N/A,normal,0,0,none,not_tb,0,not_applicable
1876,21,F,19.7,0,0,0,0,0,0,0,0,0,0,0,0,0,N/A,old_tb_scar,1,0,none,not_tb,0,not_applicable
1877,48,M,16.9,1,1,5,0,0,0,0,1,1,1,1,0,0,N/A,cavity,1,1,pulmonary,smear_negative_ptb,0,cured
1878,45,M,25.3,1,0,0,0,0,0,1,0,0,0,0,0,0,N/A,normal,0,0,none,not_tb,0,not_applicable
1879,39,M,23.8,0,0,0,0,0,0,0,0,0,0,0,0,0,N/A,old_tb_scar,1,0,none,not_tb,0,not_applicable
1880,39,M,21.4,0,0,0,0,0,0,0,0,1,0,0,0,0,N/A,normal,0,0,none,not_tb,0,not_applicable
1881,44,M,19.5,0,0,0,1,0,0,0,0,0,0,1,0,0,N/A,normal,0,0,none,not_tb,0,not_applicable
1882,75,F,24.7,0,0,0,0,0,0,0,0,0,0,0,0,0,N/A,normal,0,0,none,not_tb,0,not_applicable
1883,24,M,28.3,0,0,0,0,0,0,0,0,0,0,0,0,0,N/A,normal,0,0,none,not_tb,0,not_applicable
1884,34,F,18.4,1,1,9,1,0,1,1,1,1,0,3,0,1,not_detected,normal,0,1,pulmonary,smear_negative_ptb,0,cured
1885,35,M,14.5,0,1,7,0,0,0,0,0,1,0,1,1,1,not_detected,infiltrate,1,1,pulmonary,smear_positive_ptb,0,completed
1886,42,M,19.5,0,0,0,0,0,0,0,0,0,0,0,0,0,N/A,normal,0,0,none,not_tb,0,not_applicable
1887,32,M,24.0,1,0,0,0,0,0,0,0,0,0,0,0,0,N/A,old_tb_scar,1,0,none,not_tb,0,not_applicable
1888,37,M,20.5,0,0,0,0,0,0,0,0,0,1,0,0,0,N/A,normal,0,0,none,not_tb,0,not_applicable
1889,51,F,19.0,1,0,0,1,0,0,0,0,0,0,1,0,0,N/A,infiltrate,1,0,none,not_tb,0,not_applicable
1890,26,M,16.2,0,1,3,0,0,0,0,0,1,1,1,1,1,not_detected,normal,0,1,pulmonary,smear_positive_ptb,0,cured
1891,26,M,22.3,1,0,0,0,0,0,0,0,0,0,0,0,0,N/A,normal,0,0,none,not_tb,0,not_applicable
1892,31,F,16.6,0,0,0,0,0,0,0,0,0,0,0,0,0,N/A,normal,0,0,none,not_tb,0,not_applicable
1893,50,M,18.4,0,0,0,1,0,1,0,0,0,1,2,0,0,N/A,infiltrate,1,1,pulmonary,smear_negative_ptb,0,cured
1894,25,M,22.3,1,0,0,0,0,0,0,0,0,0,0,0,0,N/A,normal,0,0,none,not_tb,0,not_applicable
1895,38,M,20.4,1,0,0,0,0,0,0,1,0,0,0,0,0,N/A,normal,0,0,none,not_tb,0,not_applicable
1896,40,M,15.9,0,1,2,1,0,1,0,0,1,0,3,1,1,not_detected,pleural_effusion,1,1,pulmonary,smear_positive_ptb,0,died
1897,38,F,25.6,1,0,0,0,0,0,0,1,0,1,0,0,1,not_detected,infiltrate,1,0,none,not_tb,0,not_applicable
1898,35,M,17.3,0,0,0,0,0,0,0,0,0,0,0,0,0,N/A,normal,0,0,none,not_tb,0,not_applicable
1899,30,M,22.6,0,0,0,0,0,0,0,1,1,0,0,0,0,N/A,normal,0,0,none,not_tb,0,not_applicable
1900,77,M,20.3,1,1,2,0,0,1,0,1,1,0,2,0,1,not_detected,pleural_effusion,1,1,extrapulmonary,extrapulmonary_tb,0,cured
1901,42,F,18.9,0,1,6,1,1,1,0,1,1,1,4,0,1,not_detected,infiltrate,1,1,pulmonary,smear_negative_ptb,0,cured
1902,27,M,26.3,0,0,0,1,0,0,0,0,0,0,1,0,0,N/A,normal,0,0,none,not_tb,0,not_applicable
1903,22,F,18.0,1,0,0,0,0,0,0,0,0,0,0,0,0,N/A,normal,0,0,none,not_tb,0,not_applicable
1904,58,M,16.5,0,0,0,1,0,0,0,1,1,0,1,0,1,not_detected,normal,0,1,pulmonary,smear_negative_ptb,0,cured
1905,32,F,20.4,0,0,0,0,0,0,0,0,0,0,0,0,0,N/A,other_pathology,1,0,none,not_tb,0,not_applicable
1906,35,M,26.7,0,1,4,0,0,1,0,1,1,1,2,0,1,not_detected,cavity,1,1,pulmonary,smear_negative_ptb,0,died
1907,38,M,23.8,0,0,0,1,0,0,0,0,1,0,1,0,0,N/A,normal,0,0,none,not_tb,0,not_applicable
1908,40,M,24.4,0,0,0,0,0,0,0,0,0,0,0,0,0,N/A,normal,0,0,none,not_tb,0,not_applicable
1909,59,F,20.1,0,1,5,1,1,1,0,0,1,1,4,1,1,not_detected,miliary,1,1,pulmonary,smear_positive_ptb,0,lost_to_followup
1910,77,F,22.3,0,0,0,0,0,0,0,0,0,0,0,0,0,N/A,other_pathology,1,0,none,not_tb,0,not_applicable
1911,39,M,25.7,0,0,0,0,0,0,0,0,0,0,0,0,0,N/A,old_tb_scar,1,0,none,not_tb,0,not_applicable
1912,64,M,15.5,0,0,0,0,0,0,0,0,0,0,0,0,0,N/A,normal,0,0,none,not_tb,0,not_applicable
1913,37,F,23.0,1,0,0,0,0,0,0,0,1,0,0,0,0,N/A,normal,0,0,none,not_tb,0,not_applicable
1914,50,M,19.6,0,0,0,1,1,1,0,1,1,0,3,0,0,N/A,infiltrate,1,1,pulmonary,smear_negative_ptb,0,completed
1915,50,M,21.0,0,0,0,0,1,1,0,0,1,0,2,0,1,not_detected,normal,0,1,pulmonary,smear_negative_ptb,0,cured
1916,41,M,18.0,0,0,0,0,0,0,0,0,0,0,0,0,0,N/A,normal,0,0,none,not_tb,0,not_applicable
1917,62,F,18.2,0,0,0,0,0,0,0,0,0,0,0,0,0,N/A,infiltrate,1,0,none,not_tb,0,not_applicable
1918,28,F,18.4,0,0,0,1,0,0,0,1,0,0,1,0,0,N/A,normal,0,0,none,not_tb,0,not_applicable
1919,41,F,23.8,0,0,0,0,0,0,0,0,0,0,0,1,0,N/A,normal,0,0,none,not_tb,0,not_applicable
1920,50,F,23.9,0,0,0,0,0,0,0,0,0,0,0,0,0,N/A,normal,0,0,none,not_tb,0,not_applicable
1921,56,M,16.1,0,1,7,0,1,0,1,0,1,0,2,0,1,detected,cavity,1,1,pulmonary,smear_negative_ptb,0,cured
1922,30,M,28.7,0,0,0,0,1,0,0,0,0,1,1,0,0,N/A,normal,0,0,none,not_tb,0,not_applicable
1923,60,M,23.0,0,0,0,0,0,0,0,0,0,0,0,0,0,N/A,normal,0,0,none,not_tb,0,not_applicable
1924,67,M,18.8,1,1,5,1,0,1,1,0,1,0,3,1,1,detected,miliary,1,1,pulmonary,smear_positive_ptb,0,cured
1925,45,M,18.0,0,1,2,0,1,0,0,0,1,0,2,1,1,not_detected,miliary,1,1,pulmonary,smear_positive_ptb,0,lost_to_followup
1926,56,M,25.3,0,0,0,0,0,0,0,0,0,0,0,0,0,N/A,normal,0,0,none,not_tb,0,not_applicable
1927,47,M,19.5,0,1,2,0,0,1,0,0,1,1,2,0,1,not_detected,cavity,1,1,pulmonary,smear_negative_ptb,0,cured
1928,23,F,28.6,0,0,0,0,0,0,0,0,0,1,0,0,0,N/A,infiltrate,1,0,none,not_tb,0,not_applicable
1929,55,M,17.8,0,0,0,0,0,0,0,0,0,0,0,0,0,N/A,normal,0,0,none,not_tb,0,not_applicable
1930,25,M,16.6,0,0,0,0,0,0,0,1,0,1,0,0,0,N/A,normal,0,0,none,not_tb,0,not_applicable
1931,35,F,19.4,0,0,0,0,0,0,0,0,1,0,0,0,0,N/A,other_pathology,1,0,none,not_tb,0,not_applicable
1932,18,F,23.9,1,0,0,0,0,0,0,0,1,0,0,0,1,not_detected,normal,0,0,none,not_tb,0,not_applicable
1933,42,F,20.5,0,0,0,0,0,0,0,0,0,0,0,0,0,N/A,old_tb_scar,1,0,none,not_tb,0,not_applicable
1934,59,F,21.7,0,1,6,0,1,1,1,0,0,1,3,0,1,not_detected,pleural_effusion,1,1,extrapulmonary,extrapulmonary_tb,0,cured
1935,32,F,20.6,0,0,0,0,0,0,0,0,0,0,0,0,0,N/A,infiltrate,1,0,none,not_tb,0,not_applicable
1936,43,M,21.2,0,0,0,0,0,0,0,0,1,0,0,1,1,not_detected,miliary,1,1,pulmonary,smear_positive_ptb,0,cured
1937,31,M,16.4,0,0,0,1,1,1,0,0,0,0,3,0,0,N/A,cavity,1,1,pulmonary,smear_negative_ptb,0,cured
1938,24,F,21.5,1,0,0,1,1,0,0,1,1,0,2,0,0,N/A,infiltrate,1,1,extrapulmonary,extrapulmonary_tb,1,lost_to_followup
1939,31,M,26.8,0,0,0,0,0,0,0,1,1,1,0,0,0,N/A,infiltrate,1,0,none,not_tb,0,not_applicable
1940,38,M,20.0,0,0,0,0,0,0,0,0,0,0,0,0,0,N/A,normal,0,0,none,not_tb,0,not_applicable
1941,51,M,23.7,0,0,0,0,0,0,0,0,0,0,0,0,0,N/A,normal,0,0,none,not_tb,0,not_applicable
1942,35,M,19.2,1,1,8,1,0,0,0,1,1,0,2,0,1,not_detected,infiltrate,1,1,extrapulmonary,extrapulmonary_tb,0,lost_to_followup
1943,33,M,19.8,1,1,5,1,1,1,0,0,1,1,4,1,1,not_detected,normal,0,1,pulmonary,smear_positive_ptb,0,completed
1944,26,M,21.7,1,1,4,0,1,0,1,0,1,1,2,0,1,detected,normal,0,1,extrapulmonary,extrapulmonary_tb,0,completed
1945,17,F,25.4,0,1,2,0,0,0,0,0,1,0,1,0,0,N/A,normal,0,0,none,not_tb,0,not_applicable
1946,23,F,23.8,1,0,0,0,0,0,0,0,0,0,0,0,0,N/A,other_pathology,1,0,none,not_tb,0,not_applicable
1947,36,M,24.3,0,0,0,0,0,1,0,0,0,0,1,0,0,N/A,infiltrate,1,0,none,not_tb,0,not_applicable
1948,44,F,17.6,0,0,0,0,0,0,0,0,0,0,0,0,0,N/A,normal,0,0,none,not_tb,0,not_applicable
1949,37,M,21.9,0,0,0,0,0,1,0,0,1,1,1,0,0,N/A,old_tb_scar,1,0,none,not_tb,0,not_applicable
1950,50,F,15.7,0,1,4,0,1,0,0,0,1,1,2,0,0,N/A,infiltrate,1,1,pulmonary,smear_negative_ptb,0,cured
1951,41,F,21.9,0,0,0,0,0,0,0,1,0,0,0,0,0,N/A,normal,0,0,none,not_tb,0,not_applicable
1952,36,M,25.9,1,0,0,0,0,0,0,0,0,0,0,0,0,N/A,normal,0,0,none,not_tb,0,not_applicable
1953,28,F,18.5,0,1,6,0,0,0,0,0,1,0,1,1,1,not_detected,cavity,1,1,pulmonary,smear_positive_ptb,0,failed
1954,68,F,12.2,0,0,0,1,1,0,0,0,1,1,2,1,1,not_detected,cavity,1,1,pulmonary,smear_positive_ptb,0,completed
1955,52,F,18.3,0,0,0,0,0,0,0,0,0,0,0,0,0,N/A,old_tb_scar,1,0,none,not_tb,0,not_applicable
1956,20,F,24.0,0,0,0,0,0,0,0,0,0,0,0,0,0,N/A,normal,0,0,none,not_tb,0,not_applicable
1957,26,M,17.2,1,1,4,0,1,1,0,0,1,1,3,1,1,not_detected,cavity,1,1,pulmonary,smear_positive_ptb,0,cured
1958,29,M,20.5,0,1,7,1,1,0,0,0,1,1,3,1,1,detected,cavity,1,1,pulmonary,smear_positive_ptb,1,cured
1959,21,F,17.8,1,1,3,0,0,0,0,0,0,0,1,0,0,N/A,normal,0,0,none,not_tb,0,not_applicable
1960,18,F,23.3,0,0,0,0,0,0,1,0,1,0,0,0,0,N/A,normal,0,0,none,not_tb,0,not_applicable
1961,36,F,23.5,1,0,0,0,0,0,0,0,0,0,0,0,0,N/A,normal,0,0,none,not_tb,0,not_applicable
1962,51,M,20.5,0,1,2,1,0,1,0,1,1,1,3,1,1,not_detected,pleural_effusion,1,1,pulmonary,smear_positive_ptb,0,completed
1963,29,M,16.9,1,1,5,1,0,1,0,0,0,1,3,0,1,not_detected,infiltrate,1,1,pulmonary,smear_negative_ptb,0,cured
1964,49,M,24.7,0,0,0,0,0,0,0,0,0,0,0,0,0,N/A,normal,0,0,none,not_tb,0,not_applicable
1965,45,F,22.3,1,1,2,1,1,0,0,1,1,0,3,0,1,not_detected,pleural_effusion,1,1,pulmonary,smear_negative_ptb,0,cured
1966,55,M,14.0,0,0,0,0,0,0,0,0,0,0,0,0,0,N/A,old_tb_scar,1,0,none,not_tb,0,not_applicable
1967,24,F,18.6,1,1,5,1,1,0,0,1,1,1,3,0,1,not_detected,pleural_effusion,1,1,extrapulmonary,extrapulmonary_tb,0,completed
1968,31,F,15.7,0,0,0,0,0,0,0,0,0,0,0,0,0,N/A,normal,0,0,none,not_tb,0,not_applicable
1969,48,M,16.3,0,1,5,0,0,0,0,1,1,1,1,0,0,N/A,cavity,1,1,pulmonary,smear_negative_ptb,0,completed
1970,30,M,19.3,0,0,0,0,0,0,0,1,0,1,0,0,0,N/A,other_pathology,1,0,none,not_tb,0,not_applicable
1971,33,M,18.3,1,1,12,1,1,1,0,0,0,1,4,0,0,N/A,infiltrate,1,1,pulmonary,smear_negative_ptb,0,failed
1972,26,F,23.3,0,1,5,0,0,0,0,0,0,0,1,0,0,N/A,normal,0,0,none,not_tb,0,not_applicable
1973,42,F,20.8,0,1,3,1,1,1,0,1,1,1,4,1,1,not_detected,infiltrate,1,1,pulmonary,smear_positive_ptb,0,completed
1974,25,M,22.9,1,0,0,0,0,0,0,0,0,0,0,0,0,N/A,normal,0,0,none,not_tb,0,not_applicable
1975,44,M,24.4,1,1,2,0,0,0,0,0,0,0,1,0,0,N/A,normal,0,0,none,not_tb,0,not_applicable
1976,44,M,15.8,1,1,4,1,0,0,0,0,1,1,2,1,1,not_detected,infiltrate,1,1,pulmonary,smear_positive_ptb,0,cured
1977,15,M,21.1,0,1,3,0,1,0,0,0,1,0,2,0,0,N/A,pleural_effusion,1,1,pulmonary,smear_negative_ptb,0,completed
1978,30,F,12.0,1,0,0,0,1,0,0,0,0,1,1,0,1,not_detected,normal,0,1,pulmonary,smear_negative_ptb,0,cured
1979,26,F,27.3,0,0,0,0,0,0,0,0,0,0,0,0,0,N/A,normal,0,0,none,not_tb,0,not_applicable
1980,45,M,26.7,0,0,0,0,0,0,0,1,0,0,0,0,0,N/A,normal,0,0,none,not_tb,0,not_applicable
1981,40,F,20.4,1,0,0,0,0,1,0,0,1,0,1,1,1,not_detected,pleural_effusion,1,1,pulmonary,smear_positive_ptb,0,lost_to_followup
1982,46,M,29.8,0,1,2,1,0,0,0,1,0,0,2,0,0,N/A,old_tb_scar,1,0,none,not_tb,0,not_applicable
1983,33,F,15.7,1,0,0,0,0,0,0,1,0,0,0,0,0,N/A,normal,0,0,none,not_tb,0,not_applicable
1984,58,M,20.4,1,0,0,1,0,1,0,0,1,1,2,0,1,not_detected,cavity,1,1,pulmonary,smear_negative_ptb,0,cured
1985,49,F,18.8,0,1,4,0,0,1,0,0,0,1,2,1,1,not_detected,infiltrate,1,1,pulmonary,smear_positive_ptb,0,cured
1986,21,F,19.1,1,1,6,1,1,1,0,0,1,0,4,0,0,N/A,infiltrate,1,1,pulmonary,smear_negative_ptb,0,completed
1987,52,M,15.6,1,1,3,1,0,0,0,1,1,0,2,1,1,not_detected,infiltrate,1,1,pulmonary,smear_positive_ptb,0,completed
1988,59,F,23.4,0,0,0,0,0,0,0,0,0,0,0,0,0,N/A,normal,0,0,none,not_tb,0,not_applicable
1989,65,F,19.4,0,0,0,1,0,1,0,0,0,0,2,1,1,not_detected,infiltrate,1,1,pulmonary,smear_positive_ptb,0,completed
1990,38,M,16.8,0,1,9,1,1,0,0,1,0,1,3,0,0,N/A,infiltrate,1,1,pulmonary,smear_negative_ptb,0,failed
1991,44,M,18.3,1,1,4,1,0,1,0,0,0,0,3,1,0,N/A,normal,0,1,extrapulmonary,extrapulmonary_tb,0,cured
1992,34,F,17.4,0,0,0,0,0,0,0,1,0,0,0,0,0,N/A,other_pathology,1,0,none,not_tb,0,not_applicable
1993,43,M,17.5,0,1,2,1,0,0,0,0,1,1,2,1,1,not_detected,infiltrate,1,1,pulmonary,smear_positive_ptb,0,lost_to_followup
1994,44,M,25.4,1,0,0,0,0,0,0,0,0,0,0,0,0,N/A,normal,0,0,none,not_tb,0,not_applicable
1995,20,M,25.4,0,0,0,0,0,0,0,0,0,0,0,0,0,N/A,infiltrate,1,0,none,not_tb,0,not_applicable
1996,40,F,20.4,1,0,0,0,0,0,0,1,1,0,0,0,0,N/A,pleural_effusion,1,1,pulmonary,smear_negative_ptb,0,lost_to_followup
1997,33,M,25.4,0,0,0,1,0,0,0,0,1,0,1,0,0,N/A,normal,0,0,none,not_tb,0,not_applicable
1998,19,M,25.4,0,1,2,0,0,0,0,0,1,0,1,0,0,N/A,other_pathology,1,0,none,not_tb,0,not_applicable
1999,78,F,19.7,0,0,0,0,0,0,0,0,0,0,0,0,0,N/A,normal,0,0,none,not_tb,0,not_applicable
2000,52,M,23.2,0,0,0,0,0,0,0,0,0,0,0,0,0,N/A,infiltrate,1,0,none,not_tb,0,not_applicable
2001,30,F,21.2,1,1,3,1,1,1,0,1,0,1,4,0,1,not_detected,pleural_effusion,1,1,extrapulmonary,extrapulmonary_tb,0,lost_to_followup
2002,35,M,15.1,1,1,7,0,1,1,0,0,1,0,3,0,0,N/A,normal,0,1,extrapulmonary,extrapulmonary_tb,0,died
2003,47,F,15.0,0,1,8,1,0,1,0,1,1,0,3,1,1,not_detected,infiltrate,1,1,pulmonary,smear_positive_ptb,0,cured
2004,35,F,17.0,1,0,0,0,0,1,0,0,1,0,1,0,0,N/A,normal,0,0,none,not_tb,0,not_applicable
2005,39,M,15.8,1,0,0,0,0,0,0,0,0,0,0,0,0,N/A,normal,0,0,none,not_tb,0,not_applicable
2006,28,F,18.3,1,1,2,1,0,0,0,0,1,0,2,0,0,N/A,normal,0,0,none,not_tb,0,not_applicable
2007,59,M,20.2,0,0,0,0,0,0,0,0,0,0,0,0,0,N/A,normal,0,0,none,not_tb,0,not_applicable
2008,64,M,27.3,0,0,0,0,0,0,0,0,0,0,0,0,0,N/A,normal,0,0,none,not_tb,0,not_applicable
2009,24,M,20.5,0,0,0,0,0,0,0,0,0,0,0,0,0,N/A,other_pathology,1,0,none,not_tb,0,not_applicable
2010,30,F,16.7,0,0,0,0,0,0,0,0,0,0,0,0,0,N/A,infiltrate,1,0,none,not_tb,0,not_applicable
2011,31,M,18.9,1,1,3,0,1,1,0,1,1,1,3,0,0,N/A,normal,0,1,extrapulmonary,extrapulmonary_tb,0,failed
2012,46,M,21.3,0,0,0,0,0,0,0,0,0,0,0,0,0,N/A,old_tb_scar,1,0,none,not_tb,0,not_applicable
2013,21,M,16.5,1,0,0,1,1,0,0,0,1,0,2,1,1,not_detected,infiltrate,1,1,pulmonary,smear_positive_ptb,0,lost_to_followup
2014,50,M,17.0,0,1,2,1,0,0,1,0,1,0,2,1,1,not_detected,infiltrate,1,1,pulmonary,smear_positive_ptb,0,cured
2015,39,M,21.2,1,1,6,1,0,1,0,0,1,1,3,0,0,N/A,normal,0,1,extrapulmonary,extrapulmonary_tb,0,cured
2016,34,M,15.0,0,1,7,0,0,0,0,0,1,1,1,0,1,not_detected,normal,0,1,extrapulmonary,extrapulmonary_tb,0,cured
2017,42,M,14.3,0,0,0,1,1,0,0,0,1,0,2,1,1,not_detected,infiltrate,1,1,pulmonary,smear_positive_ptb,0,failed
2018,40,M,23.6,0,0,0,0,0,0,0,0,1,0,0,0,0,N/A,other_pathology,1,0,none,not_tb,0,not_applicable
2019,32,F,17.0,1,0,0,0,1,1,0,0,1,1,2,1,1,not_detected,infiltrate,1,1,pulmonary,smear_positive_ptb,0,completed
2020,31,M,22.4,1,1,4,1,0,0,0,0,1,1,2,1,1,not_detected,infiltrate,1,1,pulmonary,smear_positive_ptb,0,cured
2021,46,F,18.1,0,1,11,1,0,1,0,0,0,1,3,1,1,not_detected,normal,0,1,pulmonary,smear_positive_ptb,0,lost_to_followup
2022,40,M,21.6,0,1,2,0,0,0,0,0,0,0,1,0,0,N/A,old_tb_scar,1,0,none,not_tb,0,not_applicable
2023,16,M,24.8,1,1,5,0,0,0,0,0,0,0,1,0,0,N/A,other_pathology,1,0,none,not_tb,0,not_applicable
2024,37,M,16.1,0,0,0,0,0,0,0,1,1,0,0,0,0,N/A,normal,0,0,none,not_tb,0,not_applicable
2025,38,M,19.3,0,1,7,1,1,0,0,1,0,1,3,0,0,N/A,cavity,1,1,pulmonary,smear_negative_ptb,0,cured
2026,35,M,20.7,0,0,0,0,0,0,0,0,1,0,0,0,1,not_detected,normal,0,0,none,not_tb,0,not_applicable
2027,37,F,25.6,0,0,0,0,0,0,0,0,0,0,0,0,0,N/A,infiltrate,1,0,none,not_tb,0,not_applicable
2028,42,M,19.7,0,1,3,1,0,0,0,0,0,0,2,0,0,N/A,normal,0,0,none,not_tb,0,not_applicable
2029,16,M,22.6,0,0,0,0,0,0,0,0,0,0,0,0,0,N/A,normal,0,0,none,not_tb,0,not_applicable
2030,19,F,20.7,1,0,0,0,1,0,0,0,0,0,1,0,1,not_detected,normal,0,0,none,not_tb,0,not_applicable
2031,32,M,23.4,0,0,0,0,0,0,0,1,0,0,0,0,0,N/A,infiltrate,1,0,none,not_tb,0,not_applicable
2032,29,M,21.1,0,0,0,1,0,0,0,1,0,0,1,0,0,N/A,other_pathology,1,0,none,not_tb,0,not_applicable
2033,57,M,19.2,1,1,7,0,1,0,1,0,1,0,2,0,1,not_detected,infiltrate,1,1,pulmonary,smear_negative_ptb,0,lost_to_followup
2034,26,M,28.1,0,0,0,0,0,0,0,0,0,0,0,0,0,N/A,normal,0,0,none,not_tb,0,not_applicable
2035,34,M,21.0,0,0,0,0,0,0,0,0,0,0,0,0,0,N/A,normal,0,0,none,not_tb,0,not_applicable
2036,27,F,23.4,0,0,0,0,0,0,0,1,1,0,0,0,0,N/A,normal,0,0,none,not_tb,0,not_applicable
2037,63,F,30.0,0,0,0,0,0,0,0,0,0,1,0,0,0,N/A,other_pathology,1,0,none,not_tb,0,not_applicable
2038,15,M,23.4,0,0,0,0,0,1,0,0,1,0,1,0,0,N/A,old_tb_scar,1,0,none,not_tb,0,not_applicable
2039,41,F,13.5,0,0,0,0,0,0,0,0,1,0,0,0,0,N/A,normal,0,0,none,not_tb,0,not_applicable
2040,42,F,16.8,1,1,5,1,1,1,0,0,1,0,4,0,1,not_detected,infiltrate,1,1,pulmonary,smear_negative_ptb,0,died
2041,60,M,15.5,0,1,5,1,1,0,1,0,1,0,3,1,1,not_detected,infiltrate,1,1,pulmonary,smear_positive_ptb,0,cured
2042,48,F,25.2,0,0,0,0,0,0,0,0,0,0,0,0,0,N/A,normal,0,0,none,not_tb,0,not_applicable
2043,30,F,18.3,1,0,0,1,0,1,0,1,1,1,2,0,0,N/A,normal,0,1,extrapulmonary,extrapulmonary_tb,0,lost_to_followup
2044,22,F,25.7,1,0,0,0,0,0,0,0,0,0,0,0,0,N/A,old_tb_scar,1,0,none,not_tb,0,not_applicable
2045,37,F,20.0,0,1,7,1,1,1,0,1,0,0,4,0,0,N/A,miliary,1,1,pulmonary,smear_negative_ptb,0,cured
2046,27,M,24.1,0,0,0,0,0,0,0,0,0,0,0,0,0,N/A,normal,0,0,none,not_tb,0,not_applicable
2047,38,M,15.4,0,1,5,0,1,0,1,0,0,0,2,0,1,not_detected,pleural_effusion,1,1,pulmonary,smear_negative_ptb,0,cured
2048,29,M,23.8,0,0,0,0,0,0,0,0,0,0,0,0,0,N/A,old_tb_scar,1,0,none,not_tb,0,not_applicable
2049,25,M,26.8,0,0,0,0,1,1,0,0,1,0,2,0,0,N/A,normal,0,0,none,not_tb,0,not_applicable
2050,31,M,16.9,0,0,0,0,0,0,0,0,0,0,0,0,0,N/A,normal,0,0,none,not_tb,0,not_applicable
2051,52,F,17.7,1,0,0,1,0,0,0,1,1,1,1,1,1,not_detected,miliary,1,1,pulmonary,smear_positive_ptb,0,cured
2052,37,M,19.4,1,1,9,1,0,1,0,1,1,1,3,0,1,not_detected,pleural_effusion,1,1,pulmonary,smear_negative_ptb,0,cured
2053,25,M,18.7,0,0,0,1,1,0,0,0,1,0,2,1,1,not_detected,pleural_effusion,1,1,pulmonary,smear_positive_ptb,0,cured
2054,46,F,27.0,0,0,0,1,0,0,0,0,0,0,1,0,0,N/A,normal,0,0,none,not_tb,0,not_applicable
2055,40,M,20.3,0,0,0,1,1,1,1,1,1,1,3,1,1,not_detected,infiltrate,1,1,pulmonary,smear_positive_ptb,0,cured
2056,40,M,23.4,0,0,0,0,0,0,0,0,1,0,0,0,0,N/A,normal,0,0,none,not_tb,0,not_applicable
2057,36,F,24.9,0,0,0,0,0,0,0,0,0,0,0,0,0,N/A,normal,0,0,none,not_tb,0,not_applicable
2058,17,M,24.7,0,1,3,0,0,0,0,0,0,0,1,0,0,N/A,other_pathology,1,0,none,not_tb,0,not_applicable
2059,46,M,22.1,0,0,0,0,0,0,0,0,0,1,0,0,0,N/A,normal,0,0,none,not_tb,0,not_applicable
2060,38,M,17.6,1,1,2,0,1,1,1,0,1,1,3,0,1,not_detected,normal,0,1,extrapulmonary,extrapulmonary_tb,0,cured
2061,46,F,25.5,0,0,0,0,0,1,0,0,0,0,1,0,0,N/A,normal,0,0,none,not_tb,0,not_applicable
2062,24,M,19.4,0,0,0,1,0,0,0,0,0,0,1,0,0,N/A,infiltrate,1,0,none,not_tb,0,not_applicable
2063,23,M,18.3,0,1,3,1,1,0,0,0,1,0,3,0,1,not_detected,cavity,1,1,pulmonary,smear_negative_ptb,0,cured
2064,65,M,18.0,0,0,0,0,0,0,0,0,0,0,0,0,0,N/A,normal,0,0,none,not_tb,0,not_applicable
2065,61,M,24.6,0,1,4,1,0,0,0,0,0,0,2,0,0,N/A,normal,0,0,none,not_tb,0,not_applicable
2066,63,F,26.3,1,0,0,0,0,0,0,0,1,0,0,0,0,N/A,normal,0,0,none,not_tb,0,not_applicable
2067,34,M,18.7,0,0,0,0,0,0,0,0,0,1,0,0,0,N/A,normal,0,0,none,not_tb,0,not_applicable
2068,19,F,18.1,1,0,0,0,0,1,0,1,1,1,1,1,1,not_detected,miliary,1,1,pulmonary,smear_positive_ptb,0,cured
2069,18,M,17.3,0,1,8,0,0,1,0,0,1,0,2,1,1,not_detected,cavity,1,1,pulmonary,smear_positive_ptb,0,completed
2070,47,M,25.8,0,0,0,1,0,0,0,0,0,0,1,0,0,N/A,normal,0,0,none,not_tb,0,not_applicable
2071,41,F,22.0,1,1,4,1,1,1,0,0,0,1,4,1,1,not_detected,infiltrate,1,1,pulmonary,smear_positive_ptb,0,cured
2072,35,M,20.3,0,0,0,0,0,0,0,0,0,0,0,0,0,N/A,other_pathology,1,0,none,not_tb,0,not_applicable
2073,18,M,12.0,1,0,0,0,0,0,0,0,0,0,0,0,0,N/A,old_tb_scar,1,0,none,not_tb,0,not_applicable
2074,47,F,26.0,0,0,0,0,0,0,0,1,0,0,0,0,0,N/A,normal,0,0,none,not_tb,0,not_applicable
2075,56,M,22.2,0,0,0,0,0,0,0,1,0,0,0,0,0,N/A,normal,0,0,none,not_tb,0,not_applicable
2076,28,M,22.2,0,0,0,1,0,0,0,0,0,0,1,0,0,N/A,normal,0,0,none,not_tb,0,not_applicable
2077,31,F,25.4,0,0,0,0,0,0,0,0,0,0,0,0,0,N/A,normal,0,0,none,not_tb,0,not_applicable
2078,17,M,20.7,1,0,0,1,0,0,0,0,0,0,1,0,0,N/A,normal,0,0,none,not_tb,0,not_applicable
2079,36,M,19.8,0,0,0,0,0,0,0,1,1,1,0,0,0,N/A,infiltrate,1,0,none,not_tb,0,not_applicable
2080,18,M,20.8,0,0,0,0,0,0,0,0,1,0,0,0,0,N/A,normal,0,0,none,not_tb,0,not_applicable
2081,25,M,19.7,0,1,4,0,0,1,0,1,1,1,2,1,1,not_detected,infiltrate,1,1,pulmonary,smear_positive_ptb,0,cured
2082,40,M,25.1,0,0,0,0,0,0,0,0,0,0,0,0,0,N/A,normal,0,0,none,not_tb,0,not_applicable
2083,15,F,27.7,0,0,0,0,0,1,0,0,0,0,1,0,0,N/A,other_pathology,1,0,none,not_tb,0,not_applicable
2084,40,M,23.4,0,0,0,0,0,0,0,0,0,0,0,0,0,N/A,normal,0,0,none,not_tb,0,not_applicable
2085,21,F,21.5,0,0,0,0,0,0,0,0,0,0,0,0,0,N/A,normal,0,0,none,not_tb,0,not_applicable
2086,21,M,25.1,0,0,0,1,0,0,0,0,0,0,1,0,0,N/A,normal,0,0,none,not_tb,0,not_applicable
2087,44,M,16.1,1,1,4,1,1,1,0,1,1,0,4,0,0,N/A,infiltrate,1,1,pulmonary,smear_negative_ptb,0,cured
2088,47,M,22.0,1,1,6,0,1,1,0,1,0,1,3,0,1,not_detected,normal,0,1,extrapulmonary,extrapulmonary_tb,0,completed
2089,41,F,22.7,0,1,2,0,0,0,0,0,1,0,1,0,0,N/A,normal,0,0,none,not_tb,0,not_applicable
2090,76,M,21.2,0,0,0,0,0,0,0,0,0,0,0,0,0,N/A,normal,0,0,none,not_tb,0,not_applicable
2091,17,M,18.6,0,0,0,0,0,0,0,0,1,0,0,0,0,N/A,normal,0,0,none,not_tb,0,not_applicable
2092,53,F,24.2,0,0,0,0,0,1,0,0,0,0,1,0,0,N/A,normal,0,0,none,not_tb,0,not_applicable
2093,22,M,21.0,0,0,0,0,0,0,0,0,1,1,0,0,0,N/A,old_tb_scar,1,0,none,not_tb,0,not_applicable
2094,20,M,21.7,0,0,0,1,0,1,0,1,0,0,2,0,0,N/A,other_pathology,1,0,none,not_tb,0,not_applicable
2095,40,F,16.2,0,0,0,0,0,0,0,0,0,0,0,0,0,N/A,old_tb_scar,1,0,none,not_tb,0,not_applicable
2096,48,M,20.5,0,0,0,0,0,0,0,0,0,0,0,0,0,N/A,normal,0,0,none,not_tb,0,not_applicable
2097,35,M,20.0,1,0,0,0,0,0,0,0,0,0,0,0,0,N/A,normal,0,0,none,not_tb,0,not_applicable
2098,34,M,23.5,0,0,0,1,0,0,0,0,1,0,1,0,0,N/A,normal,0,0,none,not_tb,0,not_applicable
2099,42,M,17.8,0,1,5,0,1,0,0,1,1,1,2,0,0,N/A,pleural_effusion,1,1,pulmonary,smear_negative_ptb,0,cured
2100,38,M,12.7,1,0,0,0,0,0,0,0,1,0,0,0,0,N/A,normal,0,0,none,not_tb,0,not_applicable
2101,64,F,17.5,0,1,5,1,1,0,0,1,1,0,3,1,1,not_detected,miliary,1,1,pulmonary,smear_positive_ptb,0,cured
2102,42,M,16.9,0,0,0,0,0,0,0,0,0,0,0,0,0,N/A,normal,0,0,none,not_tb,0,not_applicable
2103,40,F,18.4,0,0,0,0,1,0,0,0,1,0,1,0,0,N/A,other_pathology,1,0,none,not_tb,0,not_applicable
2104,26,F,21.0,0,1,4,1,0,0,1,0,0,0,2,1,1,not_detected,normal,0,1,pulmonary,smear_positive_ptb,0,failed
2105,47,F,16.1,0,0,0,0,0,0,0,0,0,0,0,0,0,N/A,normal,0,0,none,not_tb,0,not_applicable
2106,47,F,23.0,0,0,0,0,0,0,0,0,1,0,0,0,0,N/A,normal,0,0,none,not_tb,0,not_applicable
2107,30,F,17.2,1,0,0,1,1,1,0,1,0,0,3,0,1,not_detected,pleural_effusion,1,1,pulmonary,smear_negative_ptb,0,cured
2108,33,F,19.5,1,0,0,1,0,1,0,0,0,0,2,0,0,N/A,normal,0,0,none,not_tb,0,not_applicable
2109,34,M,18.6,1,0,0,1,0,0,0,0,1,0,1,0,0,N/A,normal,0,0,none,not_tb,0,not_applicable
2110,44,M,23.1,0,0,0,0,0,0,0,0,0,0,0,0,0,N/A,normal,0,0,none,not_tb,0,not_applicable
2111,15,M,23.5,0,0,0,0,0,0,0,0,0,1,0,0,0,N/A,old_tb_scar,1,0,none,not_tb,0,not_applicable
2112,38,M,14.2,0,1,8,0,1,0,0,1,1,1,2,1,1,detected,infiltrate,1,1,pulmonary,smear_positive_ptb,1,cured
2113,42,M,21.4,1,0,0,0,1,0,0,0,1,1,1,0,0,N/A,infiltrate,1,1,pulmonary,smear_negative_ptb,1,completed
2114,26,F,17.8,0,0,0,0,0,0,0,0,0,0,0,0,0,N/A,normal,0,0,none,not_tb,0,not_applicable
2115,36,M,19.5,0,1,3,1,0,1,0,0,1,0,3,1,1,not_detected,cavity,1,1,pulmonary,smear_positive_ptb,0,lost_to_followup
2116,36,F,17.9,0,0,0,0,0,0,0,0,1,0,0,0,0,N/A,normal,0,0,none,not_tb,0,not_applicable
2117,20,M,20.4,0,0,0,0,0,0,0,0,0,1,0,0,0,N/A,normal,0,0,none,not_tb,0,not_applicable
2118,52,M,17.5,1,0,0,0,0,0,0,0,1,0,0,0,1,not_detected,old_tb_scar,1,0,none,not_tb,0,not_applicable
2119,39,M,20.1,0,0,0,0,0,0,0,0,1,0,0,0,0,N/A,normal,0,0,none,not_tb,0,not_applicable
2120,33,M,21.3,0,0,0,0,0,0,0,0,0,0,0,0,0,N/A,normal,0,0,none,not_tb,0,not_applicable
2121,23,M,18.0,0,0,0,0,0,0,0,0,0,0,0,0,0,N/A,normal,0,0,none,not_tb,0,not_applicable
2122,43,M,23.1,1,0,0,0,0,0,0,0,0,0,0,0,0,N/A,old_tb_scar,1,0,none,not_tb,0,not_applicable
2123,21,M,19.6,0,0,0,1,1,1,0,0,0,1,3,1,1,not_detected,cavity,1,1,pulmonary,smear_positive_ptb,0,cured
2124,20,M,31.5,0,0,0,1,0,0,0,0,0,1,1,0,0,N/A,other_pathology,1,0,none,not_tb,0,not_applicable
2125,37,M,20.8,0,0,0,0,1,0,0,1,0,1,1,0,1,detected,miliary,1,1,pulmonary,smear_negative_ptb,0,completed
2126,38,M,21.4,1,1,5,1,1,1,0,1,1,1,4,0,1,not_detected,pleural_effusion,1,1,pulmonary,smear_negative_ptb,0,cured
2127,24,M,15.8,0,0,0,0,0,0,0,0,0,0,0,0,0,N/A,normal,0,0,none,not_tb,0,not_applicable
2128,32,M,15.1,1,0,0,0,0,0,0,0,0,0,0,0,0,N/A,normal,0,0,none,not_tb,0,not_applicable
2129,46,M,21.0,0,0,0,1,0,0,0,0,1,0,1,0,0,N/A,normal,0,0,none,not_tb,0,not_applicable
2130,49,M,28.3,0,0,0,0,0,0,0,0,1,0,0,0,0,N/A,normal,0,0,none,not_tb,0,not_applicable
2131,44,M,24.7,1,0,0,1,1,0,0,1,1,1,2,0,1,not_detected,infiltrate,1,1,pulmonary,smear_negative_ptb,0,lost_to_followup
2132,47,F,19.6,0,0,0,0,0,0,0,0,0,0,0,0,0,N/A,normal,0,0,none,not_tb,0,not_applicable
2133,19,F,17.0,0,0,0,1,0,1,0,1,0,1,2,1,1,not_detected,infiltrate,1,1,pulmonary,smear_positive_ptb,0,cured
2134,48,F,19.9,0,0,0,1,0,1,0,0,1,1,2,0,1,not_detected,infiltrate,1,1,pulmonary,smear_negative_ptb,0,cured
2135,63,M,18.0,0,0,0,1,0,1,0,0,1,0,2,1,1,not_detected,cavity,1,1,pulmonary,smear_positive_ptb,0,cured
2136,42,M,21.4,0,0,0,1,0,0,0,0,0,0,1,0,0,N/A,infiltrate,1,0,none,not_tb,0,not_applicable
2137,27,M,20.1,0,1,3,1,0,1,0,0,1,1,3,0,0,N/A,infiltrate,1,1,pulmonary,smear_negative_ptb,0,cured
2138,19,F,31.5,0,0,0,0,0,0,0,0,0,0,0,0,0,N/A,normal,0,0,none,not_tb,0,not_applicable
2139,42,F,26.6,0,0,0,0,0,0,0,0,1,0,0,0,0,N/A,other_pathology,1,0,none,not_tb,0,not_applicable
2140,43,F,28.5,0,0,0,0,0,0,0,0,0,0,0,0,0,N/A,normal,0,0,none,not_tb,0,not_applicable
2141,28,F,15.5,0,0,0,0,0,0,0,0,0,0,0,0,0,N/A,old_tb_scar,1,0,none,not_tb,0,not_applicable
2142,52,M,25.8,0,0,0,0,0,0,0,0,0,1,0,0,0,N/A,normal,0,0,none,not_tb,0,not_applicable
2143,16,F,16.1,1,1,3,0,0,0,0,1,1,0,1,0,1,not_detected,infiltrate,1,1,pulmonary,smear_negative_ptb,0,cured
2144,35,F,27.9,1,0,0,1,0,0,0,0,0,0,1,0,0,N/A,normal,0,0,none,not_tb,0,not_applicable
2145,37,M,21.9,1,1,8,0,1,1,0,1,1,0,3,0,0,N/A,infiltrate,1,1,pulmonary,smear_negative_ptb,0,completed
2146,43,F,24.1,0,0,0,0,0,0,0,0,0,0,0,0,0,N/A,normal,0,0,none,not_tb,0,not_applicable
2147,38,M,16.6,0,1,4,1,1,1,1,0,0,0,4,1,1,not_detected,cavity,1,1,pulmonary,smear_positive_ptb,0,died
2148,48,F,17.3,1,1,2,1,0,1,1,1,1,1,3,0,0,N/A,pleural_effusion,1,1,pulmonary,smear_negative_ptb,0,completed
2149,27,F,20.6,0,0,0,0,0,0,0,0,0,0,0,0,0,N/A,other_pathology,1,0,none,not_tb,0,not_applicable
2150,45,M,24.7,1,0,0,0,0,0,0,0,0,0,0,0,0,N/A,normal,0,0,none,not_tb,0,not_applicable
2151,38,F,23.4,0,0,0,1,0,0,0,0,0,0,1,0,0,N/A,normal,0,0,none,not_tb,0,not_applicable
2152,45,M,27.0,0,0,0,0,1,1,0,0,0,0,2,0,0,N/A,normal,0,0,none,not_tb,0,not_applicable
2153,44,F,27.6,0,0,0,0,1,0,0,0,1,0,1,0,0,N/A,old_tb_scar,1,0,none,not_tb,0,not_applicable
2154,55,F,19.0,0,0,0,0,0,0,0,0,0,0,0,0,0,N/A,other_pathology,1,0,none,not_tb,0,not_applicable
2155,43,F,19.7,1,1,4,1,0,0,0,1,0,1,2,0,1,not_detected,infiltrate,1,1,pulmonary,smear_negative_ptb,0,failed
2156,24,F,19.7,0,0,0,1,0,0,0,0,1,1,1,1,0,N/A,cavity,1,1,pulmonary,smear_positive_ptb,0,cured
2157,28,M,18.3,0,1,4,0,1,1,0,1,0,0,3,0,1,not_detected,cavity,1,1,pulmonary,smear_negative_ptb,0,cured
2158,40,M,20.9,1,1,2,0,0,1,0,0,1,1,2,1,1,not_detected,cavity,1,1,pulmonary,smear_positive_ptb,0,lost_to_followup
2159,47,M,23.7,0,0,0,0,0,0,0,0,0,0,0,0,0,N/A,normal,0,0,none,not_tb,0,not_applicable
2160,63,M,17.1,1,0,0,1,1,0,0,0,1,1,2,0,1,not_detected,infiltrate,1,1,pulmonary,smear_negative_ptb,0,completed
2161,43,M,21.5,0,0,0,0,0,0,0,0,0,1,0,0,0,N/A,normal,0,0,none,not_tb,0,not_applicable
2162,42,M,17.6,1,1,9,0,0,1,0,1,1,1,2,0,1,not_detected,infiltrate,1,1,pulmonary,smear_negative_ptb,0,failed
2163,29,M,19.5,0,0,0,0,0,0,0,0,0,0,0,0,0,N/A,other_pathology,1,0,none,not_tb,0,not_applicable
2164,38,M,18.3,1,1,8,0,1,0,0,0,1,1,2,1,1,not_detected,pleural_effusion,1,1,pulmonary,smear_positive_ptb,0,completed
2165,46,F,15.3,1,1,3,0,0,0,0,1,1,1,1,0,0,N/A,normal,0,1,extrapulmonary,extrapulmonary_tb,0,cured
2166,41,M,23.7,0,0,0,0,0,0,0,0,1,0,0,0,0,N/A,other_pathology,1,0,none,not_tb,0,not_applicable
2167,55,F,26.9,0,0,0,0,0,0,0,0,0,0,0,0,1,not_detected,normal,0,0,none,not_tb,0,not_applicable
2168,23,M,22.2,1,0,0,0,0,0,0,0,0,0,0,1,0,N/A,old_tb_scar,1,0,none,not_tb,0,not_applicable
2169,66,M,25.3,0,0,0,0,0,0,0,0,0,1,0,0,0,N/A,old_tb_scar,1,0,none,not_tb,0,not_applicable
2170,32,M,22.5,0,0,0,0,0,0,0,0,0,0,0,1,0,N/A,normal,0,0,none,not_tb,0,not_applicable
2171,33,M,18.4,0,0,0,0,0,0,0,0,0,1,0,0,0,N/A,normal,0,0,none,not_tb,0,not_applicable
2172,31,M,29.0,1,0,0,0,0,0,0,0,1,0,0,0,0,N/A,infiltrate,1,0,none,not_tb,0,not_applicable
2173,34,M,12.4,0,0,0,1,0,1,0,1,0,0,2,1,1,not_detected,normal,0,1,pulmonary,smear_positive_ptb,0,completed
2174,24,M,18.5,0,1,5,1,1,1,0,0,1,0,4,1,1,not_detected,infiltrate,1,1,pulmonary,smear_positive_ptb,0,completed
2175,24,M,16.6,0,1,4,1,1,0,0,0,1,0,3,1,1,not_detected,cavity,1,1,pulmonary,smear_positive_ptb,0,cured
2176,52,M,27.5,0,0,0,0,0,0,0,0,0,0,0,0,0,N/A,normal,0,0,none,not_tb,0,not_applicable
2177,32,M,19.0,0,1,10,0,0,1,0,1,1,0,2,1,1,not_detected,cavity,1,1,pulmonary,smear_positive_ptb,0,cured
2178,57,F,24.9,0,1,7,1,0,1,0,1,1,1,3,1,1,not_detected,infiltrate,1,1,pulmonary,smear_positive_ptb,0,failed
2179,35,M,22.1,0,0,0,0,0,0,0,0,0,0,0,0,0,N/A,normal,0,0,none,not_tb,0,not_applicable
2180,24,F,19.3,1,1,2,0,0,0,0,0,0,0,1,0,0,N/A,infiltrate,1,0,none,not_tb,0,not_applicable
2181,37,F,16.0,0,0,0,0,0,0,0,0,0,0,0,0,0,N/A,normal,0,0,none,not_tb,0,not_applicable
2182,52,F,25.9,0,0,0,0,0,0,0,0,0,0,0,0,0,N/A,normal,0,0,none,not_tb,0,not_applicable
2183,70,F,16.4,0,0,0,1,0,0,0,0,1,1,1,1,1,not_detected,pleural_effusion,1,1,pulmonary,smear_positive_ptb,0,completed
2184,35,M,20.5,0,0,0,0,0,1,0,0,0,0,1,0,0,N/A,old_tb_scar,1,0,none,not_tb,0,not_applicable
2185,31,M,21.6,0,1,9,1,1,0,0,0,1,0,3,1,1,not_detected,normal,0,1,pulmonary,smear_positive_ptb,0,cured
2186,18,M,21.1,1,1,2,0,0,1,0,0,1,1,2,0,1,not_detected,normal,0,1,extrapulmonary,extrapulmonary_tb,0,cured
2187,41,F,17.0,1,1,6,0,0,1,0,0,1,1,2,0,1,detected,miliary,1,1,pulmonary,smear_negative_ptb,1,failed
2188,17,F,17.4,1,0,0,1,1,0,0,1,1,1,2,0,1,not_detected,pleural_effusion,1,1,pulmonary,smear_negative_ptb,0,cured
2189,32,M,15.9,1,0,0,0,0,0,0,0,0,0,0,0,0,N/A,normal,0,0,none,not_tb,0,not_applicable
2190,61,F,14.8,0,0,0,0,0,0,0,0,0,0,0,0,0,N/A,other_pathology,1,0,none,not_tb,0,not_applicable
2191,46,M,20.4,1,0,0,1,1,0,0,0,1,1,2,1,1,not_detected,infiltrate,1,1,pulmonary,smear_positive_ptb,0,died
2192,46,M,20.7,1,0,0,1,0,1,0,0,1,0,2,0,0,N/A,normal,0,1,extrapulmonary,extrapulmonary_tb,0,completed
2193,23,F,19.4,1,1,2,0,1,1,0,1,1,1,3,0,1,not_detected,normal,0,1,pulmonary,smear_negative_ptb,0,cured
2194,44,M,19.0,1,0,0,1,1,0,0,1,1,1,2,1,1,detected,infiltrate,1,1,pulmonary,smear_positive_ptb,1,cured
2195,43,F,19.5,1,0,0,0,0,0,0,0,0,0,0,0,0,N/A,normal,0,0,none,not_tb,0,not_applicable
2196,63,F,27.1,1,0,0,0,0,0,0,0,0,0,0,0,0,N/A,normal,0,0,none,not_tb,0,not_applicable
2197,15,M,14.0,0,0,0,1,0,1,0,0,1,0,2,1,1,not_detected,infiltrate,1,1,pulmonary,smear_positive_ptb,0,completed
2198,66,M,17.3,0,1,3,1,0,1,0,0,1,0,3,1,1,not_detected,infiltrate,1,1,pulmonary,smear_positive_ptb,0,completed
2199,49,M,22.6,0,0,0,0,0,0,0,0,0,0,0,0,0,N/A,old_tb_scar,1,0,none,not_tb,0,not_applicable
2200,36,F,22.0,0,0,0,0,0,0,0,1,1,0,0,0,0,N/A,normal,0,0,none,not_tb,0,not_applicable
2201,32,M,22.0,0,0,0,0,0,0,0,0,0,0,0,0,0,N/A,normal,0,0,none,not_tb,0,not_applicable
2202,55,F,17.2,0,1,2,1,1,0,0,0,1,1,3,0,1,not_detected,pleural_effusion,1,1,pulmonary,smear_negative_ptb,0,completed
2203,33,F,23.9,0,0,0,0,0,0,0,0,0,0,0,0,0,N/A,normal,0,0,none,not_tb,0,not_applicable
2204,33,M,15.5,0,1,6,1,1,0,0,0,1,1,3,1,1,not_detected,normal,0,1,pulmonary,smear_positive_ptb,0,completed
2205,53,M,21.5,0,0,0,0,0,0,0,0,0,0,0,0,0,N/A,normal,0,0,none,not_tb,0,not_applicable
2206,41,F,23.5,0,0,0,0,0,0,0,0,0,0,0,0,0,N/A,normal,0,0,none,not_tb,0,not_applicable
2207,60,F,20.8,0,0,0,1,0,0,0,0,1,0,1,0,0,N/A,other_pathology,1,0,none,not_tb,0,not_applicable
2208,26,M,18.5,0,1,7,1,1,1,1,0,1,1,4,1,1,not_detected,infiltrate,1,1,pulmonary,smear_positive_ptb,0,died
2209,45,M,22.8,1,0,0,0,0,0,0,0,1,0,0,0,0,N/A,old_tb_scar,1,0,none,not_tb,0,not_applicable
2210,19,M,14.1,0,1,5,1,0,1,0,1,0,1,3,0,0,N/A,infiltrate,1,1,pulmonary,smear_negative_ptb,0,cured
2211,48,F,16.2,1,0,0,0,0,0,0,1,0,0,0,0,0,N/A,other_pathology,1,0,none,not_tb,0,not_applicable
2212,40,M,18.8,0,1,6,1,0,1,0,1,1,0,3,0,1,not_detected,infiltrate,1,1,pulmonary,smear_negative_ptb,0,cured
2213,41,F,19.9,0,1,5,0,0,0,0,0,0,0,1,0,0,N/A,old_tb_scar,1,0,none,not_tb,0,not_applicable
2214,30,M,17.1,0,0,0,0,0,1,0,0,0,1,1,0,1,not_detected,normal,0,1,extrapulmonary,extrapulmonary_tb,0,cured
2215,41,F,24.0,1,0,0,0,0,0,0,0,1,0,0,0,0,N/A,normal,0,0,none,not_tb,0,not_applicable
2216,33,M,18.5,0,0,0,0,0,0,0,0,0,0,0,0,0,N/A,normal,0,0,none,not_tb,0,not_applicable
2217,32,M,13.6,0,0,0,0,0,0,0,0,0,0,0,0,0,N/A,normal,0,0,none,not_tb,0,not_applicable
2218,41,F,27.8,0,0,0,0,0,0,0,0,1,0,0,0,0,N/A,normal,0,0,none,not_tb,0,not_applicable
2219,38,F,26.2,0,0,0,0,0,0,0,0,0,0,0,0,0,N/A,normal,0,0,none,not_tb,0,not_applicable
2220,40,M,26.2,0,0,0,1,0,0,0,0,0,0,1,0,0,N/A,normal,0,0,none,not_tb,0,not_applicable
2221,30,M,18.1,0,1,3,0,0,0,0,0,0,0,1,0,1,not_detected,normal,0,0,none,not_tb,0,not_applicable
2222,48,M,18.3,0,1,2,0,0,0,0,1,0,1,1,1,1,not_detected,infiltrate,1,1,pulmonary,smear_positive_ptb,0,died
2223,30,M,15.3,0,1,7,1,1,0,1,0,1,1,3,1,1,not_detected,pleural_effusion,1,1,pulmonary,smear_positive_ptb,0,died
2224,36,M,18.4,1,1,3,1,1,0,0,1,0,0,3,1,1,detected,cavity,1,1,pulmonary,smear_positive_ptb,1,died
2225,33,F,17.6,1,0,0,1,1,1,0,0,0,0,3,0,1,not_detected,infiltrate,1,1,pulmonary,smear_negative_ptb,0,died
2226,26,M,15.8,1,0,0,1,0,1,0,0,1,1,2,0,0,N/A,infiltrate,1,1,pulmonary,smear_negative_ptb,0,cured
2227,25,F,23.8,0,0,0,0,0,0,0,0,0,0,0,0,0,N/A,normal,0,0,none,not_tb,0,not_applicable
2228,47,M,17.9,0,0,0,0,0,1,1,1,1,1,1,1,1,not_detected,infiltrate,1,1,pulmonary,smear_positive_ptb,0,cured
2229,26,M,28.0,0,0,0,0,0,0,0,0,0,1,0,0,0,N/A,infiltrate,1,0,none,not_tb,0,not_applicable
2230,35,F,22.3,0,0,0,0,0,1,0,0,0,0,1,0,0,N/A,normal,0,0,none,not_tb,0,not_applicable
2231,22,M,13.1,0,0,0,0,0,0,0,0,0,0,0,0,0,N/A,old_tb_scar,1,0,none,not_tb,0,not_applicable
2232,36,F,15.7,1,0,0,0,0,0,0,0,0,0,0,0,0,N/A,normal,0,0,none,not_tb,0,not_applicable
2233,27,M,29.3,1,0,0,0,0,0,0,0,0,0,0,0,0,N/A,other_pathology,1,0,none,not_tb,0,not_applicable
2234,44,F,20.7,0,0,0,0,0,0,0,0,0,0,0,0,0,N/A,normal,0,0,none,not_tb,0,not_applicable
2235,35,F,22.8,0,0,0,0,0,0,0,0,0,0,0,0,0,N/A,other_pathology,1,0,none,not_tb,0,not_applicable
2236,33,F,22.0,0,1,5,0,0,0,0,0,1,0,1,0,0,N/A,old_tb_scar,1,0,none,not_tb,0,not_applicable
2237,59,M,22.0,0,1,6,0,0,1,0,0,1,1,2,0,1,detected,infiltrate,1,1,pulmonary,smear_negative_ptb,1,cured
2238,30,M,15.3,0,0,0,0,0,0,0,0,0,0,0,0,0,N/A,normal,0,0,none,not_tb,0,not_applicable
2239,40,M,21.8,0,1,3,1,1,1,0,0,1,0,4,0,1,not_detected,infiltrate,1,1,pulmonary,smear_negative_ptb,0,cured
2240,41,M,26.4,0,0,0,0,0,1,0,0,1,0,1,0,0,N/A,normal,0,0,none,not_tb,0,not_applicable
2241,24,M,22.0,1,0,0,0,0,0,0,0,0,0,0,0,0,N/A,other_pathology,1,0,none,not_tb,0,not_applicable
2242,39,M,19.5,0,1,4,0,0,1,0,0,1,1,2,0,1,not_detected,normal,0,1,extrapulmonary,extrapulmonary_tb,0,cured
2243,52,M,17.6,0,1,7,0,0,1,0,1,1,1,2,0,1,detected,infiltrate,1,1,pulmonary,smear_negative_ptb,1,failed
2244,29,M,16.1,0,0,0,0,0,0,0,1,0,0,0,0,0,N/A,normal,0,0,none,not_tb,0,not_applicable
2245,34,M,20.0,0,1,3,0,0,1,0,0,0,1,2,0,1,not_detected,infiltrate,1,1,pulmonary,smear_negative_ptb,0,completed
2246,37,M,19.1,0,1,5,0,0,0,0,0,0,1,1,0,0,N/A,miliary,1,1,pulmonary,smear_negative_ptb,0,cured
2247,41,M,22.9,0,1,2,0,0,0,0,0,0,0,1,0,0,N/A,normal,0,0,none,not_tb,0,not_applicable
2248,26,F,23.7,0,0,0,0,0,0,0,0,1,0,0,0,1,not_detected,normal,0,0,none,not_tb,0,not_applicable
2249,31,M,19.9,0,0,0,0,0,0,0,0,0,0,0,0,0,N/A,normal,0,0,none,not_tb,0,not_applicable
2250,28,M,22.2,1,1,8,1,1,0,0,0,1,0,3,0,1,not_detected,normal,0,1,extrapulmonary,extrapulmonary_tb,0,completed
2251,53,M,22.0,1,0,0,0,0,0,0,0,0,1,0,0,0,N/A,other_pathology,1,0,none,not_tb,0,not_applicable
2252,27,F,23.9,0,0,0,1,0,0,0,0,0,0,1,0,0,N/A,normal,0,0,none,not_tb,0,not_applicable
2253,45,M,21.0,1,0,0,0,0,0,0,1,0,1,0,0,0,N/A,old_tb_scar,1,0,none,not_tb,0,not_applicable
2254,29,F,25.7,1,0,0,0,0,0,0,0,1,0,0,0,0,N/A,old_tb_scar,1,0,none,not_tb,0,not_applicable
2255,72,F,22.4,0,0,0,0,0,0,0,0,1,0,0,0,0,N/A,normal,0,0,none,not_tb,0,not_applicable
2256,41,M,21.7,0,0,0,0,0,0,0,0,0,0,0,0,0,N/A,normal,0,0,none,not_tb,0,not_applicable
2257,20,F,21.5,1,1,4,1,1,1,0,0,0,1,4,0,0,N/A,infiltrate,1,1,pulmonary,smear_negative_ptb,0,completed
2258,38,F,14.2,0,1,4,1,0,1,0,0,1,1,3,1,1,not_detected,pleural_effusion,1,1,pulmonary,smear_positive_ptb,0,completed
2259,18,M,17.8,0,0,0,1,1,0,0,1,1,0,2,1,1,not_detected,normal,0,1,pulmonary,smear_positive_ptb,0,completed
2260,26,M,19.9,0,0,0,0,0,0,0,0,0,0,0,0,0,N/A,infiltrate,1,0,none,not_tb,0,not_applicable
2261,36,F,23.3,0,0,0,0,0,1,0,0,0,0,1,0,0,N/A,normal,0,0,none,not_tb,0,not_applicable
2262,41,F,23.1,0,0,0,0,0,0,0,0,0,1,0,0,0,N/A,other_pathology,1,0,none,not_tb,0,not_applicable
2263,39,M,22.0,1,0,0,0,0,0,0,0,0,0,0,0,0,N/A,old_tb_scar,1,0,none,not_tb,0,not_applicable
2264,42,M,19.5,0,1,4,0,0,0,0,1,0,0,1,0,0,N/A,normal,0,0,none,not_tb,0,not_applicable
2265,80,M,21.9,1,0,0,0,0,0,0,0,0,0,0,0,0,N/A,other_pathology,1,0,none,not_tb,0,not_applicable
2266,25,M,23.1,0,0,0,0,0,0,0,0,0,0,0,0,0,N/A,other_pathology,1,0,none,not_tb,0,not_applicable
2267,33,F,18.1,1,1,5,1,0,1,0,1,1,0,3,0,1,not_detected,pleural_effusion,1,1,pulmonary,smear_negative_ptb,0,lost_to_followup
2268,37,M,21.3,1,1,2,0,1,1,0,1,0,0,3,1,1,not_detected,normal,0,1,pulmonary,smear_positive_ptb,0,completed
2269,26,F,20.0,1,0,0,1,0,1,0,1,1,1,2,0,1,detected,infiltrate,1,1,pulmonary,smear_negative_ptb,1,cured
2270,33,F,18.5,0,1,6,0,1,1,1,0,0,0,3,1,1,not_detected,cavity,1,1,pulmonary,smear_positive_ptb,0,cured
2271,39,F,12.6,1,1,3,0,0,1,1,0,1,0,2,0,1,not_detected,normal,0,1,extrapulmonary,extrapulmonary_tb,0,lost_to_followup
2272,38,F,18.0,1,1,5,1,1,0,0,0,1,0,3,0,0,N/A,pleural_effusion,1,1,extrapulmonary,extrapulmonary_tb,0,cured
2273,26,F,20.1,1,1,5,0,0,0,0,0,0,1,1,1,1,detected,pleural_effusion,1,1,pulmonary,smear_positive_ptb,1,failed
2274,42,F,17.8,0,1,5,0,1,1,0,1,1,1,3,0,1,not_detected,infiltrate,1,1,pulmonary,smear_negative_ptb,0,lost_to_followup
2275,46,F,23.1,0,0,0,1,0,1,0,0,0,1,2,0,0,N/A,infiltrate,1,0,none,not_tb,0,not_applicable
2276,30,M,21.2,0,0,0,1,0,0,0,1,0,0,1,0,0,N/A,normal,0,0,none,not_tb,0,not_applicable
2277,43,M,22.8,0,0,0,0,0,0,0,1,0,0,0,0,0,N/A,normal,0,0,none,not_tb,0,not_applicable
2278,39,M,22.0,0,1,7,0,1,1,0,1,0,1,3,1,1,not_detected,infiltrate,1,1,pulmonary,smear_positive_ptb,0,cured
2279,20,F,24.8,0,0,0,0,0,0,0,0,0,0,0,0,0,N/A,normal,0,0,none,not_tb,0,not_applicable
2280,20,F,17.5,1,0,0,0,0,0,0,0,0,1,0,0,0,N/A,old_tb_scar,1,0,none,not_tb,0,not_applicable
2281,34,M,16.2,0,0,0,1,0,0,0,0,0,0,1,1,0,N/A,normal,0,0,none,not_tb,0,not_applicable
2282,56,M,23.5,0,0,0,1,0,0,0,0,0,0,1,0,0,N/A,normal,0,0,none,not_tb,0,not_applicable
2283,33,M,26.1,1,0,0,1,0,0,0,0,0,0,1,0,0,N/A,normal,0,0,none,not_tb,0,not_applicable
2284,48,F,16.2,0,0,0,0,0,0,0,1,0,0,0,0,0,N/A,normal,0,0,none,not_tb,0,not_applicable
2285,52,M,21.3,0,0,0,1,0,0,0,0,0,1,1,0,0,N/A,normal,0,0,none,not_tb,0,not_applicable
2286,43,M,30.3,0,0,0,0,0,0,0,0,0,0,0,0,0,N/A,normal,0,0,none,not_tb,0,not_applicable
2287,25,F,17.8,0,1,8,0,1,0,0,0,1,0,2,1,1,not_detected,infiltrate,1,1,pulmonary,smear_positive_ptb,0,cured
2288,16,F,24.8,0,1,2,1,0,1,1,0,1,0,3,1,1,not_detected,infiltrate,1,1,pulmonary,smear_positive_ptb,0,cured
2289,57,M,19.1,0,0,0,1,0,0,0,0,1,0,1,0,0,N/A,infiltrate,1,0,none,not_tb,0,not_applicable
2290,33,M,16.9,0,1,3,0,1,0,0,0,1,0,2,0,1,not_detected,infiltrate,1,1,pulmonary,smear_negative_ptb,1,lost_to_followup
2291,52,F,19.5,0,0,0,0,0,0,0,0,0,0,0,0,0,N/A,normal,0,0,none,not_tb,0,not_applicable
2292,25,F,15.3,1,1,6,1,1,1,0,0,1,0,4,1,1,not_detected,pleural_effusion,1,1,pulmonary,smear_positive_ptb,0,cured
2293,32,F,16.1,0,0,0,0,0,0,0,0,0,0,0,0,0,N/A,old_tb_scar,1,0,none,not_tb,0,not_applicable
2294,29,M,21.2,0,0,0,0,0,0,0,0,1,0,0,0,0,N/A,normal,0,0,none,not_tb,0,not_applicable
2295,31,M,22.5,0,0,0,0,0,0,0,0,0,0,0,0,0,N/A,infiltrate,1,0,none,not_tb,0,not_applicable
2296,28,M,19.5,0,0,0,0,0,0,0,0,0,0,0,0,0,N/A,infiltrate,1,0,none,not_tb,0,not_applicable
2297,26,F,20.3,1,0,0,0,0,0,0,0,0,0,0,1,0,N/A,infiltrate,1,0,none,not_tb,0,not_applicable
2298,40,M,22.1,1,1,2,1,1,0,0,0,0,0,3,0,0,N/A,normal,0,1,pulmonary,smear_negative_ptb,1,cured
2299,46,M,20.9,1,0,0,1,0,0,1,1,0,0,1,0,0,N/A,pleural_effusion,1,1,extrapulmonary,extrapulmonary_tb,0,cured
2300,31,F,21.1,1,0,0,0,0,0,0,0,0,0,0,0,0,N/A,normal,0,0,none,not_tb,0,not_applicable
2301,35,F,19.6,0,0,0,1,1,0,1,0,0,1,2,0,1,not_detected,cavity,1,1,pulmonary,smear_negative_ptb,0,completed
2302,34,F,14.4,0,1,4,1,1,1,0,1,0,0,4,1,1,not_detected,infiltrate,1,1,pulmonary,smear_positive_ptb,0,cured
2303,28,M,22.9,0,0,0,0,0,0,0,0,0,0,0,0,0,N/A,infiltrate,1,0,none,not_tb,0,not_applicable
2304,43,M,21.8,0,0,0,0,0,0,0,0,0,0,0,0,1,not_detected,normal,0,0,none,not_tb,0,not_applicable
2305,24,M,20.7,0,0,0,1,0,0,0,0,1,0,1,0,0,N/A,normal,0,0,none,not_tb,0,not_applicable
2306,48,M,18.6,0,1,3,1,0,0,0,1,1,0,2,1,1,detected,cavity,1,1,pulmonary,smear_positive_ptb,1,cured
2307,55,M,21.5,0,0,0,0,0,0,0,0,0,0,0,0,0,N/A,normal,0,0,none,not_tb,0,not_applicable
2308,61,M,17.4,0,0,0,0,0,0,0,1,0,0,0,0,0,N/A,normal,0,0,none,not_tb,0,not_applicable
2309,21,F,27.9,1,0,0,0,0,0,0,0,0,0,0,0,0,N/A,normal,0,0,none,not_tb,0,not_applicable
2310,64,F,25.3,0,0,0,0,0,1,0,0,0,0,1,0,0,N/A,old_tb_scar,1,0,none,not_tb,0,not_applicable
2311,64,F,20.6,0,0,0,1,0,0,0,0,1,0,1,0,0,N/A,normal,0,0,none,not_tb,0,not_applicable
2312,45,M,15.8,1,0,0,0,0,0,0,0,0,0,0,0,0,N/A,normal,0,0,none,not_tb,0,not_applicable
2313,44,M,13.4,0,0,0,1,0,0,0,0,0,0,1,0,0,N/A,old_tb_scar,1,0,none,not_tb,0,not_applicable
2314,66,M,29.0,0,0,0,0,0,0,0,0,0,0,0,0,0,N/A,normal,0,0,none,not_tb,0,not_applicable
2315,34,M,18.1,0,0,0,1,1,1,1,0,1,1,3,1,1,not_detected,normal,0,1,pulmonary,smear_positive_ptb,0,died
2316,58,M,24.7,0,0,0,0,0,0,0,0,0,0,0,0,0,N/A,normal,0,0,none,not_tb,0,not_applicable
2317,41,M,18.7,0,0,0,1,0,0,0,0,0,0,1,0,0,N/A,other_pathology,1,0,none,not_tb,0,not_applicable
2318,26,F,20.9,0,0,0,0,0,0,0,0,1,0,0,0,0,N/A,normal,0,0,none,not_tb,0,not_applicable
2319,54,M,21.1,0,0,0,0,0,0,0,0,0,0,0,0,0,N/A,other_pathology,1,0,none,not_tb,0,not_applicable
2320,51,F,22.8,0,1,5,0,0,0,0,0,0,0,1,0,0,N/A,normal,0,0,none,not_tb,0,not_applicable
2321,20,M,22.3,0,0,0,0,0,0,0,0,0,0,0,0,0,N/A,old_tb_scar,1,0,none,not_tb,0,not_applicable
2322,42,M,18.8,1,0,0,0,0,0,0,0,0,0,0,0,0,N/A,old_tb_scar,1,0,none,not_tb,0,not_applicable
2323,35,M,16.2,0,1,4,0,0,1,0,0,1,0,2,0,1,not_detected,normal,0,1,extrapulmonary,extrapulmonary_tb,0,cured
2324,33,M,21.7,0,0,0,0,0,0,0,0,0,0,0,0,0,N/A,old_tb_scar,1,0,none,not_tb,0,not_applicable
2325,38,M,15.9,1,0,0,0,0,0,0,0,0,0,0,0,0,N/A,normal,0,0,none,not_tb,0,not_applicable
2326,43,F,19.1,0,0,0,0,0,0,0,0,0,0,0,0,0,N/A,normal,0,0,none,not_tb,0,not_applicable
2327,34,M,21.5,1,0,0,0,0,0,0,0,0,0,0,0,0,N/A,old_tb_scar,1,0,none,not_tb,0,not_applicable
2328,45,M,23.4,1,0,0,0,0,0,0,0,0,0,0,0,1,not_detected,normal,0,0,none,not_tb,0,not_applicable
2329,22,M,27.3,0,0,0,0,0,0,0,0,0,0,0,0,0,N/A,normal,0,0,none,not_tb,0,not_applicable
2330,30,M,20.3,1,0,0,0,0,0,0,0,0,0,0,0,0,N/A,normal,0,0,none,not_tb,0,not_applicable
2331,48,F,22.1,0,1,5,0,0,0,0,0,0,0,1,0,0,N/A,normal,0,0,none,not_tb,0,not_applicable
2332,31,M,15.5,0,0,0,0,0,0,0,0,1,0,0,0,0,N/A,normal,0,0,none,not_tb,0,not_applicable
2333,35,F,19.3,1,1,9,1,1,0,0,1,1,0,3,0,1,not_detected,infiltrate,1,1,pulmonary,smear_negative_ptb,0,cured
2334,29,M,16.2,1,0,0,1,1,1,0,1,1,0,3,0,1,not_detected,infiltrate,1,1,pulmonary,smear_negative_ptb,0,cured
2335,19,M,20.9,0,0,0,1,0,1,0,0,0,0,2,0,0,N/A,normal,0,0,none,not_tb,0,not_applicable
2336,38,F,19.7,1,1,3,0,1,0,0,0,0,1,2,0,1,not_detected,infiltrate,1,1,pulmonary,smear_negative_ptb,0,cured
2337,39,F,23.8,0,0,0,0,0,0,0,0,0,0,0,0,0,N/A,normal,0,0,none,not_tb,0,not_applicable
2338,39,M,14.9,0,0,0,1,1,0,0,0,1,0,2,1,1,not_detected,infiltrate,1,1,pulmonary,smear_positive_ptb,0,cured
2339,26,M,24.8,0,0,0,0,0,0,0,0,0,0,0,0,0,N/A,normal,0,0,none,not_tb,0,not_applicable
2340,61,M,18.4,0,1,6,1,0,0,0,0,0,0,2,1,1,not_detected,normal,0,1,pulmonary,smear_positive_ptb,0,cured
2341,58,M,26.4,0,0,0,0,0,0,0,0,1,0,0,0,0,N/A,normal,0,0,none,not_tb,0,not_applicable
2342,55,M,22.2,1,1,6,0,0,1,0,1,1,1,2,0,0,N/A,infiltrate,1,1,extrapulmonary,extrapulmonary_tb,0,cured
2343,24,F,27.6,0,0,0,0,1,0,0,0,0,0,1,0,0,N/A,normal,0,0,none,not_tb,0,not_applicable
2344,45,M,14.9,0,1,7,1,1,0,0,0,1,1,3,1,1,not_detected,infiltrate,1,1,pulmonary,smear_positive_ptb,0,completed
2345,26,F,23.4,0,0,0,0,1,0,0,0,0,0,1,0,0,N/A,normal,0,0,none,not_tb,0,not_applicable
2346,63,M,16.5,1,0,0,0,0,0,0,0,0,1,0,0,0,N/A,normal,0,0,none,not_tb,0,not_applicable
2347,32,F,26.6,1,0,0,0,0,0,0,0,0,0,0,0,0,N/A,other_pathology,1,0,none,not_tb,0,not_applicable
2348,46,F,27.1,0,0,0,0,0,0,0,0,0,0,0,0,0,N/A,normal,0,0,none,not_tb,0,not_applicable
2349,32,M,25.4,1,0,0,0,0,0,0,0,0,0,0,0,0,N/A,normal,0,0,none,not_tb,0,not_applicable
2350,39,M,17.4,0,0,0,0,1,0,0,0,1,0,1,0,1,not_detected,normal,0,1,pulmonary,smear_negative_ptb,0,lost_to_followup
2351,30,M,23.9,0,0,0,0,0,0,0,0,0,0,0,0,0,N/A,normal,0,0,none,not_tb,0,not_applicable
2352,61,F,20.1,0,1,3,0,0,0,0,0,0,0,1,0,0,N/A,normal,0,0,none,not_tb,0,not_applicable
2353,48,M,22.0,0,0,0,1,0,0,0,0,0,0,1,0,0,N/A,normal,0,0,none,not_tb,0,not_applicable
2354,50,M,21.7,0,0,0,0,0,1,0,0,0,1,1,1,0,N/A,normal,0,0,none,not_tb,0,not_applicable
2355,23,M,15.0,0,0,0,0,0,0,0,0,0,1,0,0,0,N/A,normal,0,0,none,not_tb,0,not_applicable
2356,33,F,19.2,0,0,0,0,0,0,0,1,0,0,0,0,0,N/A,normal,0,0,none,not_tb,0,not_applicable
2357,26,M,24.2,1,1,4,0,0,0,0,0,1,0,1,1,0,N/A,infiltrate,1,1,pulmonary,smear_positive_ptb,0,cured
2358,41,M,21.7,0,0,0,1,0,0,0,0,0,0,1,0,0,N/A,normal,0,0,none,not_tb,0,not_applicable
2359,34,F,22.6,0,0,0,0,0,0,0,0,0,1,0,0,1,not_detected,normal,0,0,none,not_tb,0,not_applicable
2360,17,M,18.5,1,0,0,1,1,0,0,0,0,1,2,1,1,not_detected,infiltrate,1,1,pulmonary,smear_positive_ptb,0,failed
2361,45,F,20.6,0,0,0,0,0,0,0,0,1,0,0,0,0,N/A,normal,0,0,none,not_tb,0,not_applicable
2362,47,M,18.6,1,0,0,1,1,0,0,0,0,0,2,0,0,N/A,normal,0,1,extrapulmonary,extrapulmonary_tb,0,completed
2363,40,M,20.6,0,0,0,0,0,0,0,0,0,0,0,0,0,N/A,normal,0,0,none,not_tb,0,not_applicable
2364,15,F,14.0,0,0,0,0,0,0,0,0,0,0,0,0,0,N/A,normal,0,0,none,not_tb,0,not_applicable
2365,24,F,24.8,0,0,0,0,0,0,0,1,0,0,0,0,0,N/A,normal,0,0,none,not_tb,0,not_applicable
2366,43,F,27.6,0,0,0,0,0,1,0,0,0,0,1,0,0,N/A,normal,0,0,none,not_tb,0,not_applicable
2367,55,M,15.6,0,1,7,0,1,1,0,1,0,1,3,0,1,detected,infiltrate,1,1,extrapulmonary,extrapulmonary_tb,1,cured
2368,32,M,20.6,0,0,0,0,0,0,0,1,0,0,0,0,0,N/A,normal,0,0,none,not_tb,0,not_applicable
2369,54,M,27.2,0,0,0,1,0,0,0,0,0,0,1,0,0,N/A,normal,0,0,none,not_tb,0,not_applicable
2370,53,M,16.6,0,1,3,1,0,0,0,1,0,1,2,1,1,detected,miliary,1,1,pulmonary,smear_positive_ptb,1,cured
2371,25,M,19.5,1,1,8,1,1,0,0,1,1,1,3,0,0,N/A,normal,0,1,extrapulmonary,extrapulmonary_tb,1,failed
2372,35,M,29.3,1,0,0,0,1,0,0,0,0,1,1,0,1,detected,infiltrate,1,1,pulmonary,smear_negative_ptb,1,failed
2373,43,M,20.1,1,0,0,1,1,1,0,1,1,1,3,1,1,not_detected,infiltrate,1,1,pulmonary,smear_positive_ptb,0,cured
2374,39,M,18.7,1,1,3,1,1,0,0,1,1,0,3,1,1,not_detected,infiltrate,1,1,pulmonary,smear_positive_ptb,0,cured
2375,43,M,25.1,1,0,0,0,0,0,0,0,1,0,0,0,0,N/A,other_pathology,1,0,none,not_tb,0,not_applicable
2376,38,M,20.4,1,1,3,0,1,0,1,0,1,1,2,1,1,not_detected,cavity,1,1,pulmonary,smear_positive_ptb,0,lost_to_followup
2377,50,F,19.7,0,0,0,0,0,0,0,0,0,1,0,0,0,N/A,old_tb_scar,1,0,none,not_tb,0,not_applicable
2378,40,F,15.9,0,0,0,0,0,0,0,0,0,0,0,0,0,N/A,normal,0,0,none,not_tb,0,not_applicable
2379,52,M,24.1,0,0,0,0,1,1,0,0,0,0,2,0,0,N/A,normal,0,0,none,not_tb,0,not_applicable
2380,32,F,24.6,0,0,0,0,1,0,0,0,1,0,1,0,0,N/A,normal,0,0,none,not_tb,0,not_applicable
2381,37,F,21.0,0,0,0,0,0,0,0,0,0,0,0,0,0,N/A,normal,0,0,none,not_tb,0,not_applicable
2382,37,M,27.8,0,0,0,1,0,0,0,0,0,0,1,0,0,N/A,normal,0,0,none,not_tb,0,not_applicable
2383,53,M,27.1,0,0,0,0,0,0,0,1,1,0,0,0,0,N/A,other_pathology,1,0,none,not_tb,0,not_applicable
2384,15,M,24.7,0,0,0,0,0,0,0,0,0,0,0,0,0,N/A,normal,0,0,none,not_tb,0,not_applicable
2385,56,M,17.8,0,0,0,1,0,0,0,0,0,1,1,1,1,not_detected,infiltrate,1,1,pulmonary,smear_positive_ptb,0,cured
2386,39,F,13.3,1,1,6,0,0,1,0,1,1,1,2,0,1,not_detected,pleural_effusion,1,1,pulmonary,smear_negative_ptb,0,cured
2387,57,F,21.4,0,0,0,0,0,0,0,0,0,0,0,0,0,N/A,normal,0,0,none,not_tb,0,not_applicable
2388,57,M,13.9,0,1,6,1,0,1,0,1,1,0,3,1,1,not_detected,infiltrate,1,1,pulmonary,smear_positive_ptb,0,cured
2389,39,F,13.8,0,0,0,1,0,0,0,0,0,0,1,0,0,N/A,other_pathology,1,0,none,not_tb,0,not_applicable
2390,22,M,24.3,0,0,0,0,0,0,0,0,0,0,0,0,0,N/A,normal,0,0,none,not_tb,0,not_applicable
2391,50,F,26.1,0,0,0,0,0,0,0,0,0,0,0,0,0,N/A,old_tb_scar,1,0,none,not_tb,0,not_applicable
2392,50,F,15.2,0,0,0,1,0,0,0,0,0,0,1,0,0,N/A,other_pathology,1,0,none,not_tb,0,not_applicable
2393,70,M,17.9,1,1,6,1,1,1,0,0,0,0,4,0,1,not_detected,cavity,1,1,pulmonary,smear_negative_ptb,1,cured
2394,66,M,21.9,1,0,0,0,0,0,0,0,0,0,0,0,0,N/A,old_tb_scar,1,0,none,not_tb,0,not_applicable
2395,65,F,17.8,0,0,0,0,1,1,0,0,1,0,2,1,1,not_detected,infiltrate,1,1,pulmonary,smear_positive_ptb,0,cured
2396,45,F,17.2,1,0,0,0,0,0,0,0,0,0,0,0,0,N/A,other_pathology,1,0,none,not_tb,0,not_applicable
2397,41,M,26.7,0,0,0,1,0,0,0,0,0,0,1,1,0,N/A,old_tb_scar,1,0,none,not_tb,0,not_applicable
2398,48,M,15.1,1,0,0,1,1,0,0,0,1,1,2,0,1,not_detected,infiltrate,1,1,pulmonary,smear_negative_ptb,0,completed
2399,59,M,13.6,0,1,4,1,1,1,0,0,1,1,4,1,1,not_detected,infiltrate,1,1,pulmonary,smear_positive_ptb,0,completed
2400,44,M,17.2,0,0,0,0,0,0,0,0,0,0,0,0,0,N/A,old_tb_scar,1,0,none,not_tb,0,not_applicable
2401,45,F,23.7,0,1,6,0,0,0,0,0,0,0,1,0,0,N/A,normal,0,0,none,not_tb,0,not_applicable
2402,55,F,21.1,0,0,0,0,0,0,0,0,0,0,0,0,0,N/A,normal,0,0,none,not_tb,0,not_applicable
2403,31,F,19.3,0,0,0,0,0,0,0,0,1,1,0,0,0,N/A,normal,0,0,none,not_tb,0,not_applicable
2404,27,F,23.8,0,0,0,0,0,0,0,0,1,1,0,0,0,N/A,other_pathology,1,0,none,not_tb,0,not_applicable
2405,42,F,23.2,0,0,0,0,0,0,0,0,0,0,0,0,0,N/A,normal,0,0,none,not_tb,0,not_applicable
2406,46,M,13.9,0,0,0,1,0,0,0,0,0,0,1,0,0,N/A,normal,0,0,none,not_tb,0,not_applicable
2407,36,M,23.8,1,0,0,0,0,1,0,0,0,1,1,0,0,N/A,normal,0,0,none,not_tb,0,not_applicable
2408,37,M,26.1,0,1,5,1,0,0,0,0,0,0,2,0,0,N/A,other_pathology,1,0,none,not_tb,0,not_applicable
2409,37,M,21.6,0,0,0,0,1,0,0,0,0,0,1,0,0,N/A,normal,0,0,none,not_tb,0,not_applicable
2410,51,F,21.2,0,0,0,0,0,0,0,0,0,0,0,0,0,N/A,normal,0,0,none,not_tb,0,not_applicable
2411,84,F,28.6,0,0,0,0,1,0,0,0,1,0,1,0,0,N/A,normal,0,0,none,not_tb,0,not_applicable
2412,51,F,19.5,0,0,0,0,0,0,0,0,0,0,0,0,0,N/A,normal,0,0,none,not_tb,0,not_applicable
2413,28,M,21.4,0,0,0,1,0,0,0,0,0,0,1,0,0,N/A,other_pathology,1,0,none,not_tb,0,not_applicable
2414,35,M,19.3,0,0,0,1,1,0,0,0,0,0,2,1,1,not_detected,infiltrate,1,1,pulmonary,smear_positive_ptb,0,cured
2415,43,M,22.2,0,0,0,0,0,0,0,1,1,1,0,0,0,N/A,normal,0,0,none,not_tb,0,not_applicable
2416,43,M,21.0,0,0,0,0,0,0,0,0,1,0,0,0,0,N/A,other_pathology,1,0,none,not_tb,0,not_applicable
2417,35,M,18.7,1,0,0,1,0,1,0,0,1,1,2,0,1,not_detected,infiltrate,1,1,pulmonary,smear_negative_ptb,0,lost_to_followup
2418,43,M,22.4,0,1,6,1,0,1,0,0,1,0,3,1,1,not_detected,normal,0,1,pulmonary,smear_positive_ptb,0,cured
2419,55,M,20.5,1,1,2,0,0,1,1,0,1,0,2,0,0,N/A,normal,0,1,pulmonary,smear_negative_ptb,0,died
2420,35,F,21.7,1,0,0,0,0,0,0,0,0,0,0,0,0,N/A,normal,0,0,none,not_tb,0,not_applicable
2421,26,M,16.3,1,0,0,1,0,0,0,0,1,0,1,0,1,not_detected,infiltrate,1,1,pulmonary,smear_negative_ptb,0,died
2422,47,M,16.7,0,0,0,0,1,1,0,0,0,1,2,0,0,N/A,normal,0,1,pulmonary,smear_negative_ptb,0,cured
2423,40,F,20.9,1,1,6,1,1,1,0,0,1,0,4,0,1,not_detected,infiltrate,1,1,pulmonary,smear_negative_ptb,0,completed
2424,21,M,16.4,1,1,2,0,0,0,0,0,0,0,1,0,0,N/A,other_pathology,1,0,none,not_tb,0,not_applicable
2425,41,F,30.4,1,0,0,1,0,0,0,0,0,0,1,0,0,N/A,normal,0,0,none,not_tb,0,not_applicable
2426,45,F,21.9,0,0,0,0,0,0,0,0,0,0,0,0,0,N/A,normal,0,0,none,not_tb,0,not_applicable
2427,37,M,17.2,0,0,0,0,0,1,0,0,0,0,1,0,0,N/A,normal,0,0,none,not_tb,0,not_applicable
2428,49,F,22.6,0,0,0,0,0,0,0,0,1,0,0,0,0,N/A,normal,0,0,none,not_tb,0,not_applicable
2429,49,F,19.2,0,0,0,0,0,0,0,0,0,0,0,0,0,N/A,old_tb_scar,1,0,none,not_tb,0,not_applicable
2430,21,F,17.5,1,1,7,1,0,1,0,0,1,0,3,0,1,not_detected,infiltrate,1,1,pulmonary,smear_negative_ptb,0,cured
2431,61,F,16.7,0,0,0,0,0,0,0,0,0,0,0,0,0,N/A,other_pathology,1,0,none,not_tb,0,not_applicable
2432,35,F,21.2,1,1,2,0,0,0,0,0,0,0,1,0,0,N/A,normal,0,0,none,not_tb,0,not_applicable
2433,36,F,14.6,0,1,3,1,0,1,0,0,0,0,3,0,0,N/A,normal,0,0,none,not_tb,0,not_applicable
2434,41,M,19.9,0,0,0,0,0,0,0,0,0,0,0,0,0,N/A,normal,0,0,none,not_tb,0,not_applicable
2435,58,F,16.4,0,0,0,0,0,1,1,0,0,0,1,0,1,not_detected,cavity,1,1,pulmonary,smear_negative_ptb,0,lost_to_followup
2436,29,F,17.2,1,0,0,1,1,1,0,0,0,1,3,0,1,not_detected,cavity,1,1,pulmonary,smear_negative_ptb,0,failed
2437,39,F,16.6,1,0,0,0,0,1,0,1,0,1,1,0,0,N/A,normal,0,1,extrapulmonary,extrapulmonary_tb,0,cured
2438,47,F,18.6,0,1,4,1,0,1,0,1,1,0,3,0,1,not_detected,pleural_effusion,1,1,pulmonary,smear_negative_ptb,0,cured
2439,34,M,25.1,0,0,0,0,0,0,0,0,0,0,0,1,0,N/A,normal,0,0,none,not_tb,0,not_applicable
2440,48,F,19.4,0,1,5,1,0,1,1,0,1,1,3,0,1,detected,infiltrate,1,1,pulmonary,smear_negative_ptb,1,failed
2441,62,F,26.5,0,0,0,0,0,0,0,0,0,0,0,0,0,N/A,normal,0,0,none,not_tb,0,not_applicable
2442,50,M,20.3,0,1,4,0,0,1,0,0,0,0,2,0,0,N/A,normal,0,0,none,not_tb,0,not_applicable
2443,52,M,23.1,0,0,0,0,0,0,0,0,0,0,0,0,0,N/A,normal,0,0,none,not_tb,0,not_applicable
2444,46,M,23.3,0,1,3,0,0,1,0,0,0,0,2,0,0,N/A,normal,0,0,none,not_tb,0,not_applicable
2445,19,M,21.4,1,0,0,0,0,1,0,0,1,1,1,0,0,N/A,pleural_effusion,1,1,extrapulmonary,extrapulmonary_tb,0,completed
2446,52,M,16.7,0,0,0,1,0,1,0,0,1,1,2,1,1,not_detected,infiltrate,1,1,pulmonary,smear_positive_ptb,0,lost_to_followup
2447,26,M,24.8,0,0,0,0,0,0,0,0,1,0,0,0,0,N/A,normal,0,0,none,not_tb,0,not_applicable
2448,15,M,16.4,0,1,4,0,0,1,0,0,1,0,2,1,1,not_detected,normal,0,1,pulmonary,smear_positive_ptb,0,lost_to_followup
2449,47,F,20.0,0,0,0,0,0,0,0,0,0,0,0,0,0,N/A,normal,0,0,none,not_tb,0,not_applicable
2450,31,F,17.6,1,1,3,1,0,0,0,0,1,1,2,0,0,N/A,pleural_effusion,1,1,extrapulmonary,extrapulmonary_tb,0,completed
2451,56,F,23.6,0,0,0,0,1,0,0,0,0,0,1,0,0,N/A,normal,0,0,none,not_tb,0,not_applicable
2452,33,F,15.8,0,1,2,1,0,1,1,1,1,0,3,0,1,not_detected,normal,0,1,pulmonary,smear_negative_ptb,0,cured
2453,38,F,18.7,0,0,0,0,0,0,0,0,0,0,0,0,1,not_detected,normal,0,0,none,not_tb,0,not_applicable
2454,47,F,16.9,0,1,7,1,1,1,0,1,1,1,4,1,1,detected,cavity,1,1,pulmonary,smear_positive_ptb,1,lost_to_followup
2455,15,F,22.2,0,0,0,0,0,0,0,0,0,0,0,0,0,N/A,normal,0,0,none,not_tb,0,not_applicable
2456,29,M,16.2,1,0,0,0,0,0,0,0,1,0,0,1,1,not_detected,infiltrate,1,1,pulmonary,smear_positive_ptb,0,completed
2457,31,F,22.9,0,0,0,1,0,0,0,0,0,0,1,0,0,N/A,normal,0,0,none,not_tb,0,not_applicable
2458,56,M,17.6,0,1,6,0,1,1,0,1,1,0,3,1,1,not_detected,normal,0,1,pulmonary,smear_positive_ptb,0,cured
2459,53,M,24.3,1,0,0,0,0,0,0,0,0,0,0,1,0,N/A,normal,0,0,none,not_tb,0,not_applicable
2460,34,M,22.2,0,0,0,1,0,0,0,0,1,0,1,0,0,N/A,normal,0,0,none,not_tb,0,not_applicable
2461,17,F,28.1,0,0,0,0,0,0,0,0,0,0,0,0,0,N/A,infiltrate,1,0,none,not_tb,0,not_applicable
2462,46,F,18.8,1,0,0,0,1,1,0,0,1,1,2,0,1,not_detected,infiltrate,1,1,pulmonary,smear_negative_ptb,0,cured
2463,31,M,17.7,1,0,0,0,0,0,0,0,0,0,0,0,0,N/A,normal,0,0,none,not_tb,0,not_applicable
2464,32,F,18.0,0,0,0,1,0,0,0,1,1,0,1,1,1,detected,infiltrate,1,1,pulmonary,smear_positive_ptb,1,cured
2465,28,M,22.1,0,0,0,0,1,0,1,0,0,0,1,0,0,N/A,normal,0,0,none,not_tb,0,not_applicable
2466,34,F,18.8,1,0,0,0,0,0,0,0,1,0,0,0,0,N/A,normal,0,0,none,not_tb,0,not_applicable
2467,40,F,22.3,1,0,0,1,1,1,0,1,1,1,3,0,0,N/A,pleural_effusion,1,1,extrapulmonary,extrapulmonary_tb,0,cured
2468,30,F,17.7,1,0,0,1,0,1,0,1,1,0,2,0,0,N/A,normal,0,1,pulmonary,smear_negative_ptb,1,cured
2469,15,F,19.7,0,0,0,0,0,0,0,0,0,1,0,0,0,N/A,old_tb_scar,1,0,none,not_tb,0,not_applicable
2470,28,M,19.0,0,1,3,1,1,1,1,0,1,0,4,0,0,N/A,infiltrate,1,1,pulmonary,smear_negative_ptb,1,lost_to_followup
2471,36,M,16.2,1,0,0,1,1,0,0,1,1,1,2,0,1,not_detected,pleural_effusion,1,1,pulmonary,smear_negative_ptb,0,cured
2472,56,F,25.4,0,0,0,0,0,0,0,0,1,0,0,0,0,N/A,normal,0,0,none,not_tb,0,not_applicable
2473,27,F,20.4,1,1,2,1,1,0,0,1,1,0,3,0,1,not_detected,cavity,1,1,pulmonary,smear_negative_ptb,0,cured
2474,44,M,22.5,0,0,0,1,1,0,1,0,0,0,2,0,0,N/A,normal,0,0,none,not_tb,0,not_applicable
2475,38,M,24.1,0,0,0,1,0,0,0,0,0,0,1,0,0,N/A,normal,0,0,none,not_tb,0,not_applicable
2476,40,M,20.3,0,0,0,0,0,0,0,0,1,0,0,0,0,N/A,normal,0,0,none,not_tb,0,not_applicable
2477,15,M,16.7,0,0,0,1,0,0,0,0,0,0,1,0,0,N/A,other_pathology,1,0,none,not_tb,0,not_applicable
2478,54,M,20.9,0,0,0,0,0,0,0,0,0,0,0,0,0,N/A,normal,0,0,none,not_tb,0,not_applicable
2479,22,M,20.2,0,0,0,0,0,0,0,1,0,0,0,0,0,N/A,old_tb_scar,1,0,none,not_tb,0,not_applicable
2480,43,F,14.9,0,1,4,1,0,0,0,0,1,0,2,0,0,N/A,infiltrate,1,0,none,not_tb,0,not_applicable
2481,65,M,18.3,0,0,0,0,0,0,0,0,0,0,0,0,0,N/A,normal,0,0,none,not_tb,0,not_applicable
2482,34,M,17.7,1,0,0,0,0,0,0,0,0,0,0,0,0,N/A,old_tb_scar,1,0,none,not_tb,0,not_applicable
2483,54,M,18.3,0,0,0,0,0,0,0,0,0,0,0,0,0,N/A,normal,0,0,none,not_tb,0,not_applicable
2484,27,M,26.7,0,0,0,0,0,0,0,0,0,0,0,0,0,N/A,other_pathology,1,0,none,not_tb,0,not_applicable
2485,41,F,23.8,0,0,0,0,1,0,0,0,0,0,1,0,0,N/A,old_tb_scar,1,0,none,not_tb,0,not_applicable
2486,33,M,20.9,1,0,0,1,1,0,0,1,1,1,2,1,1,not_detected,pleural_effusion,1,1,pulmonary,smear_positive_ptb,0,cured
2487,48,F,23.8,0,0,0,0,0,0,0,0,0,0,0,0,0,N/A,infiltrate,1,0,none,not_tb,0,not_applicable
2488,32,F,25.8,0,0,0,0,1,0,0,0,0,0,1,0,0,N/A,normal,0,0,none,not_tb,0,not_applicable
2489,24,M,22.1,1,0,0,0,0,0,0,0,0,1,0,0,0,N/A,normal,0,0,none,not_tb,0,not_applicable
2490,29,F,27.3,1,0,0,0,0,0,0,0,0,0,0,0,0,N/A,infiltrate,1,0,none,not_tb,0,not_applicable
2491,43,F,15.4,1,1,4,0,1,1,0,1,1,1,3,0,1,not_detected,infiltrate,1,1,pulmonary,smear_negative_ptb,0,cured
2492,31,M,21.8,0,0,0,1,0,0,0,1,1,0,1,0,0,N/A,normal,0,0,none,not_tb,0,not_applicable
2493,41,M,18.4,0,0,0,0,0,0,0,1,0,1,0,0,0,N/A,old_tb_scar,1,0,none,not_tb,0,not_applicable
2494,27,F,26.3,0,0,0,1,0,0,0,0,0,0,1,0,0,N/A,normal,0,0,none,not_tb,0,not_applicable
2495,36,F,23.5,0,1,5,0,0,0,0,0,1,0,1,0,0,N/A,infiltrate,1,0,none,not_tb,0,not_applicable
2496,50,M,26.2,0,0,0,0,1,0,0,0,1,0,1,0,0,N/A,normal,0,0,none,not_tb,0,not_applicable
2497,37,M,17.1,0,0,0,0,0,0,0,0,0,0,0,0,0,N/A,normal,0,0,none,not_tb,0,not_applicable
2498,32,M,19.9,1,1,3,0,0,0,0,0,0,0,1,0,1,not_detected,normal,0,0,none,not_tb,0,not_applicable
2499,41,F,14.0,1,0,0,1,1,1,0,0,1,1,3,0,1,not_detected,normal,0,1,pulmonary,smear_negative_ptb,0,cured
2500,54,M,23.3,0,0,0,0,0,0,0,0,1,0,0,0,0,N/A,normal,0,0,none,not_tb,0,not_applicable
2501,26,M,17.4,1,1,2,1,1,0,0,0,1,1,3,0,0,N/A,infiltrate,1,1,pulmonary,smear_negative_ptb,0,cured
2502,38,F,20.4,1,0,0,0,1,1,0,0,1,0,2,0,1,not_detected,infiltrate,1,1,pulmonary,smear_negative_ptb,0,completed
2503,23,F,22.1,0,0,0,0,0,0,0,0,0,0,0,0,0,N/A,normal,0,0,none,not_tb,0,not_applicable
2504,15,F,14.5,0,0,0,0,0,0,0,0,0,0,0,0,0,N/A,normal,0,0,none,not_tb,0,not_applicable
2505,48,M,16.2,1,1,3,0,1,0,0,0,0,0,2,0,0,N/A,normal,0,0,none,not_tb,0,not_applicable
2506,38,M,22.3,0,0,0,0,0,0,0,1,0,0,0,0,0,N/A,normal,0,0,none,not_tb,0,not_applicable
2507,34,F,23.6,0,1,3,0,1,0,0,0,0,0,2,1,0,N/A,normal,0,0,none,not_tb,0,not_applicable
2508,40,F,14.2,0,0,0,0,0,0,0,0,0,0,0,0,0,N/A,normal,0,0,none,not_tb,0,not_applicable
2509,41,M,21.7,0,0,0,0,0,0,0,0,0,0,0,0,0,N/A,old_tb_scar,1,0,none,not_tb,0,not_applicable
2510,48,F,16.0,1,0,0,1,1,0,0,0,0,1,2,1,1,not_detected,infiltrate,1,1,pulmonary,smear_positive_ptb,0,cured
2511,48,M,18.1,0,0,0,0,0,0,0,0,0,0,0,0,0,N/A,old_tb_scar,1,0,none,not_tb,0,not_applicable
2512,29,M,16.9,1,1,2,1,1,0,0,0,1,0,3,1,1,not_detected,infiltrate,1,1,pulmonary,smear_positive_ptb,0,cured
2513,43,M,22.4,0,0,0,0,0,0,0,0,1,1,0,0,0,N/A,normal,0,0,none,not_tb,0,not_applicable
2514,21,M,19.5,0,0,0,0,1,0,0,0,0,0,1,0,0,N/A,normal,0,0,none,not_tb,0,not_applicable
2515,65,M,13.5,0,1,3,0,1,0,0,0,1,1,2,0,1,not_detected,infiltrate,1,1,pulmonary,smear_negative_ptb,0,cured
2516,48,F,22.4,0,0,0,0,0,1,0,0,0,1,1,1,0,N/A,old_tb_scar,1,0,none,not_tb,0,not_applicable
2517,43,M,20.8,0,0,0,0,0,0,0,0,1,0,0,0,0,N/A,normal,0,0,none,not_tb,0,not_applicable
2518,24,M,16.2,1,0,0,0,1,1,0,1,1,1,2,1,1,not_detected,infiltrate,1,1,pulmonary,smear_positive_ptb,0,completed
2519,27,M,17.7,1,1,8,0,1,1,0,1,0,1,3,0,1,not_detected,infiltrate,1,1,pulmonary,smear_negative_ptb,0,cured
2520,28,M,17.6,0,1,4,1,0,1,0,1,0,1,3,1,1,not_detected,infiltrate,1,1,pulmonary,smear_positive_ptb,0,died
2521,32,M,22.2,0,0,0,0,0,0,0,0,0,0,0,0,0,N/A,infiltrate,1,0,none,not_tb,0,not_applicable
2522,61,M,21.1,0,0,0,0,1,0,0,0,0,1,1,0,0,N/A,normal,0,0,none,not_tb,0,not_applicable
2523,51,M,18.9,0,1,2,1,1,1,0,0,1,1,4,0,1,not_detected,infiltrate,1,1,extrapulmonary,extrapulmonary_tb,0,lost_to_followup
2524,18,F,21.8,0,1,5,0,0,0,0,0,0,0,1,0,0,N/A,normal,0,0,none,not_tb,0,not_applicable
2525,27,F,24.9,1,0,0,0,0,0,0,0,0,0,0,0,0,N/A,normal,0,0,none,not_tb,0,not_applicable
2526,17,M,27.5,0,0,0,0,0,0,0,0,0,0,0,0,0,N/A,normal,0,0,none,not_tb,0,not_applicable
2527,38,F,18.5,1,0,0,1,0,1,0,0,1,1,2,1,1,not_detected,pleural_effusion,1,1,pulmonary,smear_positive_ptb,0,cured
2528,55,F,16.9,0,1,7,0,1,0,0,1,0,1,2,1,1,not_detected,cavity,1,1,pulmonary,smear_positive_ptb,0,cured
2529,18,F,14.9,1,1,6,1,1,1,0,0,1,1,4,1,1,not_detected,pleural_effusion,1,1,pulmonary,smear_positive_ptb,0,cured
2530,28,F,24.3,1,0,0,0,0,0,0,0,0,0,0,0,0,N/A,normal,0,0,none,not_tb,0,not_applicable
2531,24,F,18.8,0,0,0,0,0,0,0,0,0,0,0,0,0,N/A,normal,0,0,none,not_tb,0,not_applicable
2532,54,F,30.2,0,0,0,0,0,0,0,0,0,0,0,0,0,N/A,normal,0,0,none,not_tb,0,not_applicable
2533,35,F,25.4,0,1,5,1,0,1,0,1,1,0,3,1,0,N/A,cavity,1,1,pulmonary,smear_positive_ptb,1,lost_to_followup
2534,29,M,21.3,0,0,0,0,0,0,0,0,0,0,0,0,0,N/A,other_pathology,1,0,none,not_tb,0,not_applicable
2535,28,F,16.2,0,1,4,0,0,0,0,0,0,0,1,0,0,N/A,other_pathology,1,0,none,not_tb,0,not_applicable
2536,56,F,24.3,0,0,0,0,0,0,0,0,1,0,0,0,0,N/A,infiltrate,1,0,none,not_tb,0,not_applicable
2537,42,F,29.3,0,0,0,0,0,0,0,0,1,0,0,0,0,N/A,old_tb_scar,1,0,none,not_tb,0,not_applicable
2538,52,M,17.4,0,0,0,0,0,0,0,0,0,0,0,0,0,N/A,old_tb_scar,1,0,none,not_tb,0,not_applicable
2539,37,M,28.6,0,0,0,1,0,0,0,0,1,0,1,0,0,N/A,normal,0,0,none,not_tb,0,not_applicable
2540,25,M,13.9,0,1,5,1,1,1,0,0,1,1,4,0,0,N/A,normal,0,1,extrapulmonary,extrapulmonary_tb,0,cured
2541,34,M,16.9,0,0,0,1,0,0,0,0,0,0,1,0,0,N/A,normal,0,0,none,not_tb,0,not_applicable
2542,41,M,23.1,1,0,0,0,0,0,0,0,0,0,0,0,0,N/A,normal,0,0,none,not_tb,0,not_applicable
2543,24,M,25.6,0,0,0,0,0,0,0,1,0,0,0,0,0,N/A,normal,0,0,none,not_tb,0,not_applicable
2544,27,M,21.8,0,1,2,0,0,0,0,0,0,0,1,0,0,N/A,other_pathology,1,0,none,not_tb,0,not_applicable
2545,29,M,23.6,0,0,0,0,0,0,0,0,1,0,0,0,0,N/A,old_tb_scar,1,0,none,not_tb,0,not_applicable
2546,27,M,25.9,0,0,0,0,0,0,0,0,0,0,0,0,0,N/A,normal,0,0,none,not_tb,0,not_applicable
2547,47,F,21.6,1,1,2,1,0,0,0,0,1,0,2,1,1,not_detected,miliary,1,1,pulmonary,smear_positive_ptb,0,cured
2548,35,M,19.8,1,1,4,1,0,0,0,0,0,0,2,0,0,N/A,normal,0,0,none,not_tb,0,not_applicable
2549,31,M,19.0,0,0,0,0,0,0,0,0,1,0,0,0,0,N/A,old_tb_scar,1,0,none,not_tb,0,not_applicable
2550,37,M,25.7,0,0,0,0,0,0,0,1,1,0,0,0,0,N/A,normal,0,0,none,not_tb,0,not_applicable
2551,60,M,23.6,0,0,0,0,0,0,0,1,0,0,0,0,0,N/A,normal,0,0,none,not_tb,0,not_applicable
2552,36,M,24.1,0,0,0,0,1,0,0,0,1,0,1,0,0,N/A,normal,0,0,none,not_tb,0,not_applicable
2553,43,F,19.7,0,0,0,1,0,0,0,0,0,0,1,0,0,N/A,old_tb_scar,1,0,none,not_tb,0,not_applicable
2554,24,F,20.1,0,1,4,1,1,0,0,0,1,1,3,0,1,not_detected,normal,0,1,pulmonary,smear_negative_ptb,0,lost_to_followup
2555,25,M,18.2,0,0,0,0,0,0,0,0,0,0,0,0,0,N/A,normal,0,0,none,not_tb,0,not_applicable
2556,47,F,22.9,1,0,0,1,0,0,0,0,0,0,1,0,0,N/A,infiltrate,1,0,none,not_tb,0,not_applicable
2557,72,M,22.4,0,0,0,0,0,0,0,0,0,0,0,0,0,N/A,normal,0,0,none,not_tb,0,not_applicable
2558,60,M,22.4,0,0,0,1,0,0,0,0,0,0,1,0,0,N/A,normal,0,0,none,not_tb,0,not_applicable
2559,63,M,24.7,0,0,0,1,0,0,0,0,0,0,1,0,0,N/A,normal,0,0,none,not_tb,0,not_applicable
2560,20,M,18.4,1,0,0,0,0,0,0,0,0,1,0,0,0,N/A,normal,0,0,none,not_tb,0,not_applicable
2561,23,F,20.2,1,1,5,0,0,0,0,0,0,1,1,0,1,not_detected,infiltrate,1,1,pulmonary,smear_negative_ptb,0,failed
2562,55,F,22.1,0,0,0,0,0,0,0,0,0,0,0,0,0,N/A,other_pathology,1,0,none,not_tb,0,not_applicable
2563,34,F,16.5,0,1,5,0,1,1,0,0,1,1,3,0,1,not_detected,infiltrate,1,1,pulmonary,smear_negative_ptb,0,cured
2564,17,M,17.4,0,0,0,0,0,0,0,0,0,0,0,0,0,N/A,normal,0,0,none,not_tb,0,not_applicable
2565,16,F,23.2,1,1,5,1,0,0,0,0,0,0,2,1,0,N/A,cavity,1,1,pulmonary,smear_positive_ptb,0,died
2566,49,M,21.8,0,0,0,0,1,0,0,0,1,0,1,0,0,N/A,normal,0,0,none,not_tb,0,not_applicable
2567,45,M,17.6,0,1,2,1,1,1,0,0,1,0,4,1,1,not_detected,pleural_effusion,1,1,pulmonary,smear_positive_ptb,0,cured
2568,47,M,18.0,0,0,0,1,0,0,0,0,1,0,1,0,0,N/A,normal,0,0,none,not_tb,0,not_applicable
2569,27,F,25.8,0,1,3,0,0,0,0,0,1,0,1,0,0,N/A,normal,0,0,none,not_tb,0,not_applicable
2570,60,F,25.5,0,0,0,0,0,0,0,0,0,0,0,0,0,N/A,normal,0,0,none,not_tb,0,not_applicable
2571,47,M,24.9,0,0,0,0,0,0,0,1,0,0,0,0,0,N/A,normal,0,0,none,not_tb,0,not_applicable
2572,35,M,18.3,0,1,9,0,0,0,1,0,1,1,1,1,1,not_detected,infiltrate,1,1,pulmonary,smear_positive_ptb,0,cured
2573,39,F,20.4,1,1,2,1,0,0,0,1,1,0,2,0,1,not_detected,infiltrate,1,1,extrapulmonary,extrapulmonary_tb,0,lost_to_followup
2574,59,F,19.1,0,0,0,0,0,0,0,0,0,0,0,0,0,N/A,other_pathology,1,0,none,not_tb,0,not_applicable
2575,57,M,22.8,0,0,0,0,0,0,0,0,1,0,0,0,0,N/A,normal,0,0,none,not_tb,0,not_applicable
2576,49,F,21.8,0,0,0,0,0,0,0,0,1,0,0,0,0,N/A,infiltrate,1,0,none,not_tb,0,not_applicable
2577,40,F,22.9,0,0,0,0,0,0,0,0,0,0,0,0,0,N/A,old_tb_scar,1,0,none,not_tb,0,not_applicable
2578,16,F,14.0,0,1,3,1,1,1,0,0,1,1,4,0,1,not_detected,miliary,1,1,pulmonary,smear_negative_ptb,0,completed
2579,46,M,28.5,0,0,0,0,0,0,0,0,0,0,0,0,0,N/A,normal,0,0,none,not_tb,0,not_applicable
2580,37,F,22.5,1,1,3,1,1,0,0,1,1,1,3,1,1,not_detected,miliary,1,1,pulmonary,smear_positive_ptb,0,cured
2581,50,M,18.0,1,0,0,0,0,0,0,0,0,0,0,0,0,N/A,other_pathology,1,0,none,not_tb,0,not_applicable
2582,30,F,24.0,0,0,0,0,1,0,0,0,1,0,1,0,0,N/A,normal,0,0,none,not_tb,0,not_applicable
2583,32,M,16.8,0,0,0,1,0,0,0,0,0,0,1,1,0,N/A,normal,0,0,none,not_tb,0,not_applicable
2584,25,M,18.7,0,1,6,0,0,0,0,1,1,1,1,1,1,not_detected,pleural_effusion,1,1,pulmonary,smear_positive_ptb,0,cured
2585,19,M,14.3,0,0,0,0,0,0,0,0,0,1,0,0,0,N/A,old_tb_scar,1,0,none,not_tb,0,not_applicable
2586,29,M,21.0,1,0,0,0,0,0,0,1,1,0,0,0,0,N/A,normal,0,0,none,not_tb,0,not_applicable
2587,58,M,20.3,0,1,3,0,0,1,0,0,0,0,2,0,0,N/A,normal,0,0,none,not_tb,0,not_applicable
2588,25,M,26.0,0,0,0,0,0,0,0,0,0,0,0,0,0,N/A,normal,0,0,none,not_tb,0,not_applicable
2589,47,M,27.8,0,0,0,0,0,0,0,0,1,0,0,0,0,N/A,normal,0,0,none,not_tb,0,not_applicable
2590,40,M,22.7,0,1,5,0,1,0,0,1,1,1,2,0,1,detected,infiltrate,1,1,pulmonary,smear_negative_ptb,1,cured
2591,52,F,26.1,0,1,2,0,0,0,0,0,0,0,1,0,0,N/A,normal,0,0,none,not_tb,0,not_applicable
2592,52,F,18.7,0,0,0,1,0,0,0,1,1,1,1,1,1,not_detected,infiltrate,1,1,pulmonary,smear_positive_ptb,0,cured
2593,25,F,23.4,1,0,0,0,0,0,0,1,0,0,0,0,0,N/A,normal,0,0,none,not_tb,0,not_applicable
2594,44,M,23.3,0,0,0,0,0,0,0,1,0,0,0,0,0,N/A,normal,0,0,none,not_tb,0,not_applicable
2595,40,M,15.5,0,1,3,1,0,0,1,1,1,1,2,1,1,not_detected,infiltrate,1,1,pulmonary,smear_positive_ptb,0,cured
2596,16,F,21.4,0,1,6,0,0,1,0,0,1,1,2,1,1,not_detected,miliary,1,1,pulmonary,smear_positive_ptb,0,cured
2597,41,M,24.4,0,1,5,0,0,0,0,0,0,0,1,0,0,N/A,normal,0,0,none,not_tb,0,not_applicable
2598,24,M,24.6,0,0,0,0,0,0,0,0,0,0,0,0,0,N/A,old_tb_scar,1,0,none,not_tb,0,not_applicable
2599,24,F,14.0,0,0,0,1,0,0,0,0,0,0,1,0,0,N/A,old_tb_scar,1,0,none,not_tb,0,not_applicable
2600,45,F,23.6,0,0,0,0,0,0,0,1,0,0,0,0,0,N/A,normal,0,0,none,not_tb,0,not_applicable
2601,29,M,25.5,0,0,0,0,0,0,0,1,1,0,0,0,0,N/A,normal,0,0,none,not_tb,0,not_applicable
2602,27,F,21.9,0,0,0,0,0,0,0,0,0,0,0,0,0,N/A,other_pathology,1,0,none,not_tb,0,not_applicable
2603,37,M,20.2,1,1,2,0,0,0,0,0,0,0,1,0,0,N/A,normal,0,0,none,not_tb,0,not_applicable
2604,48,F,17.2,0,0,0,1,0,0,0,0,0,0,1,0,0,N/A,normal,0,0,none,not_tb,0,not_applicable
2605,60,M,17.0,0,0,0,0,0,1,0,0,1,0,1,0,0,N/A,normal,0,0,none,not_tb,0,not_applicable
2606,77,M,18.9,0,1,4,0,0,1,1,0,1,0,2,1,1,not_detected,cavity,1,1,pulmonary,smear_positive_ptb,0,cured
2607,42,F,21.2,0,0,0,0,0,0,0,0,1,0,0,0,0,N/A,normal,0,0,none,not_tb,0,not_applicable
2608,46,M,21.1,0,0,0,0,0,0,0,1,0,0,0,0,0,N/A,normal,0,0,none,not_tb,0,not_applicable
2609,59,F,22.3,0,1,5,0,0,1,0,1,0,0,2,0,1,not_detected,normal,0,1,extrapulmonary,extrapulmonary_tb,0,lost_to_followup
2610,43,M,17.6,0,0,0,1,0,0,0,0,0,0,1,0,0,N/A,normal,0,0,none,not_tb,0,not_applicable
2611,52,F,17.6,1,0,0,1,0,0,0,1,1,0,1,1,1,not_detected,normal,0,1,pulmonary,smear_positive_ptb,0,cured
2612,36,F,22.7,1,1,4,0,0,0,0,1,1,0,1,1,1,not_detected,infiltrate,1,1,pulmonary,smear_positive_ptb,0,completed
2613,45,M,20.9,0,0,0,1,0,0,0,0,0,0,1,0,0,N/A,normal,0,0,none,not_tb,0,not_applicable
2614,35,F,22.2,1,1,3,0,0,0,0,1,1,0,1,0,0,N/A,old_tb_scar,1,0,none,not_tb,0,not_applicable
2615,33,M,21.4,0,0,0,0,0,0,0,0,0,0,0,1,0,N/A,normal,0,0,none,not_tb,0,not_applicable
2616,49,M,24.5,0,0,0,0,0,0,0,0,1,0,0,0,0,N/A,normal,0,0,none,not_tb,0,not_applicable
2617,29,M,14.8,0,0,0,0,0,0,0,0,0,0,0,0,0,N/A,infiltrate,1,0,none,not_tb,0,not_applicable
2618,23,F,18.0,1,1,4,0,0,0,0,1,0,0,1,0,1,not_detected,infiltrate,1,1,pulmonary,smear_negative_ptb,0,cured
2619,64,F,22.2,0,0,0,0,0,0,0,0,1,0,0,0,0,N/A,normal,0,0,none,not_tb,0,not_applicable
2620,35,F,18.5,0,0,0,0,0,0,0,0,0,0,0,0,0,N/A,normal,0,0,none,not_tb,0,not_applicable
2621,41,F,19.4,0,1,5,1,0,0,1,0,1,1,2,0,1,not_detected,infiltrate,1,1,pulmonary,smear_negative_ptb,0,cured
2622,66,F,20.5,0,1,6,0,0,1,0,1,0,0,2,0,1,not_detected,normal,0,1,pulmonary,smear_negative_ptb,0,cured
2623,26,M,19.6,0,1,7,0,0,1,0,0,1,1,2,1,1,not_detected,infiltrate,1,1,pulmonary,smear_positive_ptb,0,cured
2624,76,F,22.9,0,0,0,1,1,1,0,1,0,1,3,1,1,not_detected,infiltrate,1,1,pulmonary,smear_positive_ptb,0,cured
2625,19,M,17.4,0,1,4,1,0,0,0,0,0,1,2,0,1,not_detected,normal,0,1,extrapulmonary,extrapulmonary_tb,0,cured
2626,42,M,23.7,0,0,0,0,0,0,0,1,0,0,0,0,0,N/A,normal,0,0,none,not_tb,0,not_applicable
2627,64,M,23.7,0,0,0,0,0,1,0,0,0,0,1,1,0,N/A,old_tb_scar,1,0,none,not_tb,0,not_applicable
2628,24,M,17.9,1,1,4,1,1,1,0,1,1,0,4,0,1,not_detected,cavity,1,1,pulmonary,smear_negative_ptb,0,cured
2629,32,M,21.3,0,0,0,0,0,0,0,0,1,1,0,1,1,detected,normal,0,1,pulmonary,smear_positive_ptb,1,cured
2630,53,M,23.0,0,0,0,1,0,0,0,0,1,0,1,0,0,N/A,normal,0,0,none,not_tb,0,not_applicable
2631,19,M,17.8,0,0,0,1,0,1,0,0,0,0,2,1,0,N/A,normal,0,0,none,not_tb,0,not_applicable
2632,46,M,24.6,0,0,0,0,0,0,0,0,0,0,0,0,0,N/A,normal,0,0,none,not_tb,0,not_applicable
2633,26,F,20.3,0,0,0,0,0,0,1,0,0,0,0,0,0,N/A,normal,0,0,none,not_tb,0,not_applicable
2634,18,F,17.7,1,1,4,1,0,0,0,1,1,1,2,0,0,N/A,pleural_effusion,1,1,extrapulmonary,extrapulmonary_tb,0,cured
2635,63,M,17.9,0,1,4,1,0,0,0,1,1,1,2,1,1,not_detected,normal,0,1,pulmonary,smear_positive_ptb,0,cured
2636,29,M,20.3,1,1,4,1,1,0,0,0,1,0,3,1,1,not_detected,infiltrate,1,1,pulmonary,smear_positive_ptb,0,completed
2637,59,M,25.8,0,0,0,0,0,0,0,0,1,0,0,0,0,N/A,normal,0,0,none,not_tb,0,not_applicable
2638,24,M,21.4,0,0,0,1,0,0,0,0,1,0,1,0,0,N/A,other_pathology,1,0,none,not_tb,0,not_applicable
2639,42,F,21.2,0,0,0,0,0,0,0,1,0,0,0,0,0,N/A,other_pathology,1,0,none,not_tb,0,not_applicable
2640,41,M,14.8,0,0,0,0,0,0,0,0,1,0,0,0,0,N/A,other_pathology,1,0,none,not_tb,0,not_applicable
2641,26,F,19.5,0,0,0,0,0,0,0,0,1,0,0,0,0,N/A,other_pathology,1,0,none,not_tb,0,not_applicable
2642,33,F,16.1,1,0,0,0,1,1,0,1,1,0,2,1,1,not_detected,infiltrate,1,1,pulmonary,smear_positive_ptb,0,cured
2643,41,M,23.1,1,0,0,0,0,0,0,0,0,0,0,0,0,N/A,normal,0,0,none,not_tb,0,not_applicable
2644,44,F,21.6,0,0,0,0,0,0,0,0,0,1,0,0,0,N/A,normal,0,0,none,not_tb,0,not_applicable
2645,41,M,18.8,0,0,0,1,0,0,0,0,1,0,1,0,0,N/A,normal,0,0,none,not_tb,0,not_applicable
2646,67,F,22.5,1,0,0,0,0,0,0,0,0,0,0,0,0,N/A,normal,0,0,none,not_tb,0,not_applicable
2647,48,F,21.8,0,0,0,0,0,0,0,1,0,1,0,0,0,N/A,normal,0,0,none,not_tb,0,not_applicable
2648,17,F,12.1,1,1,9,1,0,0,1,1,1,0,2,1,0,N/A,infiltrate,1,1,extrapulmonary,extrapulmonary_tb,0,cured
2649,22,F,21.3,0,1,3,1,0,0,0,0,1,0,2,0,1,not_detected,infiltrate,1,1,pulmonary,smear_negative_ptb,0,cured
2650,40,F,25.5,1,0,0,0,0,0,0,0,0,0,0,0,0,N/A,normal,0,0,none,not_tb,0,not_applicable
2651,36,F,21.2,0,0,0,0,0,1,0,0,0,1,1,0,0,N/A,normal,0,0,none,not_tb,0,not_applicable
2652,58,M,23.2,1,0,0,0,0,0,0,0,0,0,0,0,0,N/A,normal,0,0,none,not_tb,0,not_applicable
2653,29,F,20.9,0,0,0,0,0,0,0,0,1,0,0,0,0,N/A,normal,0,0,none,not_tb,0,not_applicable
2654,31,F,16.4,1,0,0,0,0,0,0,0,0,0,0,0,0,N/A,normal,0,0,none,not_tb,0,not_applicable
2655,51,M,29.6,0,0,0,0,0,0,0,0,0,0,0,0,0,N/A,normal,0,0,none,not_tb,0,not_applicable
2656,30,F,20.4,1,0,0,1,1,1,0,1,0,1,3,0,1,not_detected,normal,0,1,extrapulmonary,extrapulmonary_tb,0,died
2657,23,M,25.3,0,0,0,0,0,0,0,0,0,0,0,0,0,N/A,normal,0,0,none,not_tb,0,not_applicable
2658,44,M,21.0,0,1,3,1,1,0,0,0,0,0,3,0,0,N/A,infiltrate,1,0,none,not_tb,0,not_applicable
2659,16,M,25.9,0,0,0,0,0,0,0,0,1,1,0,0,0,N/A,old_tb_scar,1,0,none,not_tb,0,not_applicable
2660,42,M,17.2,0,1,2,1,0,0,0,0,1,0,2,0,0,N/A,normal,0,0,none,not_tb,0,not_applicable
2661,52,F,21.1,0,0,0,0,0,0,0,0,0,0,0,0,0,N/A,normal,0,0,none,not_tb,0,not_applicable
2662,58,M,24.6,0,0,0,0,0,0,0,0,0,0,0,0,0,N/A,other_pathology,1,0,none,not_tb,0,not_applicable
2663,16,M,19.8,0,0,0,0,0,0,0,0,0,0,0,0,0,N/A,normal,0,0,none,not_tb,0,not_applicable
2664,48,M,20.8,1,1,5,0,1,1,0,0,0,1,3,0,1,not_detected,normal,0,1,extrapulmonary,extrapulmonary_tb,0,cured
2665,37,M,23.1,0,0,0,0,0,0,0,0,0,0,0,0,0,N/A,old_tb_scar,1,0,none,not_tb,0,not_applicable
2666,23,F,19.0,1,1,6,1,1,0,0,0,0,1,3,1,1,not_detected,normal,0,1,pulmonary,smear_positive_ptb,0,cured
2667,43,F,19.5,0,0,0,0,0,0,0,0,1,0,0,0,0,N/A,other_pathology,1,0,none,not_tb,0,not_applicable
2668,18,M,23.4,0,0,0,1,0,0,0,0,0,0,1,0,1,not_detected,normal,0,0,none,not_tb,0,not_applicable
2669,25,M,28.8,0,1,4,0,0,0,0,1,0,0,1,0,0,N/A,normal,0,0,none,not_tb,0,not_applicable
2670,46,M,22.6,0,0,0,0,0,0,0,0,0,0,0,0,0,N/A,other_pathology,1,0,none,not_tb,0,not_applicable
2671,44,F,23.9,0,0,0,0,0,0,0,0,0,0,0,0,0,N/A,normal,0,0,none,not_tb,0,not_applicable
2672,58,M,20.3,1,0,0,0,1,1,0,1,1,0,2,0,0,N/A,normal,0,1,extrapulmonary,extrapulmonary_tb,0,died
2673,30,M,18.0,0,0,0,0,0,0,0,0,0,0,0,0,0,N/A,old_tb_scar,1,0,none,not_tb,0,not_applicable
2674,38,M,21.5,0,0,0,0,0,0,0,0,0,0,0,0,0,N/A,infiltrate,1,0,none,not_tb,0,not_applicable
2675,33,F,18.1,1,0,0,1,1,0,0,0,0,0,2,1,1,not_detected,miliary,1,1,pulmonary,smear_positive_ptb,0,completed
2676,31,M,13.2,1,0,0,1,0,1,0,0,1,1,2,0,1,not_detected,miliary,1,1,pulmonary,smear_negative_ptb,0,lost_to_followup
2677,43,M,24.8,0,0,0,0,0,1,0,0,0,0,1,0,0,N/A,normal,0,0,none,not_tb,0,not_applicable
2678,56,F,18.7,0,0,0,0,0,0,0,0,0,0,0,0,0,N/A,normal,0,0,none,not_tb,0,not_applicable
2679,38,F,24.4,0,0,0,0,0,0,0,0,1,1,0,0,0,N/A,normal,0,0,none,not_tb,0,not_applicable
2680,65,M,19.3,0,1,2,0,0,0,0,0,0,0,1,0,0,N/A,normal,0,0,none,not_tb,0,not_applicable
2681,34,F,23.6,1,0,0,1,0,1,0,0,1,1,2,0,0,N/A,pleural_effusion,1,1,extrapulmonary,extrapulmonary_tb,0,cured
2682,42,F,17.8,1,1,6,1,0,0,0,1,1,1,2,1,1,detected,normal,0,1,pulmonary,smear_positive_ptb,1,cured
2683,58,M,23.3,1,1,7,1,0,1,0,1,0,1,3,0,0,N/A,pleural_effusion,1,1,extrapulmonary,extrapulmonary_tb,0,cured
2684,54,F,18.1,1,1,6,1,0,1,0,0,1,0,3,0,1,not_detected,infiltrate,1,1,pulmonary,smear_negative_ptb,0,cured
2685,40,M,21.8,0,0,0,0,0,1,0,0,0,0,1,0,0,N/A,old_tb_scar,1,0,none,not_tb,0,not_applicable
2686,22,F,27.5,0,0,0,1,0,0,0,0,0,0,1,0,0,N/A,other_pathology,1,0,none,not_tb,0,not_applicable
2687,45,M,18.8,1,0,0,1,0,0,1,0,0,0,1,0,0,N/A,normal,0,0,none,not_tb,0,not_applicable
2688,49,F,18.6,1,1,6,0,0,1,0,0,1,1,2,0,1,not_detected,miliary,1,1,pulmonary,smear_negative_ptb,0,cured
2689,27,M,23.9,0,0,0,1,0,0,0,0,0,1,1,0,0,N/A,normal,0,0,none,not_tb,0,not_applicable
2690,28,M,23.4,0,1,2,0,0,1,0,0,0,0,2,0,0,N/A,normal,0,0,none,not_tb,0,not_applicable
2691,19,F,22.2,0,0,0,0,0,0,0,0,0,0,0,0,0,N/A,normal,0,0,none,not_tb,0,not_applicable
2692,25,M,21.7,0,0,0,1,0,0,0,0,0,0,1,0,0,N/A,other_pathology,1,0,none,not_tb,0,not_applicable
2693,21,F,20.6,1,0,0,0,1,1,1,1,1,0,2,0,0,N/A,cavity,1,1,pulmonary,smear_negative_ptb,0,died
2694,42,F,22.6,0,0,0,1,0,0,0,0,0,1,1,0,0,N/A,normal,0,0,none,not_tb,0,not_applicable
2695,25,F,25.4,0,1,3,0,0,0,0,1,0,0,1,0,0,N/A,infiltrate,1,0,none,not_tb,0,not_applicable
2696,32,M,23.4,0,1,2,1,0,0,0,1,0,0,2,0,0,N/A,old_tb_scar,1,0,none,not_tb,0,not_applicable
2697,46,F,20.1,0,1,5,1,1,1,0,0,1,1,4,1,1,detected,infiltrate,1,1,pulmonary,smear_positive_ptb,1,cured
2698,33,M,21.3,0,1,5,0,1,1,0,1,0,1,3,1,1,not_detected,cavity,1,1,pulmonary,smear_positive_ptb,0,died
2699,39,M,20.9,0,0,0,1,0,0,0,0,1,0,1,0,0,N/A,other_pathology,1,0,none,not_tb,0,not_applicable
2700,26,F,25.9,0,0,0,0,0,0,0,0,0,0,0,0,0,N/A,normal,0,0,none,not_tb,0,not_applicable
2701,45,F,21.5,0,0,0,0,0,0,0,0,0,0,0,0,0,N/A,normal,0,0,none,not_tb,0,not_applicable
2702,47,M,15.0,0,1,6,1,0,0,0,0,0,0,2,0,0,N/A,pleural_effusion,1,1,pulmonary,smear_negative_ptb,0,completed
2703,36,M,20.8,0,1,3,0,0,0,0,0,0,0,1,0,0,N/A,normal,0,0,none,not_tb,0,not_applicable
2704,44,F,19.5,0,0,0,0,0,0,0,0,0,0,0,1,0,N/A,normal,0,0,none,not_tb,0,not_applicable
2705,26,F,23.3,0,0,0,0,0,0,0,1,1,0,0,0,0,N/A,normal,0,0,none,not_tb,0,not_applicable
2706,41,M,17.8,1,1,5,1,1,1,0,0,1,0,4,0,1,not_detected,cavity,1,1,pulmonary,smear_negative_ptb,0,cured
2707,52,F,18.8,1,0,0,1,1,1,0,1,0,1,3,0,0,N/A,infiltrate,1,1,pulmonary,smear_negative_ptb,0,cured
2708,43,M,21.0,0,1,4,1,1,1,0,0,1,0,4,0,0,N/A,normal,0,1,extrapulmonary,extrapulmonary_tb,0,cured
2709,38,M,22.2,1,0,0,1,0,0,0,0,1,1,1,0,0,N/A,normal,0,1,extrapulmonary,extrapulmonary_tb,0,cured
2710,57,F,23.0,0,0,0,0,0,0,0,0,0,0,0,0,0,N/A,normal,0,0,none,not_tb,0,not_applicable
2711,52,F,25.8,0,1,3,1,0,0,0,0,0,0,2,0,0,N/A,normal,0,0,none,not_tb,0,not_applicable
2712,35,M,18.1,0,0,0,1,0,1,0,0,0,0,2,0,1,not_detected,infiltrate,1,1,pulmonary,smear_negative_ptb,0,completed
2713,35,M,16.5,0,0,0,0,0,0,0,1,0,0,0,0,0,N/A,normal,0,0,none,not_tb,0,not_applicable
2714,71,M,17.9,1,0,0,0,0,0,0,1,0,0,0,0,0,N/A,old_tb_scar,1,0,none,not_tb,0,not_applicable
2715,51,F,21.3,0,0,0,0,0,0,0,0,1,0,0,0,0,N/A,normal,0,0,none,not_tb,0,not_applicable
2716,38,M,24.8,0,0,0,0,0,0,0,1,0,0,0,0,0,N/A,normal,0,0,none,not_tb,0,not_applicable
2717,31,M,21.3,0,0,0,0,0,0,0,0,1,0,0,0,0,N/A,other_pathology,1,0,none,not_tb,0,not_applicable
2718,19,F,26.2,0,0,0,1,0,1,0,0,0,0,2,0,0,N/A,normal,0,0,none,not_tb,0,not_applicable
2719,48,M,28.4,0,0,0,0,0,0,0,0,0,1,0,0,0,N/A,normal,0,0,none,not_tb,0,not_applicable
2720,25,M,16.3,1,1,5,1,0,1,0,0,1,0,3,1,1,not_detected,pleural_effusion,1,1,pulmonary,smear_positive_ptb,0,cured
2721,22,M,29.4,1,0,0,0,0,0,0,0,0,0,0,0,0,N/A,normal,0,0,none,not_tb,0,not_applicable
2722,32,F,14.4,1,1,4,1,1,1,0,1,0,1,4,0,1,not_detected,cavity,1,1,pulmonary,smear_negative_ptb,0,cured
2723,61,M,28.5,0,0,0,0,0,0,0,0,1,0,0,0,0,N/A,old_tb_scar,1,0,none,not_tb,0,not_applicable
2724,43,M,21.9,1,0,0,0,0,1,0,0,0,1,1,0,1,not_detected,normal,0,0,none,not_tb,0,not_applicable
2725,31,M,17.9,1,1,7,1,0,1,0,1,0,0,3,0,1,not_detected,normal,0,1,extrapulmonary,extrapulmonary_tb,0,completed
2726,79,F,18.5,0,1,3,1,0,1,1,0,1,1,3,0,1,not_detected,infiltrate,1,1,pulmonary,smear_negative_ptb,0,cured
2727,45,F,19.2,0,0,0,1,0,0,0,0,1,0,1,0,0,N/A,normal,0,0,none,not_tb,0,not_applicable
2728,29,M,22.3,0,1,4,1,1,1,0,0,1,0,4,1,1,not_detected,cavity,1,1,pulmonary,smear_positive_ptb,0,cured
2729,37,M,19.6,0,0,0,0,0,0,0,0,1,0,0,0,0,N/A,normal,0,0,none,not_tb,0,not_applicable
2730,66,F,17.1,0,1,7,1,0,0,0,1,1,1,2,1,1,not_detected,infiltrate,1,1,pulmonary,smear_positive_ptb,0,cured
2731,30,M,17.2,1,0,0,1,0,0,0,0,0,1,1,0,0,N/A,normal,0,0,none,not_tb,0,not_applicable
2732,28,M,16.7,1,0,0,0,1,0,0,0,1,0,1,0,1,not_detected,pleural_effusion,1,1,pulmonary,smear_negative_ptb,0,lost_to_followup
2733,25,M,19.5,0,0,0,0,0,0,0,0,0,0,0,0,0,N/A,normal,0,0,none,not_tb,0,not_applicable
2734,51,M,19.3,0,0,0,0,0,0,0,0,0,0,0,0,0,N/A,normal,0,0,none,not_tb,0,not_applicable
2735,43,M,21.4,0,0,0,0,0,0,0,0,1,1,0,0,1,not_detected,normal,0,0,none,not_tb,0,not_applicable
2736,33,M,15.7,0,1,3,1,1,1,0,0,1,1,4,0,0,N/A,infiltrate,1,1,pulmonary,smear_negative_ptb,0,cured
2737,26,M,22.5,0,1,6,0,1,0,1,0,1,0,2,0,1,not_detected,normal,0,1,extrapulmonary,extrapulmonary_tb,0,completed
2738,48,M,18.1,0,1,9,1,0,1,0,0,1,0,3,1,1,not_detected,miliary,1,1,pulmonary,smear_positive_ptb,0,completed
2739,29,F,23.3,0,0,0,0,0,0,0,0,0,0,0,0,0,N/A,normal,0,0,none,not_tb,0,not_applicable
2740,46,M,25.0,0,0,0,0,0,0,0,0,1,1,0,0,0,N/A,normal,0,0,none,not_tb,0,not_applicable
2741,49,M,23.6,1,1,7,0,1,1,0,0,1,0,3,1,1,not_detected,cavity,1,1,pulmonary,smear_positive_ptb,0,lost_to_followup
2742,65,F,25.2,0,0,0,0,0,0,0,0,0,0,0,0,0,N/A,normal,0,0,none,not_tb,0,not_applicable
2743,20,M,21.1,0,0,0,0,0,0,0,0,0,1,0,0,0,N/A,normal,0,0,none,not_tb,0,not_applicable
2744,21,F,18.2,0,0,0,0,0,0,0,0,0,0,0,0,0,N/A,normal,0,0,none,not_tb,0,not_applicable
2745,25,M,19.3,1,1,4,1,1,0,0,1,1,0,3,0,1,not_detected,cavity,1,1,pulmonary,smear_negative_ptb,0,died
2746,38,F,25.7,0,0,0,0,0,0,0,0,0,0,0,0,0,N/A,normal,0,0,none,not_tb,0,not_applicable
2747,41,M,22.5,0,0,0,0,0,0,0,0,0,1,0,0,0,N/A,normal,0,0,none,not_tb,0,not_applicable
2748,35,M,22.2,0,0,0,0,0,0,0,1,1,0,0,0,0,N/A,normal,0,0,none,not_tb,0,not_applicable
2749,24,M,19.0,0,1,5,0,1,1,0,0,1,0,3,1,1,not_detected,miliary,1,1,pulmonary,smear_positive_ptb,0,completed
2750,42,M,15.5,0,0,0,0,0,0,0,0,1,0,0,0,0,N/A,normal,0,0,none,not_tb,0,not_applicable
2751,32,M,22.5,1,0,0,0,0,0,0,1,0,0,0,0,0,N/A,normal,0,0,none,not_tb,0,not_applicable
2752,36,F,24.6,0,0,0,0,0,0,0,0,1,0,0,0,0,N/A,old_tb_scar,1,0,none,not_tb,0,not_applicable
2753,26,F,18.4,1,1,5,1,1,0,0,1,1,1,3,0,1,detected,normal,0,1,extrapulmonary,extrapulmonary_tb,1,failed
2754,31,M,21.3,0,0,0,0,1,0,0,0,0,1,1,1,1,not_detected,pleural_effusion,1,1,pulmonary,smear_positive_ptb,0,cured
2755,49,F,26.0,0,0,0,1,0,0,0,0,0,0,1,0,0,N/A,normal,0,0,none,not_tb,0,not_applicable
2756,52,F,20.2,0,0,0,0,0,0,0,1,0,0,0,0,0,N/A,normal,0,0,none,not_tb,0,not_applicable
2757,46,F,23.5,0,1,3,1,0,0,0,1,0,0,2,0,0,N/A,normal,0,0,none,not_tb,0,not_applicable
2758,37,F,22.1,0,0,0,0,0,0,0,0,1,0,0,0,0,N/A,normal,0,0,none,not_tb,0,not_applicable
2759,55,F,14.9,0,0,0,0,0,0,0,0,0,0,0,0,0,N/A,normal,0,0,none,not_tb,0,not_applicable
2760,31,M,21.3,0,0,0,0,0,0,0,0,0,0,0,0,0,N/A,normal,0,0,none,not_tb,0,not_applicable
2761,35,F,18.4,0,0,0,1,0,0,0,1,0,1,1,0,0,N/A,other_pathology,1,0,none,not_tb,0,not_applicable
2762,47,F,22.5,0,0,0,0,0,0,0,0,0,0,0,0,0,N/A,other_pathology,1,0,none,not_tb,0,not_applicable
2763,33,M,24.4,0,0,0,0,0,0,0,0,0,0,0,0,0,N/A,old_tb_scar,1,0,none,not_tb,0,not_applicable
2764,22,M,21.2,0,0,0,0,0,0,1,0,0,0,0,0,0,N/A,normal,0,0,none,not_tb,0,not_applicable
2765,46,M,18.8,1,0,0,0,0,0,0,0,0,1,0,0,0,N/A,normal,0,0,none,not_tb,0,not_applicable
2766,33,F,22.8,1,0,0,0,0,0,0,0,0,0,0,0,0,N/A,normal,0,0,none,not_tb,0,not_applicable
2767,52,M,30.6,0,0,0,0,0,0,0,0,1,0,0,0,0,N/A,normal,0,0,none,not_tb,0,not_applicable
2768,53,F,14.4,0,1,4,0,0,0,0,1,0,1,1,0,0,N/A,old_tb_scar,1,0,none,not_tb,0,not_applicable
2769,29,F,22.8,1,0,0,0,0,0,0,0,1,0,0,0,0,N/A,normal,0,0,none,not_tb,0,not_applicable
2770,32,F,20.1,0,0,0,0,0,0,0,0,1,0,0,0,0,N/A,normal,0,0,none,not_tb,0,not_applicable
2771,43,M,17.4,1,1,6,1,0,0,0,0,1,1,2,1,1,not_detected,infiltrate,1,1,pulmonary,smear_positive_ptb,0,completed
2772,34,F,21.6,0,0,0,0,0,0,0,0,0,0,0,0,0,N/A,normal,0,0,none,not_tb,0,not_applicable
2773,27,F,17.6,1,0,0,1,1,1,0,1,1,0,3,1,1,detected,infiltrate,1,1,pulmonary,smear_positive_ptb,0,failed
2774,48,M,24.1,0,0,0,0,0,0,0,0,0,1,0,0,1,not_detected,other_pathology,1,0,none,not_tb,0,not_applicable
2775,50,F,17.9,1,1,2,1,0,1,0,1,1,1,3,0,0,N/A,normal,0,1,pulmonary,smear_negative_ptb,0,completed
2776,25,M,14.4,0,0,0,1,0,0,0,0,0,0,1,0,0,N/A,other_pathology,1,0,none,not_tb,0,not_applicable
2777,54,F,26.5,1,0,0,0,0,0,0,0,0,1,0,0,0,N/A,other_pathology,1,0,none,not_tb,0,not_applicable
2778,30,M,21.3,0,1,3,1,1,1,0,0,0,0,4,1,1,not_detected,cavity,1,1,pulmonary,smear_positive_ptb,0,cured
2779,31,M,19.9,0,0,0,0,0,0,0,0,0,0,0,0,0,N/A,normal,0,0,none,not_tb,0,not_applicable
2780,38,M,18.6,1,1,2,0,1,1,0,0,1,1,3,0,0,N/A,pleural_effusion,1,1,pulmonary,smear_negative_ptb,0,cured
2781,25,M,21.5,0,1,6,0,1,1,0,0,1,0,3,0,1,not_detected,infiltrate,1,1,pulmonary,smear_negative_ptb,0,cured
2782,45,M,25.6,0,0,0,0,0,1,0,0,1,0,1,0,0,N/A,normal,0,0,none,not_tb,0,not_applicable
2783,30,F,21.9,0,1,6,0,1,0,0,0,1,1,2,0,0,N/A,infiltrate,1,1,pulmonary,smear_negative_ptb,0,completed
2784,34,M,23.3,0,0,0,0,0,0,0,0,1,0,0,0,0,N/A,normal,0,0,none,not_tb,0,not_applicable
2785,20,M,24.7,0,0,0,0,0,0,0,0,0,0,0,0,0,N/A,normal,0,0,none,not_tb,0,not_applicable
2786,28,F,26.9,0,0,0,0,0,0,0,0,1,0,0,0,0,N/A,normal,0,0,none,not_tb,0,not_applicable
2787,47,F,20.8,0,0,0,1,0,0,0,0,0,0,1,0,0,N/A,normal,0,0,none,not_tb,0,not_applicable
2788,48,M,23.5,0,0,0,0,0,0,0,0,0,1,0,0,1,not_detected,normal,0,0,none,not_tb,0,not_applicable
2789,32,F,14.5,1,0,0,1,0,0,0,0,0,0,1,0,0,N/A,normal,0,0,none,not_tb,0,not_applicable
2790,33,M,16.5,0,0,0,0,0,0,0,1,1,0,0,0,0,N/A,normal,0,0,none,not_tb,0,not_applicable
2791,38,F,23.7,1,0,0,0,0,0,0,0,0,0,0,0,0,N/A,other_pathology,1,0,none,not_tb,0,not_applicable
2792,18,M,20.1,0,1,7,1,0,1,1,0,1,1,3,1,1,not_detected,miliary,1,1,pulmonary,smear_positive_ptb,0,lost_to_followup
2793,43,F,17.5,1,1,4,1,1,1,0,0,1,0,4,0,1,not_detected,cavity,1,1,pulmonary,smear_negative_ptb,0,cured
2794,41,F,17.0,1,1,3,1,1,1,0,0,0,1,4,0,1,not_detected,infiltrate,1,1,pulmonary,smear_negative_ptb,0,cured
2795,38,F,17.6,0,1,7,0,0,1,0,0,1,0,2,1,1,not_detected,infiltrate,1,1,pulmonary,smear_positive_ptb,0,cured
2796,26,M,22.7,0,0,0,0,0,0,0,0,0,1,0,0,0,N/A,normal,0,0,none,not_tb,0,not_applicable
2797,48,F,13.9,1,0,0,0,0,0,0,0,0,1,0,0,0,N/A,normal,0,0,none,not_tb,0,not_applicable
2798,30,M,19.7,0,1,6,0,1,1,0,0,0,1,3,1,1,detected,infiltrate,1,1,pulmonary,smear_positive_ptb,1,cured
2799,48,F,22.1,0,0,0,0,0,0,0,0,0,0,0,0,0,N/A,normal,0,0,none,not_tb,0,not_applicable
2800,32,F,22.9,0,1,5,0,0,0,0,0,1,0,1,0,0,N/A,infiltrate,1,0,none,not_tb,0,not_applicable
2801,34,F,21.6,0,1,2,0,0,0,0,1,0,0,1,0,0,N/A,normal,0,0,none,not_tb,0,not_applicable
2802,25,M,15.0,1,1,5,0,0,0,0,0,0,1,1,0,1,not_detected,cavity,1,1,pulmonary,smear_negative_ptb,0,died
2803,46,M,18.2,1,0,0,0,0,0,0,0,0,0,0,0,0,N/A,normal,0,0,none,not_tb,0,not_applicable
2804,25,F,22.3,0,1,5,1,0,1,0,0,1,0,3,1,1,not_detected,infiltrate,1,1,pulmonary,smear_positive_ptb,0,cured
2805,59,M,19.8,0,0,0,0,0,0,0,0,0,0,0,0,0,N/A,normal,0,0,none,not_tb,0,not_applicable
2806,29,M,24.8,0,1,8,0,0,0,0,0,0,0,1,0,0,N/A,other_pathology,1,0,none,not_tb,0,not_applicable
2807,44,M,18.2,0,0,0,0,0,0,0,0,0,1,0,0,0,N/A,normal,0,0,none,not_tb,0,not_applicable
2808,45,F,21.9,0,0,0,0,0,0,0,0,0,0,0,0,0,N/A,normal,0,0,none,not_tb,0,not_applicable
2809,25,M,17.4,1,1,5,1,0,1,0,0,1,0,3,0,0,N/A,cavity,1,1,pulmonary,smear_negative_ptb,0,cured
2810,33,M,21.0,0,0,0,0,0,0,0,0,0,0,0,0,0,N/A,normal,0,0,none,not_tb,0,not_applicable
2811,24,M,20.8,0,1,2,0,0,0,0,0,0,0,1,0,1,not_detected,normal,0,0,none,not_tb,0,not_applicable
2812,22,F,27.1,1,0,0,0,0,0,0,1,0,0,0,0,0,N/A,old_tb_scar,1,0,none,not_tb,0,not_applicable
2813,31,F,28.7,1,0,0,0,0,0,0,0,0,0,0,0,0,N/A,old_tb_scar,1,0,none,not_tb,0,not_applicable
2814,38,M,22.8,1,0,0,0,0,1,0,0,0,1,1,0,0,N/A,infiltrate,1,0,none,not_tb,0,not_applicable
2815,20,M,20.6,0,0,0,0,0,1,0,0,0,0,1,0,0,N/A,normal,0,0,none,not_tb,0,not_applicable
2816,53,M,15.2,0,1,2,1,1,1,0,1,1,1,4,1,1,not_detected,infiltrate,1,1,pulmonary,smear_positive_ptb,0,cured
2817,53,M,17.1,0,0,0,0,0,0,0,0,0,1,0,0,0,N/A,other_pathology,1,0,none,not_tb,0,not_applicable
2818,51,F,27.1,0,0,0,0,0,0,0,0,1,0,0,0,0,N/A,normal,0,0,none,not_tb,0,not_applicable
2819,40,M,16.9,0,0,0,0,0,0,0,0,0,0,0,0,0,N/A,normal,0,0,none,not_tb,0,not_applicable
2820,50,F,17.4,1,0,0,0,0,0,0,0,0,1,0,0,1,detected,infiltrate,1,1,pulmonary,smear_negative_ptb,1,lost_to_followup
2821,50,M,22.5,0,0,0,0,0,0,0,0,0,1,0,0,0,N/A,old_tb_scar,1,0,none,not_tb,0,not_applicable
2822,40,F,12.0,1,1,3,1,1,1,0,0,0,1,4,0,1,not_detected,normal,0,1,extrapulmonary,extrapulmonary_tb,0,died
2823,50,M,17.6,0,0,0,1,0,0,0,0,0,0,1,0,0,N/A,normal,0,0,none,not_tb,0,not_applicable
2824,64,F,17.3,0,0,0,1,1,0,0,0,0,0,2,0,0,N/A,infiltrate,1,0,none,not_tb,0,not_applicable
2825,22,F,19.7,0,0,0,0,1,0,0,0,0,0,1,0,0,N/A,normal,0,0,none,not_tb,0,not_applicable
2826,36,F,22.9,0,0,0,0,0,0,0,0,0,0,0,0,0,N/A,normal,0,0,none,not_tb,0,not_applicable
2827,15,M,21.1,1,1,3,1,1,0,0,0,0,1,3,0,1,not_detected,pleural_effusion,1,1,pulmonary,smear_negative_ptb,0,died
2828,40,M,19.7,0,0,0,0,0,0,0,0,0,0,0,0,0,N/A,normal,0,0,none,not_tb,0,not_applicable
2829,35,F,17.3,1,1,4,1,1,0,0,0,1,1,3,0,1,not_detected,infiltrate,1,1,pulmonary,smear_negative_ptb,0,cured
2830,59,F,21.6,0,0,0,0,0,0,0,0,0,0,0,0,0,N/A,normal,0,0,none,not_tb,0,not_applicable
2831,29,M,19.2,0,0,0,0,0,1,0,0,1,0,1,0,0,N/A,normal,0,0,none,not_tb,0,not_applicable
2832,54,M,19.5,1,1,4,1,1,0,0,0,1,1,3,1,1,not_detected,pleural_effusion,1,1,pulmonary,smear_positive_ptb,0,cured
2833,26,M,19.6,1,1,2,1,0,1,1,0,0,1,3,0,1,detected,miliary,1,1,pulmonary,smear_negative_ptb,1,cured
2834,49,F,12.5,0,0,0,0,0,0,0,0,0,0,0,0,0,N/A,normal,0,0,none,not_tb,0,not_applicable
2835,21,F,20.1,1,0,0,1,1,0,0,0,1,1,2,0,0,N/A,pleural_effusion,1,1,extrapulmonary,extrapulmonary_tb,0,cured
2836,53,F,22.4,0,0,0,0,0,0,0,0,0,0,0,0,0,N/A,normal,0,0,none,not_tb,0,not_applicable
2837,42,F,19.1,1,1,7,1,1,1,0,0,1,0,4,0,1,not_detected,normal,0,1,extrapulmonary,extrapulmonary_tb,0,cured
2838,34,M,21.4,0,0,0,1,1,1,0,0,0,1,3,0,0,N/A,cavity,1,1,pulmonary,smear_negative_ptb,0,cured
2839,30,M,15.7,0,0,0,0,0,0,0,0,0,0,0,0,0,N/A,other_pathology,1,0,none,not_tb,0,not_applicable
2840,40,M,15.4,0,0,0,1,1,0,0,0,1,1,2,0,0,N/A,pleural_effusion,1,1,pulmonary,smear_negative_ptb,0,lost_to_followup
2841,32,F,21.8,0,0,0,0,0,0,0,0,0,0,0,0,0,N/A,normal,0,0,none,not_tb,0,not_applicable
2842,55,M,13.9,0,0,0,1,0,0,0,0,0,0,1,0,0,N/A,normal,0,0,none,not_tb,0,not_applicable
2843,36,M,21.3,1,1,2,0,0,0,0,1,0,0,1,0,0,N/A,normal,0,0,none,not_tb,0,not_applicable
2844,34,M,25.0,1,0,0,0,0,1,0,1,0,0,1,0,0,N/A,normal,0,0,none,not_tb,0,not_applicable
2845,35,M,23.4,0,0,0,0,0,0,0,0,1,0,0,0,0,N/A,other_pathology,1,0,none,not_tb,0,not_applicable
2846,60,F,22.3,0,0,0,1,0,0,0,0,0,0,1,0,0,N/A,normal,0,0,none,not_tb,0,not_applicable
2847,25,M,21.2,0,0,0,0,0,0,0,0,0,0,0,0,0,N/A,old_tb_scar,1,0,none,not_tb,0,not_applicable
2848,49,M,20.5,1,0,0,1,0,0,0,0,0,0,1,0,0,N/A,infiltrate,1,0,none,not_tb,0,not_applicable
2849,40,F,20.3,0,0,0,0,0,0,0,0,0,0,0,0,0,N/A,other_pathology,1,0,none,not_tb,0,not_applicable
2850,39,M,22.8,0,0,0,1,0,0,0,0,0,0,1,0,0,N/A,normal,0,0,none,not_tb,0,not_applicable
2851,25,M,16.6,0,0,0,1,0,0,0,1,0,0,1,0,0,N/A,other_pathology,1,0,none,not_tb,0,not_applicable
2852,57,M,22.2,1,0,0,0,1,0,0,0,1,0,1,1,1,not_detected,pleural_effusion,1,1,pulmonary,smear_positive_ptb,0,cured
2853,28,F,16.7,1,1,3,1,0,1,1,1,0,1,3,0,1,not_detected,infiltrate,1,1,pulmonary,smear_negative_ptb,0,died
2854,52,M,24.0,0,0,0,0,0,0,0,0,0,0,0,0,0,N/A,normal,0,0,none,not_tb,0,not_applicable
2855,53,F,22.3,0,0,0,0,0,0,0,0,0,0,0,0,0,N/A,normal,0,0,none,not_tb,0,not_applicable
2856,47,F,15.6,1,1,5,0,1,1,1,1,1,1,3,0,0,N/A,pleural_effusion,1,1,extrapulmonary,extrapulmonary_tb,0,cured
2857,40,F,26.5,1,0,0,0,0,0,0,0,1,0,0,0,0,N/A,normal,0,0,none,not_tb,0,not_applicable
2858,45,M,25.8,0,0,0,0,0,0,0,0,0,0,0,0,0,N/A,other_pathology,1,0,none,not_tb,0,not_applicable
2859,40,F,16.5,0,0,0,0,0,0,0,0,0,0,0,0,0,N/A,other_pathology,1,0,none,not_tb,0,not_applicable
2860,33,M,21.7,0,0,0,0,0,1,0,0,0,0,1,0,0,N/A,normal,0,0,none,not_tb,0,not_applicable
2861,28,M,22.7,0,0,0,0,0,0,0,0,0,0,0,0,0,N/A,normal,0,0,none,not_tb,0,not_applicable
2862,48,M,14.8,0,0,0,0,0,0,0,0,0,0,0,0,0,N/A,normal,0,0,none,not_tb,0,not_applicable
2863,57,M,13.2,1,0,0,1,0,1,0,1,1,1,2,0,0,N/A,infiltrate,1,1,pulmonary,smear_negative_ptb,0,died
2864,43,M,19.1,0,0,0,0,0,0,0,0,0,0,0,0,0,N/A,normal,0,0,none,not_tb,0,not_applicable
2865,25,M,17.4,0,0,0,0,0,0,0,0,0,1,0,0,0,N/A,normal,0,0,none,not_tb,0,not_applicable
2866,52,M,18.3,0,0,0,1,0,0,0,0,1,0,1,0,0,N/A,normal,0,0,none,not_tb,0,not_applicable
2867,34,M,17.4,0,0,0,0,0,0,0,0,0,0,0,0,0,N/A,other_pathology,1,0,none,not_tb,0,not_applicable
2868,30,M,21.6,1,0,0,0,0,0,0,0,1,0,0,0,0,N/A,normal,0,0,none,not_tb,0,not_applicable
2869,25,F,18.9,1,0,0,0,0,0,0,0,0,0,0,0,0,N/A,infiltrate,1,0,none,not_tb,0,not_applicable
2870,47,M,25.9,0,0,0,1,0,0,0,0,0,0,1,0,0,N/A,normal,0,0,none,not_tb,0,not_applicable
2871,29,F,19.0,1,1,6,1,1,1,0,1,0,0,4,0,0,N/A,normal,0,1,extrapulmonary,extrapulmonary_tb,0,completed
2872,55,M,24.8,1,0,0,1,0,0,0,0,0,0,1,0,0,N/A,other_pathology,1,0,none,not_tb,0,not_applicable
2873,34,M,16.1,0,0,0,0,0,0,0,0,0,0,0,0,0,N/A,normal,0,0,none,not_tb,0,not_applicable
2874,38,M,19.8,0,0,0,0,0,0,0,0,0,0,0,0,0,N/A,normal,0,0,none,not_tb,0,not_applicable
2875,34,M,22.5,0,0,0,1,0,0,0,0,1,0,1,0,0,N/A,other_pathology,1,0,none,not_tb,0,not_applicable
2876,17,M,19.6,0,0,0,0,0,0,0,0,1,0,0,0,1,not_detected,normal,0,1,pulmonary,smear_negative_ptb,0,cured
2877,49,M,16.9,1,0,0,0,0,1,0,0,0,0,1,1,0,N/A,pleural_effusion,1,1,extrapulmonary,extrapulmonary_tb,0,cured
2878,19,M,20.2,0,0,0,0,0,0,0,0,1,0,0,0,0,N/A,normal,0,0,none,not_tb,0,not_applicable
2879,45,M,20.6,0,0,0,0,0,0,0,0,0,0,0,0,0,N/A,other_pathology,1,0,none,not_tb,0,not_applicable
2880,56,M,17.8,1,1,10,0,1,1,1,0,1,0,3,1,1,not_detected,cavity,1,1,pulmonary,smear_positive_ptb,0,completed
2881,40,M,29.6,0,0,0,0,0,0,0,0,0,0,0,0,0,N/A,normal,0,0,none,not_tb,0,not_applicable
2882,17,M,23.1,0,1,5,0,0,0,0,0,0,0,1,0,0,N/A,other_pathology,1,0,none,not_tb,0,not_applicable
2883,27,M,18.6,0,1,7,1,1,1,0,0,0,1,4,1,1,not_detected,infiltrate,1,1,pulmonary,smear_positive_ptb,0,completed
2884,50,M,15.4,0,0,0,1,1,1,0,0,1,1,3,0,0,N/A,normal,0,1,pulmonary,smear_negative_ptb,0,cured
2885,54,M,17.7,0,0,0,0,1,0,0,0,0,0,1,0,0,N/A,normal,0,0,none,not_tb,0,not_applicable
2886,48,M,18.0,0,1,6,0,1,0,0,1,1,1,2,0,0,N/A,miliary,1,1,pulmonary,smear_negative_ptb,0,cured
2887,22,M,21.3,1,0,0,1,0,1,0,0,1,1,2,0,1,not_detected,miliary,1,1,pulmonary,smear_negative_ptb,0,completed
2888,30,F,21.3,0,0,0,0,0,0,0,0,0,0,0,0,0,N/A,normal,0,0,none,not_tb,0,not_applicable
2889,42,M,21.5,0,0,0,0,0,1,0,0,0,0,1,0,0,N/A,infiltrate,1,0,none,not_tb,0,not_applicable
2890,56,M,19.4,0,0,0,1,0,0,0,0,0,0,1,0,0,N/A,normal,0,0,none,not_tb,0,not_applicable
2891,18,M,14.1,0,1,9,1,0,1,1,0,0,0,3,0,0,N/A,infiltrate,1,1,pulmonary,smear_negative_ptb,0,lost_to_followup
2892,22,F,19.6,1,1,3,0,1,0,0,0,1,1,2,0,1,not_detected,cavity,1,1,pulmonary,smear_negative_ptb,0,cured
2893,38,F,21.1,1,0,0,0,0,0,0,0,0,0,0,0,0,N/A,normal,0,0,none,not_tb,0,not_applicable
2894,17,F,23.6,0,0,0,1,0,0,0,0,0,0,1,0,0,N/A,old_tb_scar,1,0,none,not_tb,0,not_applicable
2895,26,F,22.5,0,0,0,0,1,0,0,0,0,0,1,0,0,N/A,normal,0,0,none,not_tb,0,not_applicable
2896,33,M,16.1,1,1,5,0,1,1,0,1,0,1,3,1,1,not_detected,infiltrate,1,1,pulmonary,smear_positive_ptb,0,cured
2897,41,F,19.1,0,1,7,1,0,1,0,1,0,1,3,1,1,not_detected,infiltrate,1,1,pulmonary,smear_positive_ptb,0,completed
2898,20,M,15.3,0,1,3,1,1,0,0,1,1,0,3,0,1,not_detected,miliary,1,1,pulmonary,smear_negative_ptb,0,cured
2899,45,F,22.8,0,1,5,0,0,0,0,0,0,0,1,0,0,N/A,normal,0,0,none,not_tb,0,not_applicable
2900,25,M,18.3,1,1,2,1,1,1,0,1,0,0,4,0,1,not_detected,infiltrate,1,1,pulmonary,smear_negative_ptb,0,cured
2901,43,M,22.4,0,1,5,0,1,1,0,0,1,1,3,0,0,N/A,normal,0,1,pulmonary,smear_negative_ptb,0,failed
2902,30,F,16.3,0,1,6,0,0,1,0,1,1,1,2,1,1,not_detected,pleural_effusion,1,1,pulmonary,smear_positive_ptb,0,completed
2903,55,M,17.4,0,0,0,0,1,0,0,0,0,0,1,0,0,N/A,other_pathology,1,0,none,not_tb,0,not_applicable
2904,24,F,17.5,1,1,2,1,0,1,0,0,1,0,3,1,1,detected,infiltrate,1,1,pulmonary,smear_positive_ptb,0,cured
2905,36,M,24.1,0,0,0,0,0,1,0,0,0,0,1,0,0,N/A,old_tb_scar,1,0,none,not_tb,0,not_applicable
2906,18,F,12.2,0,1,6,0,0,0,0,0,1,0,1,0,0,N/A,normal,0,0,none,not_tb,0,not_applicable
2907,53,F,25.1,0,0,0,0,0,0,0,0,1,0,0,0,0,N/A,normal,0,0,none,not_tb,0,not_applicable
2908,46,M,21.3,0,0,0,0,0,0,0,0,1,0,0,0,0,N/A,normal,0,0,none,not_tb,0,not_applicable
2909,31,F,15.6,1,0,0,1,0,1,0,0,0,1,2,0,1,not_detected,cavity,1,1,pulmonary,smear_negative_ptb,0,cured
2910,45,M,20.7,0,0,0,0,0,1,0,0,1,0,1,0,0,N/A,normal,0,0,none,not_tb,0,not_applicable
2911,41,F,16.6,1,1,3,0,1,0,0,0,1,0,2,0,0,N/A,infiltrate,1,1,extrapulmonary,extrapulmonary_tb,0,lost_to_followup
2912,28,M,15.4,1,1,2,1,1,1,1,0,1,1,4,1,1,not_detected,normal,0,1,pulmonary,smear_positive_ptb,0,completed
2913,55,M,15.2,0,0,0,0,0,0,0,0,0,0,0,0,0,N/A,other_pathology,1,0,none,not_tb,0,not_applicable
2914,33,F,24.6,1,1,6,0,0,0,0,0,0,0,1,0,0,N/A,infiltrate,1,0,none,not_tb,0,not_applicable
2915,58,M,17.1,0,1,5,1,1,0,0,1,0,0,3,1,1,not_detected,miliary,1,1,pulmonary,smear_positive_ptb,0,cured
2916,52,M,20.6,0,0,0,0,0,0,0,0,1,0,0,0,0,N/A,normal,0,0,none,not_tb,0,not_applicable
2917,49,M,20.6,0,1,8,0,1,0,0,0,1,1,2,1,1,not_detected,infiltrate,1,1,pulmonary,smear_positive_ptb,0,completed
2918,20,F,18.6,1,1,2,1,1,1,0,1,1,0,4,1,1,not_detected,infiltrate,1,1,pulmonary,smear_positive_ptb,0,completed
2919,29,M,14.6,0,1,5,0,1,1,1,0,1,1,3,1,1,not_detected,normal,0,1,pulmonary,smear_positive_ptb,0,completed
2920,23,F,24.4,0,0,0,0,0,0,0,0,0,0,0,0,0,N/A,normal,0,0,none,not_tb,0,not_applicable
2921,30,F,27.2,0,0,0,0,0,0,0,1,0,0,0,0,0,N/A,normal,0,0,none,not_tb,0,not_applicable
2922,33,M,23.8,1,0,0,0,1,0,0,0,0,0,1,0,0,N/A,normal,0,0,none,not_tb,0,not_applicable
2923,26,M,19.0,1,0,0,1,0,0,0,0,0,0,1,0,0,N/A,other_pathology,1,0,none,not_tb,0,not_applicable
2924,28,F,16.8,0,0,0,0,0,0,0,0,1,0,0,0,0,N/A,old_tb_scar,1,0,none,not_tb,0,not_applicable
2925,51,M,16.2,1,0,0,1,1,1,0,0,1,1,3,0,1,not_detected,cavity,1,1,pulmonary,smear_negative_ptb,0,cured
2926,51,F,18.8,0,1,5,0,0,1,0,0,1,0,2,0,1,not_detected,cavity,1,1,pulmonary,smear_negative_ptb,0,cured
2927,32,F,27.0,1,0,0,0,0,0,0,0,0,0,0,0,0,N/A,other_pathology,1,0,none,not_tb,0,not_applicable
2928,43,F,16.6,1,0,0,1,1,1,0,1,1,1,3,0,1,not_detected,normal,0,1,pulmonary,smear_negative_ptb,0,cured
2929,42,M,19.7,0,0,0,0,0,0,0,0,0,0,0,0,0,N/A,normal,0,0,none,not_tb,0,not_applicable
2930,28,F,21.1,0,1,6,1,1,1,0,1,1,0,4,1,1,not_detected,cavity,1,1,pulmonary,smear_positive_ptb,0,cured
2931,16,F,20.5,0,0,0,0,0,0,0,0,1,0,0,0,0,N/A,other_pathology,1,0,none,not_tb,0,not_applicable
2932,37,M,28.0,0,0,0,0,0,0,0,0,0,0,0,0,0,N/A,other_pathology,1,0,none,not_tb,0,not_applicable
2933,43,M,21.5,0,0,0,0,0,0,0,0,1,0,0,0,0,N/A,normal,0,0,none,not_tb,0,not_applicable
2934,27,F,26.1,0,0,0,1,0,1,0,0,0,0,2,0,0,N/A,old_tb_scar,1,0,none,not_tb,0,not_applicable
2935,46,F,23.3,0,0,0,0,0,0,0,0,0,0,0,0,0,N/A,normal,0,0,none,not_tb,0,not_applicable
2936,46,M,24.5,0,0,0,0,0,0,0,0,1,0,0,1,0,N/A,other_pathology,1,0,none,not_tb,0,not_applicable
2937,26,M,18.1,0,1,5,1,1,0,0,0,1,0,3,1,1,not_detected,pleural_effusion,1,1,extrapulmonary,extrapulmonary_tb,0,cured
2938,63,M,21.6,0,0,0,0,0,0,0,1,0,0,0,0,0,N/A,normal,0,0,none,not_tb,0,not_applicable
2939,18,M,19.5,0,1,4,1,0,1,0,0,1,0,3,0,1,not_detected,normal,0,1,pulmonary,smear_negative_ptb,0,cured
2940,49,M,20.5,0,1,4,0,0,1,1,0,1,0,2,1,1,detected,miliary,1,1,pulmonary,smear_positive_ptb,1,completed
2941,38,F,19.8,0,0,0,0,1,1,0,0,1,1,2,1,1,not_detected,infiltrate,1,1,pulmonary,smear_positive_ptb,0,lost_to_followup
2942,53,M,14.1,0,1,6,1,0,0,0,1,1,0,2,1,1,not_detected,infiltrate,1,1,pulmonary,smear_positive_ptb,0,cured
2943,26,F,22.9,0,0,0,0,1,0,0,0,0,1,1,0,0,N/A,normal,0,0,none,not_tb,0,not_applicable
2944,21,M,19.7,0,1,4,0,0,0,0,0,0,0,1,0,0,N/A,normal,0,0,none,not_tb,0,not_applicable
2945,16,M,20.1,0,0,0,1,0,0,0,0,0,0,1,0,0,N/A,old_tb_scar,1,0,none,not_tb,0,not_applicable
2946,43,M,19.6,1,0,0,1,1,0,0,0,1,1,2,0,1,not_detected,cavity,1,1,pulmonary,smear_negative_ptb,0,completed
2947,38,M,27.9,0,0,0,0,0,0,0,1,0,0,0,0,0,N/A,normal,0,0,none,not_tb,0,not_applicable
2948,63,F,21.2,0,0,0,0,0,0,0,0,1,0,0,0,0,N/A,normal,0,0,none,not_tb,0,not_applicable
2949,25,F,28.9,0,0,0,1,0,1,0,0,0,0,2,0,0,N/A,normal,0,0,none,not_tb,0,not_applicable
2950,35,F,18.2,1,0,0,0,0,0,0,0,1,0,0,0,0,N/A,infiltrate,1,0,none,not_tb,0,not_applicable
2951,48,M,26.3,1,0,0,1,0,0,0,0,0,0,1,0,0,N/A,normal,0,0,none,not_tb,0,not_applicable
2952,47,F,23.5,0,0,0,0,0,0,0,0,0,0,0,0,0,N/A,normal,0,0,none,not_tb,0,not_applicable
2953,39,M,22.7,0,0,0,0,0,0,0,0,0,0,0,0,0,N/A,normal,0,0,none,not_tb,0,not_applicable
2954,29,F,26.8,0,0,0,1,0,0,0,0,0,0,1,0,0,N/A,normal,0,0,none,not_tb,0,not_applicable
2955,43,M,19.8,0,0,0,0,0,0,0,0,0,0,0,0,0,N/A,normal,0,0,none,not_tb,0,not_applicable
2956,63,M,26.5,0,0,0,0,0,0,0,0,0,0,0,0,0,N/A,normal,0,0,none,not_tb,0,not_applicable
2957,45,M,18.0,0,1,4,1,1,0,0,1,0,0,3,0,1,not_detected,infiltrate,1,1,pulmonary,smear_negative_ptb,0,cured
2958,30,M,19.8,0,0,0,0,0,0,0,0,1,0,0,0,0,N/A,other_pathology,1,0,none,not_tb,0,not_applicable
2959,36,M,17.4,0,0,0,0,0,0,0,0,1,1,0,0,0,N/A,normal,0,0,none,not_tb,0,not_applicable
2960,21,F,22.5,1,0,0,0,1,1,0,0,1,1,2,0,1,not_detected,cavity,1,1,pulmonary,smear_negative_ptb,0,completed
2961,35,F,21.4,0,1,2,1,1,1,0,0,1,1,4,1,1,not_detected,pleural_effusion,1,1,pulmonary,smear_positive_ptb,0,cured
2962,37,F,20.3,0,0,0,1,0,0,0,0,1,0,1,0,0,N/A,normal,0,0,none,not_tb,0,not_applicable
2963,24,M,19.9,0,1,2,1,0,1,0,0,1,1,3,1,1,not_detected,infiltrate,1,1,pulmonary,smear_positive_ptb,0,lost_to_followup
2964,26,F,22.4,0,0,0,0,0,0,0,0,0,0,0,0,0,N/A,other_pathology,1,0,none,not_tb,0,not_applicable
2965,48,M,20.8,0,0,0,0,0,0,0,1,0,0,0,1,0,N/A,normal,0,0,none,not_tb,0,not_applicable
2966,44,M,25.4,0,0,0,0,0,0,0,0,0,0,0,0,0,N/A,normal,0,0,none,not_tb,0,not_applicable
2967,24,M,16.9,1,1,6,1,0,1,0,0,0,1,3,0,1,detected,normal,0,1,pulmonary,smear_negative_ptb,1,cured
2968,18,M,13.0,1,0,0,0,1,1,0,0,1,0,2,0,0,N/A,normal,0,1,extrapulmonary,extrapulmonary_tb,0,died
2969,49,M,22.9,0,0,0,1,0,0,0,1,0,0,1,0,0,N/A,other_pathology,1,0,none,not_tb,0,not_applicable
2970,42,M,18.7,1,1,8,1,1,1,0,1,0,0,4,1,1,not_detected,infiltrate,1,1,pulmonary,smear_positive_ptb,0,completed
2971,25,M,19.9,0,0,0,0,0,0,1,0,1,0,0,0,0,N/A,infiltrate,1,0,none,not_tb,0,not_applicable
2972,50,F,18.9,0,0,0,0,0,0,0,0,0,0,0,0,0,N/A,normal,0,0,none,not_tb,0,not_applicable
2973,27,M,14.6,0,0,0,0,0,1,0,1,1,0,1,1,1,not_detected,cavity,1,1,pulmonary,smear_positive_ptb,0,cured
2974,42,F,20.7,1,0,0,0,0,0,0,0,1,0,0,0,0,N/A,normal,0,0,none,not_tb,0,not_applicable
2975,39,M,18.9,1,0,0,0,0,0,0,0,1,0,0,0,0,N/A,normal,0,0,none,not_tb,0,not_applicable
2976,28,F,20.9,0,1,2,0,0,1,0,0,0,1,2,1,1,detected,cavity,1,1,pulmonary,smear_positive_ptb,1,completed
2977,32,F,23.8,0,0,0,0,0,0,0,0,1,0,0,0,0,N/A,normal,0,0,none,not_tb,0,not_applicable
2978,50,F,17.3,1,1,4,1,1,0,0,1,1,1,3,1,0,N/A,normal,0,1,extrapulmonary,extrapulmonary_tb,0,failed
2979,31,F,19.8,0,0,0,0,0,0,0,1,1,0,0,1,1,not_detected,miliary,1,1,pulmonary,smear_positive_ptb,0,cured
2980,22,F,21.6,1,0,0,0,0,0,0,0,0,0,0,0,0,N/A,normal,0,0,none,not_tb,0,not_applicable
2981,26,F,21.1,1,0,0,0,0,0,0,1,0,0,0,0,0,N/A,other_pathology,1,0,none,not_tb,0,not_applicable
2982,28,M,21.8,0,0,0,0,0,1,0,0,0,0,1,0,0,N/A,normal,0,0,none,not_tb,0,not_applicable
2983,46,M,28.2,0,0,0,0,0,0,0,0,0,0,0,0,0,N/A,normal,0,0,none,not_tb,0,not_applicable
2984,27,F,24.3,0,0,0,0,0,0,0,0,1,0,0,0,0,N/A,normal,0,0,none,not_tb,0,not_applicable
2985,16,M,21.0,0,0,0,0,0,0,0,0,0,1,0,0,0,N/A,infiltrate,1,0,none,not_tb,0,not_applicable
2986,25,M,20.7,0,1,6,1,0,0,0,0,1,0,2,0,0,N/A,cavity,1,1,pulmonary,smear_negative_ptb,0,lost_to_followup
2987,18,M,20.6,1,0,0,1,0,1,0,0,1,0,2,0,1,not_detected,normal,0,1,extrapulmonary,extrapulmonary_tb,0,cured
2988,57,M,22.9,0,0,0,0,0,0,0,0,0,0,0,0,0,N/A,normal,0,0,none,not_tb,0,not_applicable
2989,30,M,17.7,1,0,0,1,1,0,1,0,1,0,2,0,0,N/A,infiltrate,1,1,extrapulmonary,extrapulmonary_tb,0,cured
2990,15,F,20.6,0,0,0,0,0,0,0,0,1,0,0,0,0,N/A,old_tb_scar,1,0,none,not_tb,0,not_applicable
2991,57,F,15.8,0,0,0,0,0,1,0,1,0,1,1,0,1,not_detected,pleural_effusion,1,1,extrapulmonary,extrapulmonary_tb,0,cured
2992,51,F,22.6,0,0,0,1,0,0,0,0,1,0,1,0,0,N/A,other_pathology,1,0,none,not_tb,0,not_applicable
2993,29,M,17.0,1,0,0,1,0,1,0,1,0,1,2,0,1,not_detected,infiltrate,1,1,pulmonary,smear_negative_ptb,0,cured
2994,45,M,20.5,0,1,2,0,0,0,0,0,0,0,1,0,0,N/A,normal,0,0,none,not_tb,0,not_applicable
2995,24,M,24.2,0,0,0,1,0,0,0,0,1,0,1,0,0,N/A,normal,0,0,none,not_tb,0,not_applicable
2996,40,M,22.7,0,1,9,1,0,0,0,0,1,1,2,1,0,N/A,infiltrate,1,1,pulmonary,smear_positive_ptb,0,cured
2997,48,F,23.3,0,0,0,0,0,0,0,0,0,0,0,0,0,N/A,infiltrate,1,0,none,not_tb,0,not_applicable
2998,62,M,21.6,0,0,0,0,0,1,0,0,0,0,1,0,0,N/A,normal,0,0,none,not_tb,0,not_applicable
2999,17,F,21.9,0,0,0,0,0,1,0,0,0,0,1,0,1,detected,old_tb_scar,1,0,none,not_tb,0,not_applicable
3000,47,M,26.0,0,0,0,0,0,0,0,0,1,0,0,0,0,N/A,normal,0,0,none,not_tb,0,not_applicable
3001,31,F,19.5,0,0,0,1,1,1,0,0,0,1,3,1,1,not_detected,cavity,1,1,pulmonary,smear_positive_ptb,0,cured
3002,66,F,19.0,0,1,2,1,1,0,0,0,1,1,3,0,1,not_detected,infiltrate,1,1,pulmonary,smear_negative_ptb,0,failed
3003,41,M,19.2,0,1,5,1,1,1,0,0,0,1,4,1,0,N/A,cavity,1,1,pulmonary,smear_positive_ptb,0,cured
3004,45,F,14.9,0,0,0,1,1,1,0,1,0,0,3,1,0,N/A,normal,0,1,extrapulmonary,extrapulmonary_tb,0,cured
3005,31,M,23.4,0,0,0,0,0,0,0,0,0,0,0,0,0,N/A,normal,0,0,none,not_tb,0,not_applicable
3006,44,F,18.9,0,0,0,0,0,1,0,0,0,0,1,0,1,not_detected,normal,0,0,none,not_tb,0,not_applicable
3007,38,F,23.4,0,0,0,0,0,0,0,0,0,1,0,0,0,N/A,normal,0,0,none,not_tb,0,not_applicable
3008,51,M,19.4,0,0,0,0,0,0,0,0,0,0,0,0,0,N/A,normal,0,0,none,not_tb,0,not_applicable
3009,69,M,24.1,0,0,0,0,0,0,0,1,0,0,0,0,0,N/A,normal,0,0,none,not_tb,0,not_applicable
3010,54,F,18.1,0,1,3,0,0,1,0,0,1,1,2,1,1,not_detected,normal,0,1,pulmonary,smear_positive_ptb,0,cured
3011,35,M,15.6,0,0,0,1,1,1,0,0,1,0,3,0,0,N/A,normal,0,1,pulmonary,smear_negative_ptb,0,died
3012,29,F,21.0,0,0,0,0,0,0,0,0,0,1,0,0,0,N/A,normal,0,0,none,not_tb,0,not_applicable
3013,43,F,29.7,1,1,3,0,0,0,0,0,1,0,1,0,0,N/A,normal,0,0,none,not_tb,0,not_applicable
3014,68,F,12.8,0,1,6,1,0,1,0,0,0,0,3,1,1,not_detected,infiltrate,1,1,pulmonary,smear_positive_ptb,0,completed
3015,78,M,18.9,1,1,7,1,0,0,0,0,0,0,2,1,1,not_detected,infiltrate,1,1,pulmonary,smear_positive_ptb,0,lost_to_followup
3016,45,F,16.0,0,1,3,1,0,1,0,0,1,1,3,0,1,not_detected,infiltrate,1,1,pulmonary,smear_negative_ptb,0,cured
3017,35,F,26.8,0,0,0,0,0,0,0,0,0,0,0,0,0,N/A,infiltrate,1,0,none,not_tb,0,not_applicable
3018,37,M,24.9,0,0,0,1,0,0,0,0,0,0,1,0,0,N/A,infiltrate,1,0,none,not_tb,0,not_applicable
3019,35,M,19.0,1,1,5,1,0,0,0,1,1,0,2,0,1,not_detected,normal,0,1,extrapulmonary,extrapulmonary_tb,0,cured
3020,24,M,25.2,0,0,0,0,0,0,0,0,0,0,0,0,0,N/A,other_pathology,1,0,none,not_tb,0,not_applicable
3021,45,M,22.9,0,0,0,1,0,0,0,1,0,0,1,0,0,N/A,normal,0,0,none,not_tb,0,not_applicable
3022,23,F,22.0,0,0,0,0,0,0,0,0,0,0,0,0,0,N/A,normal,0,0,none,not_tb,0,not_applicable
3023,34,M,19.9,1,0,0,0,0,0,0,0,0,0,0,0,0,N/A,normal,0,0,none,not_tb,0,not_applicable
3024,46,M,17.6,1,0,0,0,0,0,1,1,0,1,0,1,1,not_detected,miliary,1,1,pulmonary,smear_positive_ptb,0,cured
3025,41,M,17.3,1,1,4,1,1,0,0,1,0,1,3,0,1,not_detected,infiltrate,1,1,pulmonary,smear_negative_ptb,0,cured
3026,16,M,18.5,0,1,4,0,1,0,0,1,0,1,2,0,1,not_detected,infiltrate,1,1,pulmonary,smear_negative_ptb,0,completed
3027,46,M,15.4,0,0,0,1,0,0,0,1,1,0,1,0,0,N/A,other_pathology,1,0,none,not_tb,0,not_applicable
3028,38,F,25.6,1,0,0,0,0,0,0,0,1,0,0,0,0,N/A,other_pathology,1,0,none,not_tb,0,not_applicable
3029,76,F,23.4,0,0,0,0,0,0,0,0,0,1,0,0,1,not_detected,cavity,1,1,pulmonary,smear_negative_ptb,0,cured
3030,24,M,20.5,1,1,3,0,1,0,0,0,0,0,2,0,0,N/A,normal,0,0,none,not_tb,0,not_applicable
3031,45,F,26.1,0,0,0,1,0,0,0,0,0,0,1,0,0,N/A,normal,0,0,none,not_tb,0,not_applicable
3032,30,M,18.2,1,1,4,1,1,1,0,1,0,1,4,0,1,not_detected,pleural_effusion,1,1,pulmonary,smear_negative_ptb,0,cured
3033,80,M,17.0,1,1,3,1,0,0,0,1,1,1,2,0,0,N/A,pleural_effusion,1,1,extrapulmonary,extrapulmonary_tb,0,completed
3034,41,M,17.5,1,1,5,1,0,0,1,1,1,0,2,0,1,detected,pleural_effusion,1,1,pulmonary,smear_negative_ptb,0,died
3035,41,F,18.7,0,1,9,0,1,0,1,1,0,0,2,0,1,not_detected,infiltrate,1,1,pulmonary,smear_negative_ptb,0,completed
3036,43,F,19.5,0,0,0,0,0,0,0,0,0,0,0,0,0,N/A,normal,0,0,none,not_tb,0,not_applicable
3037,35,F,24.1,0,0,0,0,0,0,0,0,0,0,0,0,0,N/A,other_pathology,1,0,none,not_tb,0,not_applicable
3038,35,M,17.2,1,1,8,0,0,0,0,0,1,0,1,0,1,not_detected,infiltrate,1,1,pulmonary,smear_negative_ptb,0,died
3039,29,M,18.2,0,0,0,0,0,0,0,0,0,0,0,0,0,N/A,normal,0,0,none,not_tb,0,not_applicable
3040,35,F,21.9,0,0,0,0,0,0,0,0,1,1,0,0,0,N/A,old_tb_scar,1,0,none,not_tb,0,not_applicable
3041,47,M,19.6,0,0,0,1,0,0,0,0,0,0,1,0,0,N/A,other_pathology,1,0,none,not_tb,0,not_applicable
3042,48,F,17.7,1,0,0,0,0,0,0,0,1,1,0,0,1,not_detected,normal,0,1,pulmonary,smear_negative_ptb,0,completed
3043,44,F,21.8,0,0,0,0,0,0,1,1,1,0,0,0,1,not_detected,normal,0,0,none,not_tb,0,not_applicable
3044,44,M,17.3,0,0,0,0,1,0,0,0,0,0,1,0,0,N/A,normal,0,0,none,not_tb,0,not_applicable
3045,34,F,27.1,0,0,0,0,0,0,0,0,0,0,0,0,0,N/A,old_tb_scar,1,0,none,not_tb,0,not_applicable
3046,43,F,20.5,0,1,5,0,0,0,0,0,0,1,1,0,1,not_detected,infiltrate,1,1,pulmonary,smear_negative_ptb,0,cured
3047,40,M,19.8,0,0,0,0,0,0,0,0,0,0,0,0,0,N/A,normal,0,0,none,not_tb,0,not_applicable
3048,42,F,21.9,0,0,0,0,0,0,0,0,0,0,0,0,1,not_detected,normal,0,0,none,not_tb,0,not_applicable
3049,53,F,20.1,1,0,0,1,1,1,0,1,0,1,3,1,1,not_detected,normal,0,1,pulmonary,smear_positive_ptb,0,completed
3050,37,M,19.0,1,1,5,1,0,0,0,0,0,1,2,1,1,detected,cavity,1,1,pulmonary,smear_positive_ptb,0,completed
3051,31,F,28.6,0,0,0,0,0,1,0,0,0,0,1,0,0,N/A,other_pathology,1,0,none,not_tb,0,not_applicable
3052,56,M,21.2,1,0,0,0,1,0,0,0,0,0,1,0,0,N/A,normal,0,0,none,not_tb,0,not_applicable
3053,29,F,26.2,1,0,0,0,0,0,0,0,0,0,0,0,0,N/A,normal,0,0,none,not_tb,0,not_applicable
3054,44,F,15.2,1,0,0,1,1,1,1,0,1,0,3,0,1,not_detected,pleural_effusion,1,1,pulmonary,smear_negative_ptb,0,cured
3055,21,F,15.5,1,1,7,1,0,0,0,0,1,0,2,0,1,not_detected,infiltrate,1,1,pulmonary,smear_negative_ptb,0,completed
3056,34,M,22.7,1,1,7,1,0,0,0,0,1,1,2,0,1,not_detected,infiltrate,1,1,pulmonary,smear_negative_ptb,0,cured
3057,27,F,20.5,0,0,0,1,0,0,0,1,1,0,1,0,0,N/A,normal,0,0,none,not_tb,0,not_applicable
3058,36,M,15.6,0,1,9,1,0,0,0,1,1,0,2,1,1,not_detected,infiltrate,1,1,pulmonary,smear_positive_ptb,0,cured
3059,42,M,21.8,0,0,0,0,0,0,0,0,0,0,0,0,0,N/A,normal,0,0,none,not_tb,0,not_applicable
3060,27,M,26.4,0,0,0,0,0,0,0,0,0,0,0,0,0,N/A,normal,0,0,none,not_tb,0,not_applicable
3061,33,F,19.3,0,0,0,0,0,0,0,0,0,0,0,0,0,N/A,normal,0,0,none,not_tb,0,not_applicable
3062,34,M,21.9,0,0,0,0,0,0,0,0,0,0,0,0,0,N/A,normal,0,0,none,not_tb,0,not_applicable
3063,32,M,15.5,0,0,0,0,0,0,0,0,0,0,0,0,0,N/A,normal,0,0,none,not_tb,0,not_applicable
3064,36,F,17.3,0,1,6,0,1,0,0,0,0,1,2,0,1,not_detected,infiltrate,1,1,pulmonary,smear_negative_ptb,0,completed
3065,45,M,25.5,1,1,4,0,0,0,0,0,1,0,1,0,0,N/A,other_pathology,1,0,none,not_tb,0,not_applicable
3066,25,M,19.3,0,0,0,0,1,0,0,0,0,1,1,0,0,N/A,other_pathology,1,0,none,not_tb,0,not_applicable
3067,62,M,15.3,0,0,0,0,0,0,0,0,1,1,0,1,1,not_detected,infiltrate,1,1,pulmonary,smear_positive_ptb,0,cured
3068,41,M,16.6,1,1,2,1,1,0,0,0,1,1,3,0,1,not_detected,normal,0,1,pulmonary,smear_negative_ptb,0,cured
3069,38,F,19.9,0,0,0,0,0,0,0,0,0,0,0,0,0,N/A,normal,0,0,none,not_tb,0,not_applicable
3070,52,M,24.7,0,0,0,0,0,0,0,0,0,1,0,0,0,N/A,normal,0,0,none,not_tb,0,not_applicable
3071,55,M,23.3,1,1,2,0,0,1,0,0,0,1,2,0,0,N/A,normal,0,0,none,not_tb,0,not_applicable
3072,27,F,24.0,0,0,0,0,0,1,0,0,1,1,1,0,0,N/A,normal,0,0,none,not_tb,0,not_applicable
3073,27,F,18.6,1,1,3,1,1,1,0,0,1,1,4,1,1,not_detected,normal,0,1,pulmonary,smear_positive_ptb,0,completed
3074,29,F,17.0,1,0,0,0,0,1,0,0,0,0,1,0,0,N/A,infiltrate,1,1,extrapulmonary,extrapulmonary_tb,0,lost_to_followup
3075,47,F,19.3,0,0,0,0,0,0,0,0,0,0,0,0,0,N/A,other_pathology,1,0,none,not_tb,0,not_applicable
3076,24,F,23.5,0,0,0,0,0,0,0,0,1,0,0,0,0,N/A,normal,0,0,none,not_tb,0,not_applicable
3077,26,M,27.6,0,0,0,0,0,0,0,0,0,0,0,0,0,N/A,normal,0,0,none,not_tb,0,not_applicable
3078,48,F,18.7,0,0,0,0,0,0,0,0,0,0,0,0,0,N/A,old_tb_scar,1,0,none,not_tb,0,not_applicable
3079,25,F,16.0,0,1,8,0,0,0,0,0,1,0,1,0,1,not_detected,infiltrate,1,1,pulmonary,smear_negative_ptb,0,cured
3080,44,M,18.0,0,0,0,0,0,0,0,1,0,0,0,0,0,N/A,other_pathology,1,0,none,not_tb,0,not_applicable
3081,39,M,24.9,0,0,0,0,0,0,0,0,1,0,0,0,0,N/A,infiltrate,1,0,none,not_tb,0,not_applicable
3082,72,M,21.9,0,0,0,0,0,0,0,0,0,0,0,0,0,N/A,normal,0,0,none,not_tb,0,not_applicable
3083,43,F,19.9,0,1,8,1,1,0,0,0,0,0,3,1,1,not_detected,infiltrate,1,1,pulmonary,smear_positive_ptb,0,cured
3084,50,F,17.2,0,1,6,1,0,1,0,0,0,1,3,0,1,detected,infiltrate,1,1,pulmonary,smear_negative_ptb,0,cured
3085,63,F,24.2,0,1,2,0,0,0,0,0,0,0,1,0,0,N/A,old_tb_scar,1,0,none,not_tb,0,not_applicable
3086,40,M,21.0,0,0,0,0,0,0,0,0,0,0,0,0,0,N/A,normal,0,0,none,not_tb,0,not_applicable
3087,56,M,16.6,1,0,0,0,0,0,0,0,0,1,0,0,0,N/A,normal,0,0,none,not_tb,0,not_applicable
3088,26,M,25.2,0,0,0,0,0,0,0,0,1,0,0,0,0,N/A,infiltrate,1,0,none,not_tb,0,not_applicable
3089,25,M,18.4,0,1,6,1,0,1,0,0,0,0,3,1,1,detected,miliary,1,1,pulmonary,smear_positive_ptb,1,lost_to_followup
3090,34,F,20.9,1,0,0,0,0,0,0,0,0,0,0,0,0,N/A,other_pathology,1,0,none,not_tb,0,not_applicable
3091,33,F,23.0,0,0,0,0,0,0,0,0,0,0,0,0,0,N/A,normal,0,0,none,not_tb,0,not_applicable
3092,33,F,14.9,0,1,7,0,0,1,0,0,1,1,2,1,1,not_detected,cavity,1,1,pulmonary,smear_positive_ptb,0,cured
3093,25,F,23.5,0,0,0,0,0,0,0,0,0,0,0,0,0,N/A,normal,0,0,none,not_tb,0,not_applicable
3094,60,F,17.0,0,1,2,0,1,1,0,0,1,0,3,0,1,not_detected,infiltrate,1,1,pulmonary,smear_negative_ptb,0,cured
3095,31,M,21.5,0,0,0,0,0,1,0,0,0,0,1,0,0,N/A,normal,0,0,none,not_tb,0,not_applicable
3096,25,M,26.0,1,0,0,1,1,0,0,0,0,0,2,0,0,N/A,normal,0,0,none,not_tb,0,not_applicable
3097,16,M,20.1,1,0,0,1,1,1,0,0,0,0,3,0,1,not_detected,cavity,1,1,pulmonary,smear_negative_ptb,0,completed
3098,25,M,21.4,0,0,0,0,0,0,0,0,0,0,0,0,0,N/A,old_tb_scar,1,0,none,not_tb,0,not_applicable
3099,58,M,21.6,0,0,0,0,0,0,0,0,0,0,0,0,0,N/A,infiltrate,1,0,none,not_tb,0,not_applicable
3100,52,M,12.1,1,1,6,1,1,0,0,0,0,1,3,1,1,not_detected,cavity,1,1,pulmonary,smear_positive_ptb,0,cured
3101,61,F,19.1,1,0,0,0,0,0,0,0,0,0,0,0,0,N/A,normal,0,0,none,not_tb,0,not_applicable
3102,43,M,22.6,0,0,0,0,0,0,0,0,0,0,0,0,0,N/A,old_tb_scar,1,0,none,not_tb,0,not_applicable
3103,46,F,19.3,0,0,0,0,0,0,0,0,0,0,0,0,0,N/A,normal,0,0,none,not_tb,0,not_applicable
3104,41,F,15.2,0,1,5,0,0,0,0,0,1,1,1,1,1,not_detected,pleural_effusion,1,1,pulmonary,smear_positive_ptb,0,died
3105,27,F,23.7,0,0,0,0,0,0,0,1,0,0,0,0,0,N/A,normal,0,0,none,not_tb,0,not_applicable
3106,39,F,21.8,0,1,5,1,1,1,0,0,1,0,4,0,0,N/A,pleural_effusion,1,1,extrapulmonary,extrapulmonary_tb,0,cured
3107,30,M,16.7,0,1,3,1,1,1,1,1,1,1,4,0,0,N/A,pleural_effusion,1,1,pulmonary,smear_negative_ptb,0,cured
3108,30,F,20.7,0,1,3,1,0,0,1,0,1,1,2,1,0,N/A,infiltrate,1,1,pulmonary,smear_positive_ptb,0,cured
3109,17,M,20.3,1,0,0,1,0,0,0,0,0,0,1,0,1,not_detected,normal,0,1,extrapulmonary,extrapulmonary_tb,0,completed
3110,68,F,18.6,0,0,0,0,0,0,0,0,0,0,0,0,0,N/A,normal,0,0,none,not_tb,0,not_applicable
3111,35,M,16.7,1,0,0,1,0,1,1,0,1,1,2,1,1,not_detected,infiltrate,1,1,pulmonary,smear_positive_ptb,0,lost_to_followup
3112,39,M,28.3,1,0,0,0,0,0,0,1,0,1,0,0,0,N/A,other_pathology,1,0,none,not_tb,0,not_applicable
3113,48,F,15.7,1,1,6,1,0,0,0,1,1,1,2,0,1,not_detected,miliary,1,1,pulmonary,smear_negative_ptb,0,cured
3114,34,F,17.0,1,0,0,1,1,1,0,1,1,0,3,0,1,not_detected,infiltrate,1,1,pulmonary,smear_negative_ptb,0,cured
3115,44,M,28.9,0,0,0,0,0,0,0,0,0,0,0,0,0,N/A,normal,0,0,none,not_tb,0,not_applicable
3116,32,F,20.0,0,0,0,0,0,1,0,0,0,0,1,0,0,N/A,normal,0,0,none,not_tb,0,not_applicable
3117,63,M,21.9,0,0,0,1,1,1,0,0,1,1,3,0,0,N/A,infiltrate,1,1,pulmonary,smear_negative_ptb,0,completed
3118,39,F,18.4,0,0,0,0,1,0,0,0,1,0,1,0,0,N/A,normal,0,0,none,not_tb,0,not_applicable
3119,50,M,18.8,0,1,2,1,1,1,0,0,1,0,4,1,1,not_detected,miliary,1,1,pulmonary,smear_positive_ptb,0,completed
3120,22,M,25.8,1,0,0,0,0,0,0,0,1,0,0,0,0,N/A,normal,0,0,none,not_tb,0,not_applicable
3121,32,M,20.4,0,0,0,0,0,0,0,0,0,0,0,0,0,N/A,normal,0,0,none,not_tb,0,not_applicable
3122,47,M,18.7,0,1,6,0,0,1,0,1,1,1,2,1,1,not_detected,cavity,1,1,pulmonary,smear_positive_ptb,0,cured
3123,32,M,24.6,0,0,0,0,0,0,0,0,0,0,0,0,0,N/A,normal,0,0,none,not_tb,0,not_applicable
3124,25,M,18.8,0,0,0,1,0,0,0,0,0,0,1,0,0,N/A,other_pathology,1,0,none,not_tb,0,not_applicable
3125,50,M,24.1,1,1,10,1,1,0,1,0,1,0,3,0,1,not_detected,infiltrate,1,1,pulmonary,smear_negative_ptb,0,cured
3126,27,M,25.6,0,0,0,0,0,0,0,0,0,1,0,0,0,N/A,normal,0,0,none,not_tb,0,not_applicable
3127,20,M,20.7,0,0,0,1,0,0,0,0,1,0,1,0,0,N/A,old_tb_scar,1,0,none,not_tb,0,not_applicable
3128,23,M,21.2,0,0,0,0,0,0,0,0,0,0,0,0,0,N/A,normal,0,0,none,not_tb,0,not_applicable
3129,17,F,23.3,1,0,0,1,0,1,0,0,1,0,2,0,0,N/A,infiltrate,1,1,pulmonary,smear_negative_ptb,0,completed
3130,50,F,20.8,0,0,0,0,0,0,0,1,0,0,0,0,0,N/A,old_tb_scar,1,0,none,not_tb,0,not_applicable
3131,26,M,20.3,0,0,0,0,0,0,0,0,0,0,0,0,0,N/A,normal,0,0,none,not_tb,0,not_applicable
3132,61,F,26.0,0,0,0,0,1,0,0,0,0,0,1,0,0,N/A,normal,0,0,none,not_tb,0,not_applicable
3133,39,M,17.1,0,0,0,0,0,0,0,0,1,0,0,0,0,N/A,infiltrate,1,0,none,not_tb,0,not_applicable
3134,31,M,18.3,1,1,7,1,1,1,0,0,1,0,4,0,0,N/A,infiltrate,1,1,extrapulmonary,extrapulmonary_tb,0,died
3135,48,F,22.3,0,0,0,0,0,0,0,0,0,0,0,0,1,not_detected,normal,0,0,none,not_tb,0,not_applicable
3136,47,F,19.5,1,0,0,0,0,0,0,0,0,0,0,0,0,N/A,normal,0,0,none,not_tb,0,not_applicable
3137,27,F,14.6,1,1,6,1,1,0,0,0,1,1,3,1,1,not_detected,miliary,1,1,pulmonary,smear_positive_ptb,0,lost_to_followup
3138,32,M,18.7,1,1,8,1,1,1,0,0,1,0,4,0,0,N/A,infiltrate,1,1,pulmonary,smear_negative_ptb,0,cured
3139,43,F,20.2,0,1,5,0,1,1,0,0,1,1,3,1,1,not_detected,infiltrate,1,1,pulmonary,smear_positive_ptb,0,completed
3140,37,M,19.6,0,0,0,0,0,0,0,0,0,0,0,0,0,N/A,normal,0,0,none,not_tb,0,not_applicable
3141,34,M,15.6,1,0,0,1,1,0,0,0,1,1,2,1,1,not_detected,normal,0,1,pulmonary,smear_positive_ptb,0,died
3142,31,M,21.6,1,0,0,1,1,1,0,0,0,1,3,0,1,not_detected,infiltrate,1,1,pulmonary,smear_negative_ptb,0,completed
3143,60,F,23.8,0,1,6,0,0,0,0,0,0,0,1,0,0,N/A,normal,0,0,none,not_tb,0,not_applicable
3144,38,M,20.7,0,0,0,0,0,0,0,0,1,0,0,0,0,N/A,infiltrate,1,0,none,not_tb,0,not_applicable
3145,43,F,20.8,1,1,7,1,1,1,0,0,1,1,4,0,1,detected,cavity,1,1,pulmonary,smear_negative_ptb,0,lost_to_followup
3146,26,F,22.8,0,0,0,0,0,0,0,0,0,0,0,0,0,N/A,normal,0,0,none,not_tb,0,not_applicable
3147,40,F,28.3,1,0,0,0,0,0,0,1,0,0,0,0,0,N/A,normal,0,0,none,not_tb,0,not_applicable
3148,28,F,24.3,0,0,0,0,0,0,0,0,1,0,0,0,0,N/A,normal,0,0,none,not_tb,0,not_applicable
3149,40,F,15.0,1,1,8,0,1,0,1,0,1,1,2,0,0,N/A,infiltrate,1,1,pulmonary,smear_negative_ptb,0,cured
3150,24,M,16.9,0,1,4,1,1,1,0,0,1,0,4,0,0,N/A,infiltrate,1,1,pulmonary,smear_negative_ptb,0,cured
3151,43,M,19.9,0,1,3,0,0,0,0,0,1,0,1,0,0,N/A,normal,0,0,none,not_tb,0,not_applicable
3152,30,F,23.1,0,1,3,0,0,0,0,0,0,0,1,0,0,N/A,normal,0,0,none,not_tb,0,not_applicable
3153,39,M,20.9,0,0,0,0,1,0,0,1,0,0,1,0,0,N/A,normal,0,0,none,not_tb,0,not_applicable
3154,42,M,18.1,0,0,0,0,0,0,0,0,0,0,0,0,0,N/A,normal,0,0,none,not_tb,0,not_applicable
3155,62,M,24.1,0,0,0,0,0,0,0,0,0,1,0,0,0,N/A,normal,0,0,none,not_tb,0,not_applicable
3156,22,M,21.0,0,1,7,1,0,1,0,0,1,1,3,0,0,N/A,normal,0,1,extrapulmonary,extrapulmonary_tb,0,cured
3157,38,M,21.6,0,0,0,0,0,0,0,0,0,0,0,0,0,N/A,normal,0,0,none,not_tb,0,not_applicable
3158,20,M,19.0,0,1,5,1,0,1,0,1,1,1,3,0,0,N/A,infiltrate,1,1,pulmonary,smear_negative_ptb,0,cured
3159,25,F,16.1,1,1,4,0,1,1,0,1,1,0,3,1,1,not_detected,normal,0,1,pulmonary,smear_positive_ptb,0,cured
3160,34,M,17.2,1,1,6,1,1,1,0,0,0,1,4,0,0,N/A,cavity,1,1,pulmonary,smear_negative_ptb,0,failed
3161,33,F,17.3,1,0,0,1,1,1,0,1,1,0,3,0,0,N/A,normal,0,1,extrapulmonary,extrapulmonary_tb,0,cured
3162,18,F,24.0,0,0,0,0,0,0,0,0,0,0,0,0,0,N/A,old_tb_scar,1,0,none,not_tb,0,not_applicable
3163,31,M,22.9,1,0,0,0,0,0,0,0,1,0,0,0,0,N/A,other_pathology,1,0,none,not_tb,0,not_applicable
3164,38,F,17.7,1,1,4,0,0,1,0,0,0,1,2,0,0,N/A,pleural_effusion,1,1,extrapulmonary,extrapulmonary_tb,0,failed
3165,35,F,20.7,0,0,0,0,0,0,0,0,0,0,0,0,0,N/A,old_tb_scar,1,0,none,not_tb,0,not_applicable
3166,24,F,13.6,1,0,0,1,1,0,0,0,0,1,2,0,0,N/A,normal,0,1,extrapulmonary,extrapulmonary_tb,0,cured
3167,16,M,27.6,0,0,0,0,0,0,0,1,0,0,0,0,0,N/A,normal,0,0,none,not_tb,0,not_applicable
3168,57,M,13.3,0,0,0,0,1,1,0,0,0,1,2,1,1,not_detected,cavity,1,1,pulmonary,smear_positive_ptb,0,completed
3169,23,M,23.5,1,0,0,0,0,0,0,0,0,0,0,0,0,N/A,infiltrate,1,0,none,not_tb,0,not_applicable
3170,31,F,22.1,0,0,0,0,0,0,0,0,0,0,0,0,0,N/A,normal,0,0,none,not_tb,0,not_applicable
3171,59,F,17.8,1,1,4,1,0,0,0,0,1,1,2,0,0,N/A,infiltrate,1,1,pulmonary,smear_negative_ptb,0,cured
3172,60,F,22.0,0,0,0,0,0,0,0,0,0,0,0,0,0,N/A,old_tb_scar,1,0,none,not_tb,0,not_applicable
3173,39,F,19.7,0,0,0,0,0,0,0,0,1,0,0,0,0,N/A,normal,0,0,none,not_tb,0,not_applicable
3174,17,F,24.3,1,0,0,0,0,0,0,0,0,0,0,0,0,N/A,normal,0,0,none,not_tb,0,not_applicable
3175,41,F,17.4,1,0,0,0,0,0,0,0,0,0,0,0,0,N/A,normal,0,0,none,not_tb,0,not_applicable
3176,31,M,19.3,0,1,4,0,1,0,0,1,0,0,2,0,1,not_detected,normal,0,1,extrapulmonary,extrapulmonary_tb,0,cured
3177,37,F,19.6,0,0,0,0,0,0,0,0,1,0,0,0,0,N/A,infiltrate,1,0,none,not_tb,0,not_applicable
3178,38,M,20.5,1,0,0,0,0,1,0,0,0,0,1,0,0,N/A,normal,0,0,none,not_tb,0,not_applicable
3179,40,M,20.6,0,0,0,0,0,1,0,0,0,0,1,0,0,N/A,other_pathology,1,0,none,not_tb,0,not_applicable
3180,61,M,21.4,0,0,0,0,0,0,0,0,0,0,0,0,0,N/A,normal,0,0,none,not_tb,0,not_applicable
3181,48,F,23.8,0,0,0,0,0,1,0,0,0,0,1,0,0,N/A,infiltrate,1,0,none,not_tb,0,not_applicable
3182,43,M,18.4,1,1,5,1,1,1,0,0,1,0,4,1,1,not_detected,infiltrate,1,1,pulmonary,smear_positive_ptb,0,completed
3183,42,M,25.3,1,0,0,0,0,0,0,0,0,0,0,0,0,N/A,normal,0,0,none,not_tb,0,not_applicable
3184,43,M,25.7,0,0,0,0,0,0,0,0,0,0,0,0,0,N/A,normal,0,0,none,not_tb,0,not_applicable
3185,44,M,19.3,1,1,6,1,0,0,0,1,1,0,2,0,1,detected,normal,0,1,pulmonary,smear_negative_ptb,0,cured
3186,49,M,20.2,1,1,3,0,0,0,0,1,1,0,1,0,0,N/A,normal,0,1,extrapulmonary,extrapulmonary_tb,0,cured
3187,16,F,29.1,1,0,0,0,0,0,0,0,0,0,0,0,0,N/A,infiltrate,1,0,none,not_tb,0,not_applicable
3188,30,F,15.0,1,1,5,1,1,1,0,1,0,1,4,1,1,not_detected,infiltrate,1,1,pulmonary,smear_positive_ptb,0,lost_to_followup
3189,36,M,25.8,0,0,0,0,0,1,0,0,1,0,1,0,0,N/A,infiltrate,1,0,none,not_tb,0,not_applicable
3190,37,M,22.4,1,0,0,1,1,1,0,0,0,0,3,0,1,not_detected,infiltrate,1,1,pulmonary,smear_negative_ptb,0,failed
3191,59,M,23.5,0,0,0,0,0,0,0,0,0,0,0,0,0,N/A,old_tb_scar,1,0,none,not_tb,0,not_applicable
3192,21,M,23.3,1,1,2,0,1,0,1,1,0,0,2,0,1,not_detected,normal,0,1,extrapulmonary,extrapulmonary_tb,0,died
3193,56,M,28.2,0,0,0,0,0,0,0,0,0,0,0,0,0,N/A,normal,0,0,none,not_tb,0,not_applicable
3194,68,F,20.8,0,0,0,1,0,0,0,0,0,0,1,0,0,N/A,infiltrate,1,0,none,not_tb,0,not_applicable
3195,20,F,17.8,0,1,2,1,0,1,0,1,0,1,3,1,1,not_detected,normal,0,1,pulmonary,smear_positive_ptb,0,cured
3196,35,M,23.9,0,0,0,0,0,0,0,0,0,1,0,0,0,N/A,normal,0,0,none,not_tb,0,not_applicable
3197,36,M,16.9,0,1,6,1,1,1,1,1,0,1,4,0,1,not_detected,infiltrate,1,1,pulmonary,smear_negative_ptb,0,cured
3198,34,M,31.5,1,0,0,0,0,0,0,0,0,0,0,0,0,N/A,normal,0,0,none,not_tb,0,not_applicable
3199,53,M,20.5,0,1,3,1,1,1,0,1,1,1,4,0,1,not_detected,cavity,1,1,pulmonary,smear_negative_ptb,0,cured
3200,57,F,22.2,0,0,0,1,0,0,0,0,0,0,1,0,0,N/A,normal,0,0,none,not_tb,0,not_applicable
3201,29,F,17.1,1,1,5,1,0,1,0,0,1,0,3,0,0,N/A,normal,0,0,none,not_tb,0,not_applicable
3202,28,F,19.1,0,1,5,1,1,1,0,0,1,1,4,0,0,N/A,normal,0,1,extrapulmonary,extrapulmonary_tb,0,cured
3203,46,F,17.9,0,0,0,1,0,0,0,0,0,0,1,0,0,N/A,normal,0,0,none,not_tb,0,not_applicable
3204,29,F,24.7,0,0,0,0,1,0,0,0,0,0,1,0,0,N/A,normal,0,0,none,not_tb,0,not_applicable
3205,45,F,13.2,0,0,0,0,0,1,0,0,0,0,1,0,0,N/A,normal,0,0,none,not_tb,0,not_applicable
3206,41,M,26.8,0,1,2,0,0,0,0,0,0,0,1,0,0,N/A,normal,0,0,none,not_tb,0,not_applicable
3207,29,M,20.5,0,0,0,0,0,0,0,0,0,0,0,0,0,N/A,old_tb_scar,1,0,none,not_tb,0,not_applicable
3208,43,M,16.1,0,0,0,0,0,0,0,0,0,0,0,0,0,N/A,normal,0,0,none,not_tb,0,not_applicable
3209,29,M,21.9,0,0,0,0,0,0,0,0,0,0,0,0,0,N/A,normal,0,0,none,not_tb,0,not_applicable
3210,33,M,22.1,0,0,0,0,0,1,0,0,0,0,1,0,0,N/A,normal,0,0,none,not_tb,0,not_applicable
3211,57,M,21.8,0,0,0,0,0,0,0,0,0,0,0,0,1,not_detected,normal,0,0,none,not_tb,0,not_applicable
3212,45,F,26.8,0,0,0,1,0,0,0,0,0,0,1,0,0,N/A,normal,0,0,none,not_tb,0,not_applicable
3213,25,F,19.5,1,1,2,0,1,1,0,0,1,0,3,1,1,not_detected,cavity,1,1,pulmonary,smear_positive_ptb,0,completed
3214,45,F,24.8,0,0,0,0,0,0,0,0,0,0,0,0,0,N/A,old_tb_scar,1,0,none,not_tb,0,not_applicable
3215,24,M,21.1,1,1,6,0,0,0,0,0,0,0,1,0,0,N/A,normal,0,0,none,not_tb,0,not_applicable
3216,34,F,23.5,0,0,0,1,0,0,0,0,0,0,1,0,0,N/A,old_tb_scar,1,0,none,not_tb,0,not_applicable
3217,31,M,17.4,0,0,0,0,0,0,0,0,0,0,0,0,0,N/A,normal,0,0,none,not_tb,0,not_applicable
3218,34,M,22.9,0,0,0,0,0,0,0,0,0,0,0,0,0,N/A,normal,0,0,none,not_tb,0,not_applicable
3219,53,M,16.6,0,0,0,1,0,1,0,0,0,1,2,0,1,not_detected,cavity,1,1,pulmonary,smear_negative_ptb,0,lost_to_followup
3220,37,M,21.8,0,1,3,1,0,1,0,1,0,0,3,0,0,N/A,normal,0,1,extrapulmonary,extrapulmonary_tb,0,completed
3221,34,M,22.3,0,0,0,0,0,0,0,1,0,0,0,0,0,N/A,normal,0,0,none,not_tb,0,not_applicable
3222,43,F,20.2,0,0,0,1,0,0,0,1,0,1,1,1,1,not_detected,pleural_effusion,1,1,pulmonary,smear_positive_ptb,0,completed
3223,27,F,22.9,1,0,0,0,0,1,1,0,0,0,1,0,0,N/A,normal,0,0,none,not_tb,0,not_applicable
3224,42,F,23.0,0,0,0,1,1,1,0,1,1,0,3,0,1,not_detected,normal,0,1,extrapulmonary,extrapulmonary_tb,0,completed
3225,49,M,14.6,0,1,4,0,1,1,0,0,1,1,3,1,1,not_detected,infiltrate,1,1,pulmonary,smear_positive_ptb,0,failed
3226,62,F,18.2,0,1,4,1,1,0,0,0,1,0,3,0,0,N/A,normal,0,1,extrapulmonary,extrapulmonary_tb,0,cured
3227,26,F,18.6,0,0,0,0,0,0,0,0,0,0,0,0,0,N/A,old_tb_scar,1,0,none,not_tb,0,not_applicable
3228,18,M,14.8,1,0,0,0,0,0,0,0,1,0,0,0,0,N/A,old_tb_scar,1,0,none,not_tb,0,not_applicable
3229,44,F,15.9,0,1,7,0,1,1,0,0,1,0,3,0,0,N/A,infiltrate,1,1,pulmonary,smear_negative_ptb,1,lost_to_followup
3230,30,M,21.4,0,0,0,1,1,1,0,0,1,0,3,1,1,not_detected,infiltrate,1,1,pulmonary,smear_positive_ptb,0,cured
3231,36,M,21.9,0,0,0,1,0,0,0,0,0,0,1,0,0,N/A,normal,0,0,none,not_tb,0,not_applicable
3232,53,M,21.2,0,0,0,0,0,0,0,0,0,0,0,0,0,N/A,other_pathology,1,0,none,not_tb,0,not_applicable
3233,52,M,24.7,0,0,0,0,0,0,0,0,0,0,0,0,0,N/A,normal,0,0,none,not_tb,0,not_applicable
3234,52,M,22.4,0,0,0,0,0,0,0,0,0,0,0,0,0,N/A,old_tb_scar,1,0,none,not_tb,0,not_applicable
3235,48,M,20.0,0,0,0,1,1,0,0,0,0,1,2,1,1,not_detected,miliary,1,1,pulmonary,smear_positive_ptb,0,cured
3236,32,M,23.1,1,0,0,0,0,0,0,0,0,0,0,0,0,N/A,infiltrate,1,0,none,not_tb,0,not_applicable
3237,42,F,23.9,0,1,3,0,0,0,0,0,0,0,1,0,0,N/A,old_tb_scar,1,0,none,not_tb,0,not_applicable
3238,50,M,20.4,0,0,0,1,0,0,0,0,1,0,1,0,0,N/A,normal,0,0,none,not_tb,0,not_applicable
3239,50,M,25.7,1,0,0,0,0,0,0,0,0,0,0,0,0,N/A,old_tb_scar,1,0,none,not_tb,0,not_applicable
3240,23,M,17.8,1,0,0,1,0,0,0,0,0,0,1,0,0,N/A,normal,0,0,none,not_tb,0,not_applicable
3241,57,F,21.7,0,0,0,0,0,0,0,0,0,1,0,0,0,N/A,normal,0,0,none,not_tb,0,not_applicable
3242,47,M,25.8,0,0,0,0,0,0,0,0,0,0,0,0,0,N/A,normal,0,0,none,not_tb,0,not_applicable
3243,45,F,21.5,1,0,0,0,0,0,0,0,0,0,0,0,0,N/A,normal,0,0,none,not_tb,0,not_applicable
3244,54,M,17.4,0,0,0,1,0,0,0,1,0,0,1,0,1,not_detected,infiltrate,1,1,pulmonary,smear_negative_ptb,0,cured
3245,35,M,30.0,0,0,0,0,0,0,0,0,0,0,0,0,0,N/A,normal,0,0,none,not_tb,0,not_applicable
3246,34,M,27.0,0,0,0,0,0,0,0,0,0,0,0,0,0,N/A,normal,0,0,none,not_tb,0,not_applicable
3247,20,M,22.5,1,0,0,0,0,0,0,0,1,0,0,0,0,N/A,normal,0,0,none,not_tb,0,not_applicable
3248,56,F,18.6,0,0,0,0,1,0,0,1,1,0,1,0,0,N/A,normal,0,0,none,not_tb,0,not_applicable
3249,22,F,14.9,1,0,0,0,0,0,0,0,0,0,0,0,0,N/A,other_pathology,1,0,none,not_tb,0,not_applicable
3250,45,M,24.5,0,0,0,0,0,0,0,0,1,0,0,0,0,N/A,old_tb_scar,1,0,none,not_tb,0,not_applicable
3251,30,F,26.4,1,1,4,0,0,0,0,0,1,1,1,0,0,N/A,old_tb_scar,1,0,none,not_tb,0,not_applicable
3252,39,M,19.5,0,0,0,1,0,0,0,0,1,1,1,1,1,not_detected,normal,0,1,pulmonary,smear_positive_ptb,0,cured
3253,28,M,16.0,1,0,0,0,0,0,0,0,0,0,0,0,0,N/A,normal,0,0,none,not_tb,0,not_applicable
3254,47,M,18.9,0,1,6,0,1,1,0,0,0,1,3,1,1,not_detected,infiltrate,1,1,pulmonary,smear_positive_ptb,0,died
3255,70,M,20.3,1,0,0,1,0,0,0,1,1,1,1,0,0,N/A,normal,0,0,none,not_tb,0,not_applicable
3256,26,F,22.6,0,0,0,0,0,0,0,0,0,0,0,0,0,N/A,other_pathology,1,0,none,not_tb,0,not_applicable
3257,27,M,28.8,0,1,3,0,0,0,0,0,0,0,1,0,0,N/A,normal,0,0,none,not_tb,0,not_applicable
3258,27,M,24.8,1,0,0,0,0,0,0,0,0,0,0,0,0,N/A,normal,0,0,none,not_tb,0,not_applicable
3259,76,M,24.0,0,0,0,0,0,0,0,0,0,0,0,0,0,N/A,normal,0,0,none,not_tb,0,not_applicable
3260,65,M,21.8,0,0,0,0,0,0,0,1,0,0,0,0,0,N/A,normal,0,0,none,not_tb,0,not_applicable
3261,39,M,23.5,1,1,3,1,0,0,0,0,0,0,2,0,0,N/A,normal,0,0,none,not_tb,0,not_applicable
3262,37,F,16.7,1,1,4,0,1,1,0,1,1,0,3,0,1,not_detected,infiltrate,1,1,pulmonary,smear_negative_ptb,0,lost_to_followup
3263,33,M,23.9,0,0,0,0,0,0,0,0,1,0,0,0,0,N/A,old_tb_scar,1,0,none,not_tb,0,not_applicable
3264,46,M,18.0,1,1,3,1,1,1,1,0,1,1,4,1,1,not_detected,pleural_effusion,1,1,pulmonary,smear_positive_ptb,0,cured
3265,39,M,16.4,0,1,4,0,1,1,0,0,1,1,3,0,1,not_detected,normal,0,1,pulmonary,smear_negative_ptb,0,cured
3266,51,M,24.9,0,1,2,0,0,0,0,0,0,0,1,0,0,N/A,normal,0,0,none,not_tb,0,not_applicable
3267,73,M,14.2,0,0,0,0,0,0,0,1,0,0,0,0,0,N/A,normal,0,0,none,not_tb,0,not_applicable
3268,35,F,20.1,0,0,0,0,0,0,0,0,1,0,0,0,0,N/A,normal,0,0,none,not_tb,0,not_applicable
3269,43,F,24.1,0,0,0,0,0,0,0,0,0,0,0,0,0,N/A,old_tb_scar,1,0,none,not_tb,0,not_applicable
3270,25,M,21.6,0,0,0,1,0,1,0,0,0,1,2,0,0,N/A,pleural_effusion,1,1,extrapulmonary,extrapulmonary_tb,1,died
3271,47,F,23.7,0,0,0,0,0,0,0,0,0,0,0,0,0,N/A,normal,0,0,none,not_tb,0,not_applicable
3272,39,F,19.6,0,0,0,0,0,1,0,0,0,0,1,0,0,N/A,normal,0,0,none,not_tb,0,not_applicable
3273,46,F,21.8,0,0,0,1,0,0,0,0,1,0,1,0,0,N/A,normal,0,0,none,not_tb,0,not_applicable
3274,62,F,23.0,0,0,0,0,0,0,0,0,0,0,0,0,0,N/A,infiltrate,1,0,none,not_tb,0,not_applicable
3275,33,F,22.4,0,1,5,1,1,1,0,1,1,1,4,0,0,N/A,pleural_effusion,1,1,extrapulmonary,extrapulmonary_tb,0,cured
3276,52,F,25.2,0,0,0,0,0,0,0,0,0,1,0,0,0,N/A,normal,0,0,none,not_tb,0,not_applicable
3277,53,M,25.2,0,0,0,0,0,1,0,0,1,0,1,0,0,N/A,normal,0,0,none,not_tb,0,not_applicable
3278,48,M,22.2,0,0,0,0,0,0,0,0,0,0,0,0,0,N/A,normal,0,0,none,not_tb,0,not_applicable
3279,60,M,15.8,0,1,4,1,0,1,0,0,1,1,3,1,1,not_detected,infiltrate,1,1,pulmonary,smear_positive_ptb,0,cured
3280,21,M,17.1,0,0,0,0,0,1,0,0,1,1,1,0,0,N/A,normal,0,0,none,not_tb,0,not_applicable
3281,18,F,17.7,1,1,7,1,1,1,0,1,1,1,4,1,1,not_detected,normal,0,1,pulmonary,smear_positive_ptb,0,completed
3282,22,M,24.4,0,0,0,0,0,0,0,0,0,0,0,0,0,N/A,normal,0,0,none,not_tb,0,not_applicable
3283,21,M,20.2,1,0,0,0,0,0,0,0,0,0,0,0,0,N/A,old_tb_scar,1,0,none,not_tb,0,not_applicable
3284,45,M,19.9,0,1,8,1,0,1,0,1,1,0,3,1,1,not_detected,pleural_effusion,1,1,pulmonary,smear_positive_ptb,0,cured
3285,29,M,16.5,0,1,5,1,1,1,0,1,0,0,4,1,1,not_detected,normal,0,1,pulmonary,smear_positive_ptb,0,cured
3286,35,F,16.9,0,1,7,0,0,1,0,1,1,1,2,1,1,not_detected,miliary,1,1,pulmonary,smear_positive_ptb,0,cured
3287,18,F,22.0,0,1,5,1,0,0,0,0,1,1,2,1,1,not_detected,infiltrate,1,1,pulmonary,smear_positive_ptb,0,cured
3288,25,M,20.4,0,1,4,1,1,1,0,0,1,0,4,1,1,not_detected,normal,0,1,pulmonary,smear_positive_ptb,0,lost_to_followup
3289,33,M,17.7,0,1,4,0,0,1,0,0,0,0,2,0,0,N/A,normal,0,1,extrapulmonary,extrapulmonary_tb,0,completed
3290,65,M,19.1,0,0,0,0,0,0,0,0,0,0,0,0,0,N/A,normal,0,0,none,not_tb,0,not_applicable
3291,33,M,25.3,0,0,0,0,0,0,0,0,0,0,0,0,0,N/A,old_tb_scar,1,0,none,not_tb,0,not_applicable
3292,36,F,25.1,0,0,0,0,0,0,0,1,0,0,0,0,0,N/A,normal,0,0,none,not_tb,0,not_applicable
3293,53,M,20.1,1,0,0,0,1,1,1,0,1,1,2,0,1,not_detected,infiltrate,1,1,pulmonary,smear_negative_ptb,0,cured
3294,31,M,18.1,1,0,0,1,0,1,0,1,1,1,2,0,1,detected,infiltrate,1,1,pulmonary,smear_negative_ptb,1,lost_to_followup
3295,35,M,18.2,1,0,0,0,0,0,0,0,0,0,0,0,0,N/A,normal,0,0,none,not_tb,0,not_applicable
3296,57,F,21.9,0,0,0,1,0,0,0,0,0,0,1,0,0,N/A,old_tb_scar,1,0,none,not_tb,0,not_applicable
3297,46,F,26.9,0,0,0,1,0,0,0,0,0,0,1,0,0,N/A,normal,0,0,none,not_tb,0,not_applicable
3298,39,M,18.8,0,0,0,0,0,0,0,0,0,0,0,0,0,N/A,normal,0,0,none,not_tb,0,not_applicable
3299,36,M,22.2,0,1,5,0,0,0,0,0,0,0,1,0,0,N/A,normal,0,0,none,not_tb,0,not_applicable
3300,39,M,27.7,0,0,0,0,0,0,0,0,0,0,0,0,0,N/A,other_pathology,1,0,none,not_tb,0,not_applicable
3301,35,F,20.9,0,1,3,0,0,1,0,0,0,0,2,0,0,N/A,infiltrate,1,0,none,not_tb,0,not_applicable
3302,33,M,18.2,0,1,8,1,0,0,0,1,0,0,2,0,1,not_detected,normal,0,1,extrapulmonary,extrapulmonary_tb,0,cured
3303,34,M,15.1,0,1,6,0,0,0,0,0,1,1,1,1,1,not_detected,infiltrate,1,1,pulmonary,smear_positive_ptb,0,cured
3304,47,F,20.1,0,1,8,1,0,0,0,0,1,0,2,0,1,not_detected,normal,0,1,extrapulmonary,extrapulmonary_tb,0,cured
3305,36,F,19.4,1,0,0,0,0,0,0,0,1,0,0,0,0,N/A,other_pathology,1,0,none,not_tb,0,not_applicable
3306,28,M,16.6,0,0,0,0,0,0,0,0,0,0,0,0,0,N/A,normal,0,0,none,not_tb,0,not_applicable
3307,45,M,16.1,1,1,7,1,0,1,0,1,0,0,3,0,1,not_detected,infiltrate,1,1,pulmonary,smear_negative_ptb,0,cured
3308,28,M,22.7,1,0,0,0,0,1,0,0,0,0,1,0,0,N/A,normal,0,0,none,not_tb,0,not_applicable
3309,24,F,14.5,1,1,4,1,1,1,0,0,1,1,4,0,1,detected,normal,0,1,extrapulmonary,extrapulmonary_tb,1,failed
3310,41,M,15.0,0,0,0,1,0,1,1,0,0,0,2,0,0,N/A,pleural_effusion,1,1,extrapulmonary,extrapulmonary_tb,0,cured
3311,46,F,24.0,0,0,0,0,1,0,0,0,1,0,1,0,0,N/A,normal,0,0,none,not_tb,0,not_applicable
3312,46,F,18.3,1,1,6,0,1,0,0,0,1,1,2,0,1,detected,cavity,1,1,pulmonary,smear_negative_ptb,0,cured
3313,39,M,18.8,0,0,0,0,0,0,0,0,0,0,0,0,0,N/A,normal,0,0,none,not_tb,0,not_applicable
3314,16,F,20.9,1,0,0,0,0,0,0,1,1,0,0,0,0,N/A,old_tb_scar,1,0,none,not_tb,0,not_applicable
3315,38,M,22.8,1,0,0,1,1,1,0,1,1,1,3,1,1,not_detected,infiltrate,1,1,pulmonary,smear_positive_ptb,0,cured
3316,44,M,26.5,0,0,0,0,1,0,0,0,0,0,1,0,0,N/A,infiltrate,1,0,none,not_tb,0,not_applicable
3317,45,F,21.6,0,0,0,1,0,0,0,0,0,0,1,0,0,N/A,old_tb_scar,1,0,none,not_tb,0,not_applicable
3318,27,M,20.5,0,0,0,1,1,0,0,0,0,1,2,1,1,not_detected,pleural_effusion,1,1,pulmonary,smear_positive_ptb,0,cured
3319,49,M,18.8,1,1,8,0,1,0,0,1,1,0,2,1,1,not_detected,infiltrate,1,1,pulmonary,smear_positive_ptb,0,died
3320,33,M,14.1,1,0,0,0,1,1,0,0,1,1,2,1,1,not_detected,normal,0,1,pulmonary,smear_positive_ptb,0,cured
3321,35,M,13.6,1,1,7,1,1,0,0,0,1,1,3,0,1,not_detected,infiltrate,1,1,pulmonary,smear_negative_ptb,0,lost_to_followup
3322,27,M,16.2,0,1,2,0,1,1,0,0,1,1,3,0,1,not_detected,miliary,1,1,pulmonary,smear_negative_ptb,0,cured
3323,34,F,16.5,0,1,5,0,0,0,0,0,0,1,1,0,0,N/A,other_pathology,1,0,none,not_tb,0,not_applicable
3324,30,F,23.0,0,1,3,0,0,0,0,0,0,0,1,0,0,N/A,normal,0,0,none,not_tb,0,not_applicable
3325,18,F,20.1,0,1,2,0,0,0,0,0,1,1,1,0,0,N/A,normal,0,0,none,not_tb,0,not_applicable
3326,50,F,23.5,0,0,0,0,0,0,0,0,0,0,0,0,0,N/A,normal,0,0,none,not_tb,0,not_applicable
3327,28,M,19.6,1,0,0,0,1,0,0,0,1,1,1,0,1,detected,infiltrate,1,1,extrapulmonary,extrapulmonary_tb,0,cured
3328,32,F,20.2,1,1,9,0,1,0,0,1,1,1,2,0,1,not_detected,pleural_effusion,1,1,pulmonary,smear_negative_ptb,0,cured
3329,33,M,18.7,0,0,0,1,0,0,0,0,1,0,1,0,0,N/A,normal,0,0,none,not_tb,0,not_applicable
3330,37,M,19.8,1,0,0,1,1,1,0,1,1,1,3,0,0,N/A,normal,0,1,extrapulmonary,extrapulmonary_tb,0,died
3331,38,F,18.7,0,0,0,1,0,0,0,0,0,0,1,0,0,N/A,other_pathology,1,0,none,not_tb,0,not_applicable
3332,29,M,24.5,0,0,0,0,1,0,0,0,0,0,1,0,0,N/A,other_pathology,1,0,none,not_tb,0,not_applicable
3333,45,M,26.3,0,1,4,0,0,0,0,0,0,0,1,0,0,N/A,normal,0,0,none,not_tb,0,not_applicable
3334,26,M,24.5,0,0,0,0,0,0,0,0,0,0,0,0,0,N/A,old_tb_scar,1,0,none,not_tb,0,not_applicable
3335,30,M,21.4,0,0,0,1,0,0,0,1,0,1,1,1,0,N/A,normal,0,0,none,not_tb,0,not_applicable
3336,25,M,24.0,1,0,0,0,0,0,0,0,0,0,0,0,0,N/A,normal,0,0,none,not_tb,0,not_applicable
3337,36,M,14.7,0,1,8,1,1,0,0,0,1,0,3,1,1,not_detected,infiltrate,1,1,pulmonary,smear_positive_ptb,0,completed
3338,19,F,15.8,0,0,0,0,0,0,0,0,1,1,0,0,0,N/A,normal,0,0,none,not_tb,0,not_applicable
3339,15,M,23.6,1,0,0,0,0,0,0,0,1,0,0,0,0,N/A,normal,0,0,none,not_tb,0,not_applicable
3340,24,M,26.6,1,0,0,0,0,0,0,0,0,0,0,0,0,N/A,old_tb_scar,1,0,none,not_tb,0,not_applicable
3341,67,M,15.4,1,0,0,0,0,1,0,0,0,0,1,1,1,detected,cavity,1,1,pulmonary,smear_positive_ptb,1,cured
3342,15,F,22.1,1,0,0,0,0,0,0,0,1,0,0,0,0,N/A,normal,0,0,none,not_tb,0,not_applicable
3343,54,M,23.5,1,0,0,0,0,0,0,0,0,0,0,0,0,N/A,normal,0,0,none,not_tb,0,not_applicable
3344,57,M,17.0,1,0,0,1,1,1,1,1,1,0,3,0,1,not_detected,infiltrate,1,1,extrapulmonary,extrapulmonary_tb,0,cured
3345,22,M,20.8,0,0,0,0,0,0,0,1,0,0,0,0,0,N/A,old_tb_scar,1,0,none,not_tb,0,not_applicable
3346,21,F,20.0,0,1,7,0,0,1,0,0,1,0,2,1,1,not_detected,normal,0,1,pulmonary,smear_positive_ptb,0,cured
3347,31,F,22.4,0,0,0,0,0,0,0,0,0,0,0,0,0,N/A,normal,0,0,none,not_tb,0,not_applicable
3348,57,F,18.8,0,1,2,1,0,1,0,1,0,0,3,1,1,not_detected,infiltrate,1,1,pulmonary,smear_positive_ptb,0,cured
3349,23,F,18.6,0,1,4,1,0,0,0,1,1,0,2,0,0,N/A,normal,0,0,none,not_tb,0,not_applicable
3350,45,M,21.9,0,1,6,0,0,0,0,1,0,0,1,0,0,N/A,other_pathology,1,0,none,not_tb,0,not_applicable
3351,33,M,17.5,0,1,3,0,0,1,0,0,1,0,2,1,1,not_detected,miliary,1,1,pulmonary,smear_positive_ptb,0,died
3352,37,M,17.6,0,0,0,1,0,1,0,0,0,1,2,1,1,not_detected,miliary,1,1,pulmonary,smear_positive_ptb,0,cured
3353,55,M,17.1,0,1,2,1,1,1,0,0,1,0,4,0,1,not_detected,cavity,1,1,pulmonary,smear_negative_ptb,0,cured
3354,25,M,21.9,0,0,0,0,0,0,0,0,1,0,0,0,0,N/A,other_pathology,1,0,none,not_tb,0,not_applicable
3355,67,M,16.3,0,1,8,0,1,0,0,1,1,1,2,0,0,N/A,normal,0,1,extrapulmonary,extrapulmonary_tb,0,cured
3356,35,M,22.0,1,0,0,0,0,0,0,0,0,0,0,0,0,N/A,normal,0,0,none,not_tb,0,not_applicable
3357,47,M,17.6,1,1,2,1,1,0,0,1,1,1,3,0,1,not_detected,normal,0,1,extrapulmonary,extrapulmonary_tb,0,completed
3358,39,M,18.7,0,0,0,0,0,0,0,0,0,0,0,0,0,N/A,normal,0,0,none,not_tb,0,not_applicable
3359,64,F,13.6,1,1,4,0,1,0,0,1,0,0,2,0,1,detected,normal,0,1,pulmonary,smear_negative_ptb,1,died
3360,67,F,20.9,1,1,5,0,0,0,0,0,1,1,1,0,1,not_detected,infiltrate,1,1,pulmonary,smear_negative_ptb,0,completed
3361,46,M,24.6,1,0,0,0,0,0,0,0,0,0,0,0,0,N/A,normal,0,0,none,not_tb,0,not_applicable
3362,30,M,19.2,0,0,0,0,0,0,0,0,0,0,0,0,0,N/A,old_tb_scar,1,0,none,not_tb,0,not_applicable
3363,57,F,24.4,0,0,0,0,0,0,0,0,0,1,0,0,0,N/A,normal,0,0,none,not_tb,0,not_applicable
3364,44,F,18.4,0,0,0,0,0,0,0,0,0,0,0,0,0,N/A,infiltrate,1,0,none,not_tb,0,not_applicable
3365,37,M,20.9,1,0,0,0,0,0,0,0,0,0,0,0,0,N/A,normal,0,0,none,not_tb,0,not_applicable
3366,18,M,20.1,0,0,0,0,0,0,0,0,0,0,0,0,0,N/A,normal,0,0,none,not_tb,0,not_applicable
3367,53,F,21.0,0,1,2,0,0,0,0,0,0,0,1,0,0,N/A,other_pathology,1,0,none,not_tb,0,not_applicable
3368,33,F,24.3,0,0,0,0,0,1,0,0,0,0,1,0,0,N/A,normal,0,0,none,not_tb,0,not_applicable
3369,38,M,17.5,0,1,5,0,1,0,1,1,1,1,2,0,1,not_detected,cavity,1,1,pulmonary,smear_negative_ptb,0,cured
3370,26,M,17.7,1,1,4,1,0,1,0,1,1,0,3,0,1,not_detected,infiltrate,1,1,pulmonary,smear_negative_ptb,0,lost_to_followup
3371,19,F,24.6,0,0,0,1,0,0,0,0,0,0,1,0,0,N/A,other_pathology,1,0,none,not_tb,0,not_applicable
3372,32,M,18.7,1,1,3,1,0,1,0,0,0,0,3,1,1,not_detected,infiltrate,1,1,pulmonary,smear_positive_ptb,0,cured
3373,37,F,19.9,0,0,0,0,0,0,0,1,0,0,0,0,0,N/A,infiltrate,1,0,none,not_tb,0,not_applicable
3374,52,M,22.8,0,0,0,0,0,0,0,0,0,0,0,0,0,N/A,normal,0,0,none,not_tb,0,not_applicable
3375,30,M,25.5,0,0,0,1,0,0,0,0,0,0,1,0,0,N/A,normal,0,0,none,not_tb,0,not_applicable
3376,32,M,25.7,1,1,3,0,0,0,0,0,0,0,1,0,0,N/A,normal,0,0,none,not_tb,0,not_applicable
3377,60,M,17.4,0,1,2,0,0,0,0,0,0,1,1,0,0,N/A,normal,0,0,none,not_tb,0,not_applicable
3378,36,F,17.5,0,0,0,0,0,0,0,0,0,0,0,0,0,N/A,old_tb_scar,1,0,none,not_tb,0,not_applicable
3379,55,M,25.5,0,0,0,0,0,0,0,0,0,0,0,0,0,N/A,old_tb_scar,1,0,none,not_tb,0,not_applicable
3380,27,F,21.0,1,0,0,0,0,0,0,0,0,0,0,1,0,N/A,other_pathology,1,0,none,not_tb,0,not_applicable
3381,49,M,14.3,0,0,0,0,0,0,0,0,1,0,0,0,0,N/A,normal,0,0,none,not_tb,0,not_applicable
3382,53,F,19.4,0,0,0,1,0,0,0,0,0,0,1,0,0,N/A,normal,0,0,none,not_tb,0,not_applicable
3383,47,F,17.4,1,1,5,0,1,0,0,0,1,1,2,1,1,not_detected,pleural_effusion,1,1,pulmonary,smear_positive_ptb,0,completed
3384,30,M,20.9,0,0,0,0,0,0,0,0,0,0,0,0,0,N/A,normal,0,0,none,not_tb,0,not_applicable
3385,26,M,20.4,0,1,3,1,0,1,0,0,1,0,3,0,0,N/A,infiltrate,1,1,pulmonary,smear_negative_ptb,0,cured
3386,58,F,18.7,0,0,0,0,0,0,0,0,0,0,0,0,0,N/A,other_pathology,1,0,none,not_tb,0,not_applicable
3387,42,M,25.3,0,0,0,1,0,0,0,0,0,0,1,0,0,N/A,normal,0,0,none,not_tb,0,not_applicable
3388,53,F,23.0,0,0,0,0,0,0,0,0,0,0,0,0,0,N/A,normal,0,0,none,not_tb,0,not_applicable
3389,16,M,17.5,0,1,3,0,0,0,0,0,0,0,1,0,0,N/A,old_tb_scar,1,0,none,not_tb,0,not_applicable
3390,35,M,20.9,0,0,0,1,0,0,0,0,0,0,1,0,0,N/A,normal,0,0,none,not_tb,0,not_applicable
3391,31,M,19.7,0,1,10,0,1,1,0,0,1,1,3,0,0,N/A,infiltrate,1,1,pulmonary,smear_negative_ptb,0,completed
3392,67,F,22.1,0,0,0,0,0,0,0,0,0,0,0,0,0,N/A,normal,0,0,none,not_tb,0,not_applicable
3393,41,F,19.4,1,0,0,1,1,0,0,1,1,1,2,1,1,not_detected,pleural_effusion,1,1,pulmonary,smear_positive_ptb,0,died
3394,53,M,17.0,1,1,7,1,1,1,1,1,1,0,4,0,0,N/A,infiltrate,1,1,pulmonary,smear_negative_ptb,0,cured
3395,20,F,23.9,0,0,0,1,0,0,0,0,0,0,1,0,0,N/A,normal,0,0,none,not_tb,0,not_applicable
3396,28,F,17.5,1,0,0,0,1,1,0,1,0,0,2,0,1,not_detected,infiltrate,1,1,pulmonary,smear_negative_ptb,0,completed
3397,26,M,30.9,0,0,0,0,0,0,0,1,0,0,0,1,0,N/A,old_tb_scar,1,0,none,not_tb,0,not_applicable
3398,33,M,17.4,0,0,0,0,0,0,0,1,0,0,0,0,0,N/A,normal,0,0,none,not_tb,0,not_applicable
3399,45,F,25.2,1,1,5,0,1,0,0,1,1,1,2,0,1,not_detected,infiltrate,1,1,extrapulmonary,extrapulmonary_tb,0,cured
3400,28,F,16.1,1,1,8,0,1,1,0,1,1,1,3,0,1,not_detected,normal,0,1,extrapulmonary,extrapulmonary_tb,0,cured
3401,37,M,26.4,0,0,0,0,1,0,0,0,0,0,1,0,0,N/A,old_tb_scar,1,0,none,not_tb,0,not_applicable
3402,17,F,20.6,0,0,0,1,0,0,1,0,1,1,1,0,1,not_detected,normal,0,1,extrapulmonary,extrapulmonary_tb,0,cured
3403,29,M,18.8,0,0,0,1,0,0,0,0,0,0,1,0,0,N/A,normal,0,0,none,not_tb,0,not_applicable
3404,21,F,20.0,1,0,0,1,1,0,0,0,1,1,2,0,1,not_detected,infiltrate,1,1,pulmonary,smear_negative_ptb,0,completed
3405,28,F,20.3,0,0,0,0,0,0,0,0,0,0,0,0,0,N/A,other_pathology,1,0,none,not_tb,0,not_applicable
3406,53,F,23.0,1,0,0,0,0,0,0,0,0,0,0,0,0,N/A,normal,0,0,none,not_tb,0,not_applicable
3407,59,M,22.5,0,0,0,0,0,0,0,0,0,1,0,0,0,N/A,old_tb_scar,1,0,none,not_tb,0,not_applicable
3408,31,M,20.8,1,0,0,0,0,1,0,0,0,0,1,0,0,N/A,old_tb_scar,1,0,none,not_tb,0,not_applicable
3409,64,M,20.5,1,0,0,0,0,0,0,0,0,0,0,0,0,N/A,normal,0,0,none,not_tb,0,not_applicable
3410,24,M,23.2,0,0,0,0,0,0,0,0,1,0,0,0,0,N/A,normal,0,0,none,not_tb,0,not_applicable
3411,27,F,16.2,1,0,0,1,1,1,1,1,1,1,3,0,0,N/A,normal,0,1,extrapulmonary,extrapulmonary_tb,0,completed
3412,40,M,19.0,0,0,0,1,0,0,0,0,1,0,1,0,0,N/A,normal,0,0,none,not_tb,0,not_applicable
3413,64,M,25.3,0,0,0,0,0,0,0,0,1,0,0,0,0,N/A,normal,0,0,none,not_tb,0,not_applicable
3414,46,M,23.5,0,0,0,0,0,0,0,0,0,0,0,0,0,N/A,normal,0,0,none,not_tb,0,not_applicable
3415,45,M,15.2,1,1,7,1,1,0,1,1,0,0,3,0,0,N/A,normal,0,1,extrapulmonary,extrapulmonary_tb,0,died
3416,37,M,16.0,0,1,8,1,0,1,0,0,1,1,3,0,1,not_detected,infiltrate,1,1,pulmonary,smear_negative_ptb,0,died
3417,39,F,14.5,0,0,0,0,0,0,0,0,0,0,0,0,0,N/A,infiltrate,1,0,none,not_tb,0,not_applicable
3418,42,F,20.8,1,1,6,1,0,1,0,0,1,1,3,0,0,N/A,normal,0,1,extrapulmonary,extrapulmonary_tb,0,completed
3419,53,M,24.4,0,0,0,1,0,1,0,1,0,0,2,0,0,N/A,other_pathology,1,0,none,not_tb,0,not_applicable
3420,32,F,15.8,1,0,0,1,0,0,0,1,0,1,1,1,1,not_detected,miliary,1,1,pulmonary,smear_positive_ptb,0,completed
3421,66,F,20.1,0,0,0,1,1,0,0,1,1,1,2,0,0,N/A,pleural_effusion,1,1,extrapulmonary,extrapulmonary_tb,0,cured
3422,25,M,28.9,0,0,0,0,1,0,0,0,0,0,1,0,0,N/A,other_pathology,1,0,none,not_tb,0,not_applicable
3423,42,F,16.6,0,0,0,0,0,0,0,0,0,0,0,0,0,N/A,normal,0,0,none,not_tb,0,not_applicable
3424,43,M,19.8,0,0,0,0,1,0,0,0,1,0,1,0,0,N/A,infiltrate,1,0,none,not_tb,0,not_applicable
3425,51,M,14.6,0,1,6,0,0,1,1,0,1,0,2,1,1,not_detected,normal,0,1,pulmonary,smear_positive_ptb,0,cured
3426,52,M,20.9,0,1,4,0,1,1,0,1,1,0,3,0,1,not_detected,miliary,1,1,pulmonary,smear_negative_ptb,0,cured
3427,47,M,18.3,0,0,0,1,0,1,0,0,1,0,2,0,0,N/A,normal,0,1,extrapulmonary,extrapulmonary_tb,0,cured
3428,33,F,17.5,1,0,0,1,0,1,0,1,1,1,2,1,1,not_detected,infiltrate,1,1,pulmonary,smear_positive_ptb,0,completed
3429,37,F,19.1,0,0,0,0,1,1,0,1,1,1,2,1,1,not_detected,miliary,1,1,pulmonary,smear_positive_ptb,0,lost_to_followup
3430,38,F,20.1,0,1,3,0,0,0,0,0,0,0,1,0,0,N/A,normal,0,0,none,not_tb,0,not_applicable
3431,38,M,17.5,0,1,7,0,1,1,0,0,1,1,3,0,1,not_detected,cavity,1,1,pulmonary,smear_negative_ptb,0,died
3432,27,M,23.0,0,0,0,0,0,0,0,0,0,0,0,0,0,N/A,normal,0,0,none,not_tb,0,not_applicable
3433,28,F,19.9,0,0,0,0,0,0,0,0,0,0,0,0,0,N/A,old_tb_scar,1,0,none,not_tb,0,not_applicable
3434,23,M,20.4,0,0,0,0,0,0,0,0,0,0,0,0,0,N/A,normal,0,0,none,not_tb,0,not_applicable
3435,36,M,18.1,0,1,5,1,0,0,0,1,0,1,2,0,1,not_detected,normal,0,1,extrapulmonary,extrapulmonary_tb,0,completed
3436,38,M,18.7,0,0,0,1,1,0,0,0,1,1,2,1,1,not_detected,miliary,1,1,pulmonary,smear_positive_ptb,0,died
3437,51,M,24.1,0,0,0,0,0,0,0,0,0,1,0,0,0,N/A,normal,0,0,none,not_tb,0,not_applicable
3438,22,M,24.0,0,0,0,0,0,0,0,1,0,0,0,0,0,N/A,other_pathology,1,0,none,not_tb,0,not_applicable
3439,32,M,14.8,1,0,0,1,1,1,0,0,1,0,3,1,1,not_detected,infiltrate,1,1,pulmonary,smear_positive_ptb,0,cured
3440,46,F,26.9,0,0,0,0,0,0,0,0,0,0,0,0,0,N/A,normal,0,0,none,not_tb,0,not_applicable
3441,37,M,18.6,1,1,7,0,0,1,0,0,1,1,2,0,1,not_detected,infiltrate,1,1,pulmonary,smear_negative_ptb,0,lost_to_followup
3442,43,M,20.8,0,0,0,0,0,0,0,0,1,0,0,0,0,N/A,normal,0,0,none,not_tb,0,not_applicable
3443,29,M,18.8,0,0,0,0,0,0,0,0,0,0,0,0,0,N/A,normal,0,0,none,not_tb,0,not_applicable
3444,54,M,23.5,0,1,5,0,0,1,0,1,1,1,2,1,1,not_detected,normal,0,1,pulmonary,smear_positive_ptb,0,failed
3445,53,F,30.3,0,0,0,0,0,0,0,0,0,0,0,0,1,not_detected,old_tb_scar,1,0,none,not_tb,0,not_applicable
3446,22,M,28.5,0,0,0,0,1,0,0,0,0,0,1,0,0,N/A,other_pathology,1,0,none,not_tb,0,not_applicable
3447,41,F,18.8,1,1,5,1,0,1,0,0,1,1,3,0,1,not_detected,infiltrate,1,1,pulmonary,smear_negative_ptb,0,cured
3448,28,F,23.2,0,0,0,0,0,0,0,1,0,1,0,0,0,N/A,normal,0,0,none,not_tb,0,not_applicable
3449,65,M,27.2,1,0,0,0,0,0,0,0,0,0,0,0,0,N/A,normal,0,0,none,not_tb,0,not_applicable
3450,31,F,21.2,0,0,0,0,0,0,0,0,0,0,0,0,0,N/A,old_tb_scar,1,0,none,not_tb,0,not_applicable
3451,35,F,19.9,0,0,0,1,0,1,0,1,1,1,2,1,1,not_detected,normal,0,1,pulmonary,smear_positive_ptb,0,cured
3452,50,M,19.1,0,0,0,1,0,1,0,1,0,1,2,0,0,N/A,pleural_effusion,1,1,extrapulmonary,extrapulmonary_tb,0,cured
3453,19,M,28.7,0,1,3,1,0,0,0,0,1,0,2,0,0,N/A,normal,0,0,none,not_tb,0,not_applicable
3454,49,M,22.1,0,1,2,1,0,1,0,1,0,0,3,0,0,N/A,normal,0,1,pulmonary,smear_negative_ptb,0,cured
3455,44,F,21.5,0,0,0,0,0,0,0,0,1,0,0,0,0,N/A,normal,0,0,none,not_tb,0,not_applicable
3456,41,F,22.3,1,1,5,1,1,1,0,0,1,0,4,0,1,not_detected,cavity,1,1,pulmonary,smear_negative_ptb,0,completed
3457,38,F,22.0,0,0,0,0,0,0,0,1,1,0,0,0,0,N/A,normal,0,0,none,not_tb,0,not_applicable
3458,33,F,17.1,0,1,6,0,1,1,0,1,1,0,3,1,1,not_detected,miliary,1,1,pulmonary,smear_positive_ptb,0,cured
3459,38,M,21.0,0,1,4,0,0,0,0,0,1,1,1,0,0,N/A,old_tb_scar,1,0,none,not_tb,0,not_applicable
3460,34,F,18.9,1,1,8,1,1,1,0,0,1,1,4,0,1,not_detected,pleural_effusion,1,1,pulmonary,smear_negative_ptb,0,lost_to_followup
3461,67,M,19.3,0,0,0,0,0,0,0,0,0,0,0,0,0,N/A,normal,0,0,none,not_tb,0,not_applicable
3462,28,F,20.2,0,0,0,1,0,0,0,0,0,0,1,0,0,N/A,old_tb_scar,1,0,none,not_tb,0,not_applicable
3463,33,M,16.9,1,0,0,0,0,0,0,0,0,0,0,0,0,N/A,normal,0,0,none,not_tb,0,not_applicable
3464,50,M,19.1,0,0,0,0,0,0,0,0,0,0,0,0,1,not_detected,normal,0,0,none,not_tb,0,not_applicable
3465,16,F,22.8,1,0,0,0,0,0,0,0,0,0,0,0,0,N/A,normal,0,0,none,not_tb,0,not_applicable
3466,49,F,25.6,0,0,0,1,0,0,0,0,0,0,1,0,0,N/A,normal,0,0,none,not_tb,0,not_applicable
3467,33,F,25.2,0,0,0,0,0,1,0,0,0,0,1,0,0,N/A,normal,0,0,none,not_tb,0,not_applicable
3468,60,M,23.5,1,0,0,1,0,0,0,0,0,0,1,0,0,N/A,normal,0,0,none,not_tb,0,not_applicable
3469,55,M,16.6,0,0,0,0,0,0,0,0,0,1,0,0,0,N/A,normal,0,0,none,not_tb,0,not_applicable
3470,21,F,19.0,0,0,0,0,0,0,0,0,0,0,0,0,0,N/A,normal,0,0,none,not_tb,0,not_applicable
3471,28,M,18.0,0,0,0,0,1,1,1,0,1,1,2,1,1,not_detected,infiltrate,1,1,pulmonary,smear_positive_ptb,0,cured
3472,36,M,25.4,1,0,0,1,0,0,0,0,0,0,1,0,0,N/A,other_pathology,1,0,none,not_tb,0,not_applicable
3473,27,M,20.1,1,0,0,0,0,0,0,0,1,0,0,0,0,N/A,normal,0,0,none,not_tb,0,not_applicable
3474,16,M,15.5,0,1,4,1,1,0,0,0,0,0,3,0,0,N/A,infiltrate,1,1,pulmonary,smear_negative_ptb,1,cured
3475,22,M,22.1,0,1,6,1,0,1,0,1,1,0,3,0,0,N/A,pleural_effusion,1,1,pulmonary,smear_negative_ptb,0,cured
3476,27,M,16.7,0,1,2,0,1,1,0,0,0,0,3,1,1,not_detected,infiltrate,1,1,pulmonary,smear_positive_ptb,0,completed
3477,17,F,15.7,0,1,5,0,1,0,0,1,1,1,2,0,1,not_detected,infiltrate,1,1,pulmonary,smear_negative_ptb,0,cured
3478,26,F,22.8,0,0,0,0,0,0,1,0,1,0,0,0,0,N/A,normal,0,0,none,not_tb,0,not_applicable
3479,62,F,21.8,0,0,0,1,0,0,0,0,0,0,1,0,0,N/A,normal,0,0,none,not_tb,0,not_applicable
3480,58,M,17.2,0,1,3,1,1,0,0,0,1,0,3,0,1,not_detected,normal,0,1,extrapulmonary,extrapulmonary_tb,0,cured
3481,40,M,22.0,1,0,0,0,0,0,0,0,0,0,0,0,0,N/A,other_pathology,1,0,none,not_tb,0,not_applicable
3482,28,F,18.8,1,0,0,0,0,0,0,0,0,0,0,0,0,N/A,normal,0,0,none,not_tb,0,not_applicable
3483,32,F,17.2,1,1,6,1,0,1,0,1,1,0,3,1,1,not_detected,infiltrate,1,1,pulmonary,smear_positive_ptb,0,lost_to_followup
3484,30,M,21.9,0,1,4,0,0,0,0,0,0,0,1,0,0,N/A,old_tb_scar,1,0,none,not_tb,0,not_applicable
3485,31,F,14.9,0,0,0,0,0,0,0,0,0,0,0,0,0,N/A,normal,0,0,none,not_tb,0,not_applicable
3486,42,F,20.9,0,1,7,0,0,0,0,0,1,1,1,1,1,detected,normal,0,1,pulmonary,smear_positive_ptb,1,cured
3487,63,F,17.2,1,0,0,0,0,0,0,0,0,0,0,0,0,N/A,normal,0,0,none,not_tb,0,not_applicable
3488,48,F,18.7,0,0,0,0,0,0,0,1,0,0,0,0,0,N/A,old_tb_scar,1,0,none,not_tb,0,not_applicable
3489,40,M,21.0,0,1,6,1,0,1,1,0,0,0,3,0,1,not_detected,infiltrate,1,1,pulmonary,smear_negative_ptb,1,completed
3490,15,M,24.0,1,0,0,1,0,0,0,0,0,0,1,0,0,N/A,other_pathology,1,0,none,not_tb,0,not_applicable
3491,36,F,22.3,0,0,0,0,0,0,0,0,0,0,0,0,0,N/A,normal,0,0,none,not_tb,0,not_applicable
3492,38,M,14.2,0,0,0,0,0,0,0,0,0,0,0,1,1,not_detected,cavity,1,1,pulmonary,smear_positive_ptb,0,cured
3493,57,F,19.9,0,0,0,0,0,0,0,0,1,0,0,0,0,N/A,normal,0,0,none,not_tb,0,not_applicable
3494,44,F,18.0,0,1,2,0,0,0,1,1,1,1,1,1,1,not_detected,miliary,1,1,pulmonary,smear_positive_ptb,0,completed
3495,41,M,18.1,0,1,6,0,1,1,0,1,1,1,3,1,1,detected,cavity,1,1,pulmonary,smear_positive_ptb,1,failed
3496,60,F,21.4,0,1,9,1,1,0,0,0,0,0,3,1,1,detected,infiltrate,1,1,pulmonary,smear_positive_ptb,1,died
3497,48,F,29.0,0,0,0,0,0,0,0,0,0,0,0,0,0,N/A,infiltrate,1,0,none,not_tb,0,not_applicable
3498,24,F,20.0,1,0,0,1,1,0,0,0,0,1,2,0,0,N/A,pleural_effusion,1,1,extrapulmonary,extrapulmonary_tb,0,cured
3499,21,M,20.1,0,0,0,0,0,1,0,0,0,0,1,0,0,N/A,normal,0,0,none,not_tb,0,not_applicable
3500,67,F,26.3,0,0,0,0,0,0,0,0,0,0,0,0,0,N/A,normal,0,0,none,not_tb,0,not_applicable
3501,42,M,19.9,0,0,0,0,0,0,0,0,0,0,0,0,0,N/A,normal,0,0,none,not_tb,0,not_applicable
3502,50,M,12.0,0,1,4,0,0,1,0,0,0,0,2,0,1,not_detected,pleural_effusion,1,1,extrapulmonary,extrapulmonary_tb,0,cured
3503,30,M,15.4,1,0,0,1,1,0,1,1,1,0,2,0,1,detected,normal,0,1,pulmonary,smear_negative_ptb,1,cured
3504,55,F,13.7,1,0,0,0,0,0,0,0,0,0,0,0,0,N/A,normal,0,0,none,not_tb,0,not_applicable
3505,30,F,20.7,0,0,0,0,0,0,0,1,0,0,0,0,0,N/A,normal,0,0,none,not_tb,0,not_applicable
3506,36,M,21.4,1,0,0,0,0,0,0,0,0,0,0,0,0,N/A,old_tb_scar,1,0,none,not_tb,0,not_applicable
3507,48,M,16.4,0,0,0,0,0,1,0,0,1,0,1,0,0,N/A,normal,0,0,none,not_tb,0,not_applicable
3508,47,F,19.0,0,0,0,0,0,1,0,1,0,0,1,0,0,N/A,old_tb_scar,1,0,none,not_tb,0,not_applicable
3509,32,F,17.0,0,0,0,0,0,0,0,0,0,0,0,0,0,N/A,normal,0,0,none,not_tb,0,not_applicable
3510,30,M,21.6,0,0,0,0,0,0,0,0,0,0,0,0,0,N/A,normal,0,0,none,not_tb,0,not_applicable
3511,28,F,19.0,1,0,0,0,0,0,0,0,1,1,0,0,0,N/A,normal,0,0,none,not_tb,0,not_applicable
3512,35,F,25.5,0,0,0,0,0,0,0,0,1,0,0,0,0,N/A,normal,0,0,none,not_tb,0,not_applicable
3513,45,F,18.9,0,1,4,1,0,0,0,1,1,0,2,0,0,N/A,infiltrate,1,1,pulmonary,smear_negative_ptb,0,completed
3514,34,F,22.5,1,0,0,0,0,1,1,1,1,0,1,0,1,not_detected,cavity,1,1,pulmonary,smear_negative_ptb,0,completed
3515,35,F,17.4,0,1,4,1,1,0,0,0,1,1,3,1,1,not_detected,infiltrate,1,1,pulmonary,smear_positive_ptb,0,cured
3516,50,F,29.5,0,0,0,1,0,0,0,0,0,1,1,0,0,N/A,normal,0,0,none,not_tb,0,not_applicable
3517,43,F,18.5,1,0,0,1,1,1,0,1,1,1,3,1,1,not_detected,miliary,1,1,pulmonary,smear_positive_ptb,0,cured
3518,39,M,20.2,0,1,3,0,0,0,0,0,1,1,1,0,0,N/A,normal,0,0,none,not_tb,0,not_applicable
3519,59,M,30.4,0,0,0,0,0,0,0,0,0,0,0,0,1,not_detected,normal,0,0,none,not_tb,0,not_applicable
3520,27,F,15.6,0,0,0,1,0,1,0,0,0,0,2,0,0,N/A,other_pathology,1,0,none,not_tb,0,not_applicable
3521,51,M,20.1,0,0,0,0,0,0,0,0,0,0,0,0,0,N/A,normal,0,0,none,not_tb,0,not_applicable
3522,34,F,16.2,0,0,0,0,1,0,0,0,0,0,1,0,0,N/A,normal,0,0,none,not_tb,0,not_applicable
3523,32,M,13.9,1,1,2,0,1,1,1,1,1,0,3,0,0,N/A,infiltrate,1,1,pulmonary,smear_negative_ptb,0,cured
3524,54,M,14.8,0,0,0,0,0,0,0,1,1,0,0,0,0,N/A,normal,0,0,none,not_tb,0,not_applicable
3525,37,M,20.0,1,0,0,1,1,1,0,1,1,0,3,1,1,not_detected,infiltrate,1,1,pulmonary,smear_positive_ptb,0,cured
3526,47,M,17.3,0,0,0,0,0,0,0,0,1,0,0,0,0,N/A,infiltrate,1,0,none,not_tb,0,not_applicable
3527,23,M,17.9,1,0,0,1,0,1,0,1,1,0,2,0,1,not_detected,infiltrate,1,1,pulmonary,smear_negative_ptb,0,died
3528,15,M,25.1,0,0,0,0,1,0,0,0,1,0,1,0,0,N/A,old_tb_scar,1,0,none,not_tb,0,not_applicable
3529,39,F,23.6,0,0,0,0,0,0,0,0,0,1,0,0,0,N/A,infiltrate,1,0,none,not_tb,0,not_applicable
3530,32,M,23.4,0,1,6,0,0,1,0,0,1,0,2,0,0,N/A,old_tb_scar,1,0,none,not_tb,0,not_applicable
3531,33,M,26.2,1,0,0,0,0,0,0,0,0,0,0,0,0,N/A,normal,0,0,none,not_tb,0,not_applicable
3532,48,M,27.6,0,0,0,1,0,0,0,0,0,0,1,0,0,N/A,other_pathology,1,0,none,not_tb,0,not_applicable
3533,24,M,17.6,0,0,0,0,0,0,0,0,0,0,0,0,0,N/A,other_pathology,1,0,none,not_tb,0,not_applicable
3534,18,M,23.7,0,0,0,1,0,0,0,0,0,0,1,0,0,N/A,infiltrate,1,0,none,not_tb,0,not_applicable
3535,24,F,21.0,0,0,0,0,0,0,0,0,0,0,0,1,0,N/A,normal,0,0,none,not_tb,0,not_applicable
3536,27,F,18.1,0,1,2,1,1,1,1,0,1,0,4,1,1,not_detected,normal,0,1,extrapulmonary,extrapulmonary_tb,0,lost_to_followup
3537,38,M,14.7,0,1,7,1,1,0,0,1,0,1,3,1,1,not_detected,infiltrate,1,1,pulmonary,smear_positive_ptb,0,cured
3538,41,F,20.1,1,0,0,0,0,0,0,0,0,0,0,0,0,N/A,normal,0,0,none,not_tb,0,not_applicable
3539,72,M,20.5,0,0,0,0,0,0,0,1,1,0,0,0,0,N/A,other_pathology,1,0,none,not_tb,0,not_applicable
3540,39,M,27.0,1,0,0,0,0,0,0,0,0,0,0,0,0,N/A,normal,0,0,none,not_tb,0,not_applicable
3541,27,F,18.0,0,0,0,0,1,0,0,0,0,0,1,0,0,N/A,normal,0,0,none,not_tb,0,not_applicable
3542,39,M,13.7,1,0,0,1,0,0,0,0,0,0,1,0,0,N/A,other_pathology,1,0,none,not_tb,0,not_applicable
3543,51,F,22.0,0,0,0,1,0,0,0,1,0,1,1,0,0,N/A,normal,0,0,none,not_tb,0,not_applicable
3544,31,M,17.6,1,0,0,0,0,0,0,0,0,0,0,0,0,N/A,other_pathology,1,0,none,not_tb,0,not_applicable
3545,56,M,21.5,0,0,0,0,0,0,0,0,0,0,0,0,0,N/A,normal,0,0,none,not_tb,0,not_applicable
3546,52,M,20.2,0,1,2,1,1,0,0,1,1,1,3,0,1,detected,cavity,1,1,pulmonary,smear_negative_ptb,0,cured
3547,27,M,21.7,1,0,0,0,0,0,0,0,0,0,0,0,0,N/A,other_pathology,1,0,none,not_tb,0,not_applicable
3548,49,F,20.5,0,1,3,0,0,0,0,0,0,0,1,0,0,N/A,normal,0,0,none,not_tb,0,not_applicable
3549,17,M,21.5,0,0,0,0,0,0,0,0,0,0,0,0,0,N/A,normal,0,0,none,not_tb,0,not_applicable
3550,44,F,20.6,1,0,0,1,0,1,0,0,1,0,2,0,1,not_detected,infiltrate,1,1,pulmonary,smear_negative_ptb,0,died
3551,38,F,18.0,0,0,0,0,0,0,0,0,1,0,0,0,0,N/A,normal,0,0,none,not_tb,0,not_applicable
3552,38,M,20.3,1,0,0,1,1,1,0,0,1,0,3,1,1,not_detected,infiltrate,1,1,pulmonary,smear_positive_ptb,0,cured
3553,57,M,18.5,0,0,0,0,0,0,0,0,1,0,0,0,0,N/A,other_pathology,1,0,none,not_tb,0,not_applicable
3554,25,M,24.1,0,0,0,0,0,0,0,0,0,0,0,0,0,N/A,normal,0,0,none,not_tb,0,not_applicable
3555,50,M,16.6,1,0,0,0,0,0,0,0,0,0,0,0,0,N/A,normal,0,0,none,not_tb,0,not_applicable
3556,16,F,23.9,0,0,0,0,0,0,0,0,1,0,0,0,0,N/A,normal,0,0,none,not_tb,0,not_applicable
3557,32,M,21.6,0,0,0,1,0,0,0,0,0,1,1,0,0,N/A,normal,0,0,none,not_tb,0,not_applicable
3558,38,F,18.7,0,1,5,1,1,1,0,1,0,1,4,1,1,detected,infiltrate,1,1,pulmonary,smear_positive_ptb,0,cured
3559,18,F,25.4,0,0,0,0,0,1,0,0,0,0,1,0,0,N/A,old_tb_scar,1,0,none,not_tb,0,not_applicable
3560,31,M,16.4,1,1,7,0,1,0,0,0,1,0,2,0,1,detected,infiltrate,1,1,pulmonary,smear_negative_ptb,1,cured
3561,43,F,21.9,1,0,0,0,0,0,0,0,0,0,0,0,0,N/A,normal,0,0,none,not_tb,0,not_applicable
3562,41,M,23.1,0,0,0,1,0,0,0,0,0,0,1,0,0,N/A,normal,0,0,none,not_tb,0,not_applicable
3563,30,F,17.8,1,1,9,1,0,0,0,1,1,0,2,1,1,not_detected,cavity,1,1,pulmonary,smear_positive_ptb,0,cured
3564,62,M,24.5,0,0,0,0,0,0,0,0,0,0,0,0,0,N/A,old_tb_scar,1,0,none,not_tb,0,not_applicable
3565,47,F,19.3,0,1,4,1,1,1,0,1,0,1,4,1,1,not_detected,cavity,1,1,pulmonary,smear_positive_ptb,0,cured
3566,42,F,17.1,0,1,5,1,1,1,0,0,1,0,4,1,1,detected,infiltrate,1,1,pulmonary,smear_positive_ptb,0,cured
3567,34,F,21.7,1,1,3,1,1,0,0,1,1,1,3,0,1,not_detected,miliary,1,1,pulmonary,smear_negative_ptb,0,completed
3568,41,M,19.9,0,1,4,1,1,1,0,0,1,1,4,1,1,not_detected,infiltrate,1,1,pulmonary,smear_positive_ptb,0,cured
3569,41,F,16.4,0,1,2,1,1,0,0,0,1,0,3,0,1,not_detected,normal,0,1,extrapulmonary,extrapulmonary_tb,0,cured
3570,26,M,19.0,0,0,0,0,0,0,0,1,0,0,0,0,0,N/A,normal,0,0,none,not_tb,0,not_applicable
3571,51,F,21.2,1,0,0,0,0,0,0,0,0,0,0,0,0,N/A,normal,0,0,none,not_tb,0,not_applicable
3572,32,M,23.6,0,0,0,0,0,0,0,0,0,0,0,0,0,N/A,normal,0,0,none,not_tb,0,not_applicable
3573,40,M,14.3,0,0,0,0,0,0,0,0,0,0,0,0,0,N/A,normal,0,0,none,not_tb,0,not_applicable
3574,36,M,16.5,0,1,2,0,1,1,0,0,1,1,3,1,1,not_detected,pleural_effusion,1,1,pulmonary,smear_positive_ptb,0,cured
3575,53,M,20.0,0,0,0,1,0,0,0,0,0,0,1,0,0,N/A,normal,0,0,none,not_tb,0,not_applicable
3576,26,M,17.0,0,0,0,0,0,0,0,0,0,0,0,0,0,N/A,other_pathology,1,0,none,not_tb,0,not_applicable
3577,48,F,15.9,0,1,3,1,0,0,0,1,0,1,2,1,0,N/A,normal,0,1,pulmonary,smear_positive_ptb,0,cured
3578,40,M,22.5,0,0,0,0,0,0,0,0,0,0,0,0,0,N/A,normal,0,0,none,not_tb,0,not_applicable
3579,51,F,20.3,0,0,0,0,0,0,0,0,0,0,0,0,0,N/A,normal,0,0,none,not_tb,0,not_applicable
3580,53,M,17.5,0,0,0,0,0,1,0,1,1,0,1,0,1,not_detected,normal,0,1,extrapulmonary,extrapulmonary_tb,0,completed
3581,40,F,15.1,1,1,4,0,1,1,0,0,0,1,3,1,1,not_detected,normal,0,1,pulmonary,smear_positive_ptb,0,completed
3582,41,F,21.3,0,0,0,0,0,0,0,0,0,0,0,0,0,N/A,old_tb_scar,1,0,none,not_tb,0,not_applicable
3583,25,M,16.7,0,0,0,0,1,0,0,1,1,0,1,0,0,N/A,normal,0,0,none,not_tb,0,not_applicable
3584,46,F,22.1,0,1,7,1,1,1,0,1,0,0,4,1,1,not_detected,infiltrate,1,1,pulmonary,smear_positive_ptb,0,cured
3585,55,F,28.1,0,0,0,0,0,0,0,0,0,0,0,0,0,N/A,normal,0,0,none,not_tb,0,not_applicable
3586,40,F,17.3,0,1,2,1,0,1,0,0,0,1,3,0,1,not_detected,infiltrate,1,1,pulmonary,smear_negative_ptb,0,cured
3587,22,M,18.1,0,0,0,0,0,0,0,1,1,0,0,0,0,N/A,normal,0,0,none,not_tb,0,not_applicable
3588,40,M,20.6,0,0,0,0,1,1,0,0,1,1,2,0,1,not_detected,normal,0,1,pulmonary,smear_negative_ptb,0,cured
3589,43,F,24.1,0,0,0,0,0,0,0,1,0,0,0,0,0,N/A,normal,0,0,none,not_tb,0,not_applicable
3590,51,M,28.6,1,0,0,0,0,1,0,0,0,0,1,0,0,N/A,normal,0,0,none,not_tb,0,not_applicable
3591,51,F,29.5,0,0,0,1,0,0,0,0,1,0,1,0,0,N/A,other_pathology,1,0,none,not_tb,0,not_applicable
3592,63,M,13.4,0,1,4,0,1,1,0,0,1,1,3,0,1,not_detected,infiltrate,1,1,pulmonary,smear_negative_ptb,0,cured
3593,34,F,21.4,1,0,0,0,1,1,0,0,0,1,2,0,1,not_detected,normal,0,1,extrapulmonary,extrapulmonary_tb,0,cured
3594,29,M,21.2,0,0,0,0,0,0,0,0,1,0,0,0,0,N/A,normal,0,0,none,not_tb,0,not_applicable
3595,39,M,19.9,0,0,0,1,0,1,0,1,1,0,2,1,1,not_detected,infiltrate,1,1,pulmonary,smear_positive_ptb,0,cured
3596,36,F,24.7,0,1,3,0,1,0,0,0,0,1,2,0,0,N/A,normal,0,0,none,not_tb,0,not_applicable
3597,25,F,24.6,0,0,0,0,0,0,0,0,0,0,0,0,0,N/A,normal,0,0,none,not_tb,0,not_applicable
3598,47,F,25.5,0,0,0,0,0,0,0,0,0,0,0,0,0,N/A,normal,0,0,none,not_tb,0,not_applicable
3599,28,F,20.0,0,0,0,1,0,0,0,0,0,0,1,0,0,N/A,normal,0,0,none,not_tb,0,not_applicable
3600,26,M,18.7,0,0,0,1,0,0,0,0,0,0,1,0,0,N/A,infiltrate,1,0,none,not_tb,0,not_applicable
3601,36,M,26.2,1,0,0,0,0,0,0,0,0,0,0,0,0,N/A,normal,0,0,none,not_tb,0,not_applicable
3602,26,M,18.9,0,0,0,0,0,0,0,0,0,0,0,0,0,N/A,old_tb_scar,1,0,none,not_tb,0,not_applicable
3603,40,M,23.2,1,0,0,1,0,0,0,0,1,1,1,0,1,not_detected,infiltrate,1,1,pulmonary,smear_negative_ptb,0,cured
3604,35,M,16.6,1,0,0,1,1,0,0,0,1,0,2,1,1,not_detected,infiltrate,1,1,pulmonary,smear_positive_ptb,0,lost_to_followup
3605,40,F,17.5,0,0,0,1,0,1,0,1,1,1,2,0,1,not_detected,pleural_effusion,1,1,pulmonary,smear_negative_ptb,0,cured
3606,37,M,18.0,1,0,0,0,1,1,0,0,1,0,2,0,1,not_detected,infiltrate,1,1,pulmonary,smear_negative_ptb,0,cured
3607,40,M,16.6,0,0,0,0,0,0,0,0,0,0,0,0,0,N/A,normal,0,0,none,not_tb,0,not_applicable
3608,29,M,16.6,0,0,0,1,0,0,0,0,0,0,1,0,0,N/A,old_tb_scar,1,0,none,not_tb,0,not_applicable
3609,18,M,25.2,0,0,0,0,0,0,0,0,0,0,0,0,0,N/A,normal,0,0,none,not_tb,0,not_applicable
3610,48,M,16.0,0,0,0,0,0,0,0,1,0,0,0,0,0,N/A,normal,0,0,none,not_tb,0,not_applicable
3611,38,F,30.8,0,0,0,0,0,0,0,0,0,0,0,0,0,N/A,other_pathology,1,0,none,not_tb,0,not_applicable
3612,34,M,21.7,0,0,0,1,1,0,0,0,0,0,2,0,0,N/A,normal,0,0,none,not_tb,0,not_applicable
3613,37,F,18.4,0,0,0,0,0,0,0,0,0,0,0,0,0,N/A,normal,0,0,none,not_tb,0,not_applicable
3614,22,F,23.5,0,0,0,0,0,0,0,1,0,0,0,0,0,N/A,normal,0,0,none,not_tb,0,not_applicable
3615,53,F,13.4,1,0,0,0,0,0,0,0,1,0,0,0,0,N/A,normal,0,0,none,not_tb,0,not_applicable
3616,31,F,17.7,1,1,5,1,1,1,0,0,1,1,4,0,1,not_detected,normal,0,1,pulmonary,smear_negative_ptb,0,failed
3617,33,M,21.3,0,0,0,0,0,0,0,0,0,0,0,0,0,N/A,other_pathology,1,0,none,not_tb,0,not_applicable
3618,23,M,15.3,1,0,0,1,0,0,0,0,1,1,1,0,1,detected,infiltrate,1,1,pulmonary,smear_negative_ptb,1,cured
3619,44,M,19.8,0,0,0,0,0,0,0,0,0,0,0,0,0,N/A,normal,0,0,none,not_tb,0,not_applicable
3620,22,F,22.3,0,1,7,1,1,1,0,0,0,0,4,0,1,detected,normal,0,1,pulmonary,smear_negative_ptb,1,cured
3621,25,F,19.0,0,1,5,1,0,0,0,0,1,0,2,0,1,detected,cavity,1,1,pulmonary,smear_negative_ptb,1,cured
3622,46,M,23.4,0,0,0,0,0,0,0,0,0,0,0,0,0,N/A,normal,0,0,none,not_tb,0,not_applicable
3623,40,M,19.2,0,0,0,0,0,0,0,0,0,0,0,0,1,not_detected,normal,0,0,none,not_tb,0,not_applicable
3624,32,F,15.2,1,1,8,1,0,1,0,0,1,1,3,0,1,not_detected,normal,0,1,pulmonary,smear_negative_ptb,0,completed
3625,35,F,21.2,0,0,0,0,0,1,0,0,0,0,1,0,0,N/A,other_pathology,1,0,none,not_tb,0,not_applicable
3626,30,M,12.4,0,0,0,1,1,0,0,0,0,1,2,0,1,not_detected,cavity,1,1,pulmonary,smear_negative_ptb,0,cured
3627,34,F,15.8,1,0,0,1,1,0,0,0,1,1,2,1,0,N/A,normal,0,1,extrapulmonary,extrapulmonary_tb,0,cured
3628,57,F,17.6,0,0,0,1,0,0,0,0,0,1,1,0,0,N/A,normal,0,0,none,not_tb,0,not_applicable
3629,24,F,13.4,0,1,5,0,0,0,0,0,1,0,1,1,1,not_detected,infiltrate,1,1,pulmonary,smear_positive_ptb,0,cured
3630,34,M,20.1,1,1,2,0,0,0,0,0,1,0,1,1,1,not_detected,infiltrate,1,1,pulmonary,smear_positive_ptb,0,died
3631,23,M,21.5,0,0,0,0,0,1,0,0,0,0,1,0,0,N/A,old_tb_scar,1,0,none,not_tb,0,not_applicable
3632,21,F,19.8,0,0,0,0,0,0,0,1,0,0,0,0,0,N/A,normal,0,0,none,not_tb,0,not_applicable
3633,49,F,20.2,1,0,0,1,1,0,0,0,1,0,2,1,1,not_detected,infiltrate,1,1,pulmonary,smear_positive_ptb,0,cured
3634,19,M,16.2,0,0,0,0,0,1,0,0,0,0,1,0,0,N/A,normal,0,0,none,not_tb,0,not_applicable
3635,59,F,17.3,0,0,0,0,0,0,0,0,1,0,0,0,0,N/A,normal,0,0,none,not_tb,0,not_applicable
3636,42,M,21.3,1,1,4,1,1,0,0,0,1,1,3,1,1,not_detected,normal,0,1,extrapulmonary,extrapulmonary_tb,0,died
3637,35,F,30.0,1,0,0,0,0,0,0,0,0,0,0,0,1,not_detected,normal,0,0,none,not_tb,0,not_applicable
3638,45,M,24.4,0,0,0,0,0,0,0,0,1,0,0,0,0,N/A,infiltrate,1,0,none,not_tb,0,not_applicable
3639,35,F,23.7,1,0,0,0,0,0,0,0,0,0,0,0,0,N/A,normal,0,0,none,not_tb,0,not_applicable
3640,65,M,17.0,1,1,4,1,0,1,1,0,0,1,3,1,1,not_detected,cavity,1,1,pulmonary,smear_positive_ptb,0,cured
3641,44,M,20.0,0,1,3,0,0,1,0,0,0,0,2,0,0,N/A,infiltrate,1,0,none,not_tb,0,not_applicable
3642,48,M,22.8,0,0,0,0,0,0,0,0,1,0,0,0,0,N/A,normal,0,0,none,not_tb,0,not_applicable
3643,37,F,21.9,1,0,0,1,1,0,0,0,1,0,2,0,0,N/A,miliary,1,1,pulmonary,smear_negative_ptb,0,cured
3644,44,M,19.6,1,1,5,1,1,1,0,0,1,0,4,1,1,not_detected,pleural_effusion,1,1,pulmonary,smear_positive_ptb,0,completed
3645,56,M,25.4,0,0,0,0,0,0,0,1,0,1,0,0,0,N/A,other_pathology,1,0,none,not_tb,0,not_applicable
3646,35,F,18.8,0,0,0,0,0,0,0,0,0,0,0,0,0,N/A,old_tb_scar,1,0,none,not_tb,0,not_applicable
3647,48,M,24.2,0,0,0,1,0,0,0,1,1,0,1,0,0,N/A,other_pathology,1,0,none,not_tb,0,not_applicable
3648,35,M,16.8,1,1,8,1,0,0,0,1,1,0,2,1,0,N/A,pleural_effusion,1,1,pulmonary,smear_positive_ptb,0,cured
3649,54,M,18.9,0,0,0,0,0,0,0,1,1,1,0,1,1,not_detected,miliary,1,1,pulmonary,smear_positive_ptb,0,cured
3650,37,F,20.0,0,0,0,0,1,1,0,1,0,1,2,0,1,not_detected,pleural_effusion,1,1,pulmonary,smear_negative_ptb,0,cured
3651,47,M,20.1,0,0,0,0,0,0,0,0,0,0,0,0,0,N/A,normal,0,0,none,not_tb,0,not_applicable
3652,45,M,18.4,1,0,0,0,0,0,0,0,0,0,0,0,0,N/A,normal,0,0,none,not_tb,0,not_applicable
3653,35,M,23.3,0,0,0,0,1,0,0,0,0,0,1,0,0,N/A,normal,0,0,none,not_tb,0,not_applicable
3654,23,M,21.5,0,0,0,1,0,0,0,0,0,0,1,0,0,N/A,normal,0,0,none,not_tb,0,not_applicable
3655,28,M,18.8,1,1,8,1,0,1,0,1,1,1,3,0,1,not_detected,infiltrate,1,1,pulmonary,smear_negative_ptb,0,failed
3656,42,M,24.3,0,0,0,0,0,0,0,1,0,0,0,0,0,N/A,normal,0,0,none,not_tb,0,not_applicable
3657,32,M,26.6,0,0,0,0,1,0,0,0,0,0,1,0,0,N/A,normal,0,0,none,not_tb,0,not_applicable
3658,49,M,24.3,0,0,0,0,0,0,0,0,0,1,0,0,0,N/A,normal,0,0,none,not_tb,0,not_applicable
3659,17,F,19.8,1,1,4,1,0,1,0,1,0,0,3,0,0,N/A,normal,0,1,extrapulmonary,extrapulmonary_tb,0,cured
3660,55,M,20.2,0,0,0,0,0,0,0,1,1,0,0,0,0,N/A,normal,0,0,none,not_tb,0,not_applicable
3661,58,M,20.8,0,0,0,0,0,0,0,0,1,1,0,0,0,N/A,normal,0,0,none,not_tb,0,not_applicable
3662,32,F,23.6,0,0,0,0,0,0,0,1,0,1,0,0,0,N/A,old_tb_scar,1,0,none,not_tb,0,not_applicable
3663,27,F,20.7,0,0,0,0,0,0,0,0,0,0,0,0,0,N/A,normal,0,0,none,not_tb,0,not_applicable
3664,41,F,19.6,0,1,13,1,1,1,0,1,1,1,4,1,1,not_detected,cavity,1,1,pulmonary,smear_positive_ptb,0,cured
3665,56,M,19.1,0,0,0,0,0,0,0,1,0,0,0,0,0,N/A,normal,0,0,none,not_tb,0,not_applicable
3666,20,M,28.8,0,0,0,0,0,0,0,0,0,0,0,0,0,N/A,other_pathology,1,0,none,not_tb,0,not_applicable
3667,38,M,22.7,0,0,0,0,0,0,0,0,0,0,0,0,0,N/A,normal,0,0,none,not_tb,0,not_applicable
3668,48,M,22.4,0,0,0,0,0,0,0,0,0,0,0,0,0,N/A,normal,0,0,none,not_tb,0,not_applicable
3669,54,M,17.3,0,0,0,1,0,1,0,1,1,1,2,0,1,not_detected,normal,0,1,extrapulmonary,extrapulmonary_tb,0,cured
3670,31,M,23.3,0,1,5,1,1,0,0,0,0,1,3,1,1,not_detected,normal,0,1,pulmonary,smear_positive_ptb,0,lost_to_followup
3671,43,M,15.4,0,1,5,0,0,0,1,0,1,1,1,0,0,N/A,normal,0,1,extrapulmonary,extrapulmonary_tb,0,cured
3672,32,F,19.5,1,0,0,0,0,0,0,0,1,1,0,0,0,N/A,normal,0,0,none,not_tb,0,not_applicable
3673,42,M,25.0,1,1,4,0,0,1,0,0,1,1,2,0,0,N/A,normal,0,0,none,not_tb,0,not_applicable
3674,55,M,22.8,0,0,0,0,0,0,0,0,0,1,0,0,0,N/A,normal,0,0,none,not_tb,0,not_applicable
3675,17,F,20.0,0,0,0,0,0,0,0,1,0,0,0,0,0,N/A,other_pathology,1,0,none,not_tb,0,not_applicable
3676,47,F,20.1,0,0,0,0,0,0,0,0,1,0,0,0,0,N/A,normal,0,0,none,not_tb,0,not_applicable
3677,65,M,17.8,0,0,0,0,0,1,0,0,1,0,1,0,1,not_detected,pleural_effusion,1,1,pulmonary,smear_negative_ptb,0,cured
3678,45,M,18.8,0,1,2,0,1,0,1,1,0,1,2,0,1,not_detected,infiltrate,1,1,pulmonary,smear_negative_ptb,0,cured
3679,32,M,22.4,1,1,2,1,0,0,0,1,1,1,2,1,1,not_detected,infiltrate,1,1,pulmonary,smear_positive_ptb,0,cured
3680,32,M,24.1,1,0,0,0,0,0,0,0,0,0,0,0,0,N/A,normal,0,0,none,not_tb,0,not_applicable
3681,41,F,21.1,1,1,6,1,0,0,0,0,1,1,2,1,1,not_detected,cavity,1,1,pulmonary,smear_positive_ptb,0,completed
3682,55,M,17.4,1,1,3,1,0,1,0,0,1,1,3,0,0,N/A,miliary,1,1,pulmonary,smear_negative_ptb,0,lost_to_followup
3683,21,M,23.8,0,0,0,0,0,0,0,0,0,0,0,0,0,N/A,other_pathology,1,0,none,not_tb,0,not_applicable
3684,34,M,16.6,0,0,0,0,0,0,0,0,0,0,0,0,0,N/A,normal,0,0,none,not_tb,0,not_applicable
3685,23,M,19.0,1,1,4,1,1,0,1,0,0,1,3,0,1,not_detected,normal,0,1,extrapulmonary,extrapulmonary_tb,0,cured
3686,48,M,22.4,0,1,7,0,0,1,0,0,1,0,2,0,0,N/A,normal,0,0,none,not_tb,0,not_applicable
3687,44,M,28.4,0,0,0,0,0,0,0,0,0,0,0,0,0,N/A,normal,0,0,none,not_tb,0,not_applicable
3688,46,F,27.5,0,0,0,1,0,0,0,0,0,0,1,0,0,N/A,infiltrate,1,0,none,not_tb,0,not_applicable
3689,16,F,21.1,0,0,0,0,0,0,0,1,0,0,0,0,0,N/A,normal,0,0,none,not_tb,0,not_applicable
3690,33,M,16.5,1,1,3,1,0,1,1,1,1,0,3,0,1,not_detected,infiltrate,1,1,pulmonary,smear_negative_ptb,0,cured
3691,30,M,19.2,0,0,0,0,0,0,0,0,1,0,0,0,1,not_detected,normal,0,0,none,not_tb,0,not_applicable
3692,31,F,17.8,1,0,0,0,1,1,0,0,1,1,2,1,1,not_detected,pleural_effusion,1,1,pulmonary,smear_positive_ptb,0,cured
3693,26,M,21.8,1,1,5,0,0,1,1,1,1,1,2,1,1,not_detected,pleural_effusion,1,1,pulmonary,smear_positive_ptb,0,cured
3694,54,M,23.5,1,0,0,1,0,0,0,0,0,0,1,0,0,N/A,normal,0,0,none,not_tb,0,not_applicable
3695,35,F,19.8,1,0,0,1,1,1,0,0,1,0,3,0,1,not_detected,pleural_effusion,1,1,extrapulmonary,extrapulmonary_tb,0,completed
3696,26,M,20.5,1,1,6,0,1,1,0,0,0,0,3,0,1,detected,normal,0,1,pulmonary,smear_negative_ptb,1,cured
3697,43,M,18.5,0,0,0,1,0,0,0,0,0,0,1,0,0,N/A,normal,0,0,none,not_tb,0,not_applicable
3698,58,M,19.5,0,0,0,1,0,0,0,0,1,1,1,0,0,N/A,infiltrate,1,0,none,not_tb,0,not_applicable
3699,56,M,19.8,1,1,5,1,0,0,0,0,1,0,2,0,1,not_detected,pleural_effusion,1,1,extrapulmonary,extrapulmonary_tb,0,completed
3700,32,M,19.3,0,1,3,0,0,0,0,0,0,0,1,0,0,N/A,normal,0,0,none,not_tb,0,not_applicable
3701,42,F,16.7,0,0,0,0,0,0,0,0,0,0,0,0,0,N/A,normal,0,0,none,not_tb,0,not_applicable
3702,26,M,15.8,1,1,8,0,0,0,1,0,0,1,1,0,1,not_detected,cavity,1,1,pulmonary,smear_negative_ptb,0,cured
3703,31,M,25.7,0,0,0,0,0,0,0,0,0,0,0,0,0,N/A,normal,0,0,none,not_tb,0,not_applicable
3704,68,F,17.6,1,1,5,0,0,1,0,1,1,1,2,0,1,not_detected,infiltrate,1,1,pulmonary,smear_negative_ptb,0,cured
3705,28,M,22.8,0,0,0,0,0,0,0,0,0,0,0,0,0,N/A,normal,0,0,none,not_tb,0,not_applicable
3706,17,M,15.9,1,1,7,1,1,1,0,0,1,1,4,0,1,not_detected,infiltrate,1,1,pulmonary,smear_negative_ptb,0,died
3707,54,M,19.4,0,0,0,1,0,0,0,0,0,0,1,1,1,not_detected,cavity,1,1,pulmonary,smear_positive_ptb,0,cured
3708,27,F,21.1,0,0,0,0,0,1,0,0,0,0,1,0,0,N/A,other_pathology,1,0,none,not_tb,0,not_applicable
3709,45,M,23.6,1,0,0,0,0,0,0,1,0,0,0,0,0,N/A,normal,0,0,none,not_tb,0,not_applicable
3710,30,F,20.3,1,0,0,0,0,0,0,0,1,0,0,0,0,N/A,normal,0,0,none,not_tb,0,not_applicable
3711,48,F,23.8,0,0,0,1,0,0,0,0,0,0,1,0,0,N/A,normal,0,0,none,not_tb,0,not_applicable
3712,49,F,20.2,0,1,7,1,0,0,0,0,0,1,2,0,0,N/A,old_tb_scar,1,0,none,not_tb,0,not_applicable
3713,41,F,21.7,0,0,0,0,0,0,0,0,1,0,0,0,0,N/A,normal,0,0,none,not_tb,0,not_applicable
3714,39,F,21.0,0,0,0,1,0,0,0,0,0,0,1,0,0,N/A,normal,0,0,none,not_tb,0,not_applicable
3715,40,F,18.6,1,0,0,0,0,1,0,0,0,0,1,1,1,not_detected,pleural_effusion,1,1,pulmonary,smear_positive_ptb,0,completed
3716,53,F,19.2,0,1,5,1,1,0,0,0,1,1,3,1,1,not_detected,normal,0,1,pulmonary,smear_positive_ptb,0,cured
3717,78,F,20.3,0,0,0,0,0,0,0,0,0,0,0,0,0,N/A,old_tb_scar,1,0,none,not_tb,0,not_applicable
3718,32,F,21.6,0,0,0,0,0,0,0,0,0,0,0,0,0,N/A,normal,0,0,none,not_tb,0,not_applicable
3719,17,F,19.0,1,0,0,0,1,1,0,0,1,0,2,0,1,not_detected,normal,0,1,pulmonary,smear_negative_ptb,0,cured
3720,40,M,23.8,0,0,0,0,0,0,0,0,0,0,0,0,0,N/A,normal,0,0,none,not_tb,0,not_applicable
3721,66,F,21.7,0,0,0,0,0,0,0,0,0,1,0,0,0,N/A,old_tb_scar,1,0,none,not_tb,0,not_applicable
3722,46,M,18.9,0,1,3,0,1,0,0,0,0,0,2,0,0,N/A,normal,0,0,none,not_tb,0,not_applicable
3723,28,F,22.3,0,0,0,1,0,0,0,0,1,0,1,0,0,N/A,normal,0,0,none,not_tb,0,not_applicable
3724,58,M,24.3,0,0,0,0,0,0,0,0,0,1,0,0,0,N/A,other_pathology,1,0,none,not_tb,0,not_applicable
3725,29,F,15.2,0,0,0,0,0,1,0,0,1,1,1,0,1,not_detected,normal,0,1,extrapulmonary,extrapulmonary_tb,0,completed
3726,62,F,17.4,0,0,0,1,0,0,0,0,0,0,1,0,0,N/A,normal,0,0,none,not_tb,0,not_applicable
3727,61,F,16.8,0,0,0,0,0,1,1,0,0,1,1,1,1,not_detected,infiltrate,1,1,pulmonary,smear_positive_ptb,0,completed
3728,36,M,18.0,1,1,4,1,0,0,0,0,1,1,2,1,1,not_detected,cavity,1,1,pulmonary,smear_positive_ptb,0,cured
3729,35,F,13.0,0,1,5,0,0,1,0,0,1,0,2,0,1,not_detected,infiltrate,1,1,pulmonary,smear_negative_ptb,0,cured
3730,55,F,24.0,0,0,0,0,0,0,0,0,1,0,0,0,0,N/A,normal,0,0,none,not_tb,0,not_applicable
3731,51,F,18.0,0,1,7,0,1,1,0,1,0,1,3,1,1,not_detected,cavity,1,1,pulmonary,smear_positive_ptb,0,completed
3732,65,F,13.8,0,0,0,0,1,1,0,0,1,0,2,0,0,N/A,normal,0,0,none,not_tb,0,not_applicable
3733,43,M,18.1,0,0,0,0,0,0,0,0,0,1,0,0,0,N/A,old_tb_scar,1,0,none,not_tb,0,not_applicable
3734,64,M,20.9,0,0,0,0,0,1,0,0,1,0,1,0,0,N/A,old_tb_scar,1,0,none,not_tb,0,not_applicable
3735,36,M,15.8,0,0,0,0,0,1,0,0,0,0,1,0,0,N/A,old_tb_scar,1,0,none,not_tb,0,not_applicable
3736,36,F,25.4,0,1,2,0,0,0,0,0,0,0,1,0,0,N/A,normal,0,0,none,not_tb,0,not_applicable
3737,15,M,22.7,0,0,0,0,0,0,0,0,0,1,0,0,0,N/A,normal,0,0,none,not_tb,0,not_applicable
3738,42,F,20.2,0,1,4,1,0,0,0,1,0,1,2,0,1,not_detected,cavity,1,1,pulmonary,smear_negative_ptb,0,failed
3739,24,F,15.9,0,1,10,1,0,1,0,1,0,1,3,0,0,N/A,miliary,1,1,pulmonary,smear_negative_ptb,0,completed
3740,34,M,23.4,0,0,0,0,0,0,0,0,0,0,0,0,0,N/A,normal,0,0,none,not_tb,0,not_applicable
3741,46,M,19.7,0,1,4,0,0,1,0,0,0,0,2,0,0,N/A,normal,0,0,none,not_tb,0,not_applicable
3742,84,M,21.3,0,0,0,1,0,0,0,0,0,0,1,0,0,N/A,normal,0,0,none,not_tb,0,not_applicable
3743,16,F,19.4,0,0,0,0,1,1,0,0,0,0,2,0,1,not_detected,infiltrate,1,1,pulmonary,smear_negative_ptb,0,died
3744,29,M,21.8,0,0,0,0,0,0,0,0,1,0,0,0,0,N/A,normal,0,0,none,not_tb,0,not_applicable
3745,39,M,24.8,0,0,0,0,0,0,0,0,0,0,0,0,0,N/A,old_tb_scar,1,0,none,not_tb,0,not_applicable
3746,22,F,22.5,0,0,0,0,0,0,0,0,0,0,0,0,0,N/A,normal,0,0,none,not_tb,0,not_applicable
3747,67,M,17.3,0,1,2,1,0,0,0,0,1,0,2,1,1,not_detected,infiltrate,1,1,pulmonary,smear_positive_ptb,0,cured
3748,23,F,20.6,1,1,4,1,1,1,0,0,0,1,4,0,0,N/A,normal,0,1,extrapulmonary,extrapulmonary_tb,0,cured
3749,45,M,25.7,0,0,0,1,0,0,0,0,1,0,1,0,0,N/A,normal,0,0,none,not_tb,0,not_applicable
3750,43,M,22.3,0,0,0,0,0,0,0,0,0,1,0,0,0,N/A,normal,0,0,none,not_tb,0,not_applicable
3751,63,M,21.8,0,1,4,0,0,1,0,0,1,1,2,1,1,not_detected,pleural_effusion,1,1,pulmonary,smear_positive_ptb,0,cured
3752,32,M,21.2,0,0,0,0,1,1,0,0,0,0,2,0,0,N/A,normal,0,0,none,not_tb,0,not_applicable
3753,63,M,18.2,1,0,0,1,1,0,0,0,1,0,2,0,1,not_detected,miliary,1,1,pulmonary,smear_negative_ptb,0,completed
3754,52,F,22.0,0,1,3,0,0,0,0,0,1,0,1,0,0,N/A,normal,0,0,none,not_tb,0,not_applicable
3755,37,M,21.5,0,0,0,0,0,0,0,0,0,0,0,0,0,N/A,normal,0,0,none,not_tb,0,not_applicable
3756,34,M,20.9,0,0,0,0,1,0,0,0,0,0,1,0,0,N/A,infiltrate,1,0,none,not_tb,0,not_applicable
3757,37,M,16.7,0,1,7,1,1,1,0,0,0,1,4,0,1,not_detected,infiltrate,1,1,pulmonary,smear_negative_ptb,0,cured
3758,35,M,16.0,1,1,6,1,1,1,0,1,1,0,4,1,1,not_detected,infiltrate,1,1,pulmonary,smear_positive_ptb,0,completed
3759,33,F,22.4,0,0,0,0,0,0,0,0,0,0,0,0,0,N/A,normal,0,0,none,not_tb,0,not_applicable
3760,41,M,26.2,0,0,0,0,0,0,0,1,0,0,0,0,0,N/A,old_tb_scar,1,0,none,not_tb,0,not_applicable
3761,41,F,24.8,0,1,6,0,0,0,0,0,0,0,1,0,0,N/A,normal,0,0,none,not_tb,0,not_applicable
3762,23,M,19.5,1,1,2,1,0,0,0,0,1,1,2,1,1,detected,pleural_effusion,1,1,pulmonary,smear_positive_ptb,1,died
3763,37,M,26.4,0,0,0,0,0,0,0,0,0,0,0,0,0,N/A,normal,0,0,none,not_tb,0,not_applicable
3764,39,M,18.5,0,1,5,1,1,0,1,1,1,0,3,0,1,not_detected,pleural_effusion,1,1,pulmonary,smear_negative_ptb,0,cured
3765,38,M,18.5,0,0,0,1,0,0,0,0,0,0,1,0,0,N/A,other_pathology,1,0,none,not_tb,0,not_applicable
3766,43,F,20.8,0,0,0,0,0,0,0,1,0,0,0,0,0,N/A,normal,0,0,none,not_tb,0,not_applicable
3767,37,M,21.8,0,0,0,0,0,0,0,0,0,0,0,0,0,N/A,normal,0,0,none,not_tb,0,not_applicable
3768,54,M,20.2,0,1,6,0,0,0,0,0,0,0,1,0,0,N/A,normal,0,0,none,not_tb,0,not_applicable
3769,30,F,24.1,1,0,0,0,0,1,0,0,0,0,1,0,0,N/A,normal,0,0,none,not_tb,0,not_applicable
3770,49,F,20.8,0,1,4,0,1,1,0,0,1,1,3,1,1,not_detected,infiltrate,1,1,pulmonary,smear_positive_ptb,0,cured
3771,41,F,14.2,0,1,4,1,0,0,0,1,1,1,2,1,1,detected,infiltrate,1,1,pulmonary,smear_positive_ptb,1,cured
3772,43,F,21.5,0,0,0,0,0,0,0,0,0,0,0,0,0,N/A,other_pathology,1,0,none,not_tb,0,not_applicable
3773,41,F,12.0,0,1,5,1,1,1,0,1,1,0,4,1,1,not_detected,normal,0,1,pulmonary,smear_positive_ptb,0,cured
3774,52,F,18.3,0,0,0,1,0,1,0,0,0,1,2,0,1,detected,cavity,1,1,pulmonary,smear_negative_ptb,1,cured
3775,30,F,18.2,1,1,2,0,1,1,0,1,1,1,3,0,1,detected,infiltrate,1,1,pulmonary,smear_negative_ptb,1,failed
3776,28,M,22.9,0,1,3,0,0,0,0,1,1,1,1,1,1,not_detected,infiltrate,1,1,pulmonary,smear_positive_ptb,0,completed
3777,46,F,27.2,0,0,0,0,0,0,0,0,0,0,0,0,0,N/A,other_pathology,1,0,none,not_tb,0,not_applicable
3778,33,M,20.8,1,0,0,1,1,1,0,0,1,1,3,0,0,N/A,infiltrate,1,1,pulmonary,smear_negative_ptb,0,cured
3779,46,F,18.6,0,0,0,0,0,0,0,1,1,0,0,0,0,N/A,normal,0,0,none,not_tb,0,not_applicable
3780,16,F,18.4,0,0,0,0,0,1,0,0,0,0,1,0,0,N/A,normal,0,0,none,not_tb,0,not_applicable
3781,37,M,15.8,0,1,11,1,0,1,0,0,0,0,3,1,1,not_detected,infiltrate,1,1,pulmonary,smear_positive_ptb,0,lost_to_followup
3782,49,F,22.3,0,1,7,1,1,0,1,1,1,0,3,0,1,not_detected,normal,0,1,pulmonary,smear_negative_ptb,0,completed
3783,18,F,18.8,1,0,0,0,0,0,0,0,0,1,0,0,0,N/A,old_tb_scar,1,0,none,not_tb,0,not_applicable
3784,41,M,20.7,0,0,0,0,0,0,0,1,0,0,0,0,0,N/A,normal,0,0,none,not_tb,0,not_applicable
3785,58,M,18.9,0,0,0,0,0,0,0,0,0,0,0,0,0,N/A,other_pathology,1,0,none,not_tb,0,not_applicable
3786,50,F,17.6,0,0,0,1,0,0,0,0,0,0,1,0,0,N/A,old_tb_scar,1,0,none,not_tb,0,not_applicable
3787,36,F,23.2,1,0,0,0,0,0,0,0,0,0,0,0,0,N/A,normal,0,0,none,not_tb,0,not_applicable
3788,54,M,18.9,1,1,4,0,1,1,0,0,1,1,3,0,0,N/A,pleural_effusion,1,1,extrapulmonary,extrapulmonary_tb,0,completed
3789,34,M,12.9,0,1,4,1,1,0,0,0,1,1,3,1,1,not_detected,infiltrate,1,1,pulmonary,smear_positive_ptb,0,cured
3790,52,F,17.4,0,0,0,0,0,0,0,1,0,0,0,0,0,N/A,normal,0,0,none,not_tb,0,not_applicable
3791,20,M,19.1,0,1,3,0,1,1,0,1,1,0,3,1,1,not_detected,infiltrate,1,1,pulmonary,smear_positive_ptb,0,cured
3792,16,M,21.7,0,0,0,0,0,0,0,0,0,1,0,0,0,N/A,normal,0,0,none,not_tb,0,not_applicable
3793,18,M,17.5,0,0,0,0,1,1,0,0,1,0,2,0,1,not_detected,normal,0,1,pulmonary,smear_negative_ptb,0,cured
3794,39,M,20.0,1,1,6,1,1,1,0,1,1,1,4,0,1,not_detected,infiltrate,1,1,pulmonary,smear_negative_ptb,0,cured
3795,39,M,16.9,0,0,0,0,0,0,0,0,1,0,0,0,0,N/A,infiltrate,1,0,none,not_tb,0,not_applicable
3796,46,F,17.0,1,0,0,0,0,0,0,1,1,1,0,1,1,not_detected,infiltrate,1,1,pulmonary,smear_positive_ptb,0,completed
3797,44,F,23.8,0,0,0,0,0,0,0,0,0,0,0,0,0,N/A,old_tb_scar,1,0,none,not_tb,0,not_applicable
3798,22,F,16.9,1,1,4,0,0,0,0,0,1,0,1,1,1,detected,infiltrate,1,1,pulmonary,smear_positive_ptb,1,cured
3799,54,M,19.3,0,0,0,1,1,1,0,1,1,1,3,0,0,N/A,infiltrate,1,1,pulmonary,smear_negative_ptb,0,lost_to_followup
3800,36,M,18.0,0,0,0,0,0,0,0,0,0,0,0,0,0,N/A,other_pathology,1,0,none,not_tb,0,not_applicable
3801,24,M,16.4,0,1,3,1,1,1,0,0,0,1,4,1,1,not_detected,cavity,1,1,pulmonary,smear_positive_ptb,0,completed
3802,51,M,14.0,1,1,6,1,1,1,0,0,0,0,4,0,1,not_detected,normal,0,1,pulmonary,smear_negative_ptb,0,completed
3803,25,M,14.8,0,1,4,0,0,0,0,0,1,0,1,0,0,N/A,normal,0,0,none,not_tb,0,not_applicable
3804,29,M,20.3,0,0,0,0,0,1,0,0,1,0,1,0,0,N/A,normal,0,0,none,not_tb,0,not_applicable
3805,55,M,19.6,1,1,3,1,1,1,0,0,1,1,4,1,1,not_detected,miliary,1,1,pulmonary,smear_positive_ptb,0,died
3806,45,M,21.6,1,0,0,0,0,0,0,0,0,0,0,0,0,N/A,normal,0,0,none,not_tb,0,not_applicable
3807,33,F,21.4,1,0,0,1,1,1,1,1,0,0,3,0,0,N/A,normal,0,1,extrapulmonary,extrapulmonary_tb,0,completed
3808,55,F,17.5,0,1,4,1,0,1,0,0,0,1,3,1,1,not_detected,infiltrate,1,1,pulmonary,smear_positive_ptb,0,completed
3809,45,F,14.6,0,0,0,0,0,0,0,1,0,0,0,0,0,N/A,normal,0,0,none,not_tb,0,not_applicable
3810,29,F,19.4,1,0,0,1,1,1,0,0,0,0,3,1,1,not_detected,infiltrate,1,1,pulmonary,smear_positive_ptb,0,died
3811,33,M,18.2,0,0,0,0,0,0,0,0,0,0,0,0,0,N/A,normal,0,0,none,not_tb,0,not_applicable
3812,39,M,18.8,0,1,2,0,1,1,0,1,1,0,3,1,1,not_detected,infiltrate,1,1,pulmonary,smear_positive_ptb,0,completed
3813,52,M,14.0,0,0,0,0,0,0,0,0,0,0,0,0,0,N/A,normal,0,0,none,not_tb,0,not_applicable
3814,31,M,21.0,0,1,2,0,0,0,0,0,0,0,1,0,0,N/A,normal,0,0,none,not_tb,0,not_applicable
3815,37,M,20.3,0,1,6,1,1,0,0,0,0,0,3,0,0,N/A,miliary,1,1,pulmonary,smear_negative_ptb,0,cured
3816,60,M,24.0,0,0,0,0,0,0,0,0,0,1,0,0,0,N/A,normal,0,0,none,not_tb,0,not_applicable
3817,55,M,17.9,0,1,4,1,1,0,1,0,0,0,3,1,1,not_detected,normal,0,1,pulmonary,smear_positive_ptb,0,completed
3818,21,M,18.4,1,1,5,1,1,1,0,1,1,1,4,1,1,detected,miliary,1,1,pulmonary,smear_positive_ptb,1,cured
3819,32,F,20.3,0,0,0,0,0,0,0,0,0,0,0,0,0,N/A,normal,0,0,none,not_tb,0,not_applicable
3820,32,F,21.0,0,0,0,0,0,0,0,0,0,0,0,1,0,N/A,old_tb_scar,1,0,none,not_tb,0,not_applicable
3821,19,F,24.2,0,0,0,0,0,1,0,0,0,0,1,0,0,N/A,infiltrate,1,0,none,not_tb,0,not_applicable
3822,39,F,19.4,0,0,0,1,0,0,0,0,0,0,1,0,0,N/A,normal,0,0,none,not_tb,0,not_applicable
3823,39,M,16.9,0,0,0,1,0,0,0,0,1,1,1,0,0,N/A,cavity,1,1,pulmonary,smear_negative_ptb,0,cured
3824,55,M,16.5,1,0,0,0,1,0,0,0,0,0,1,0,0,N/A,normal,0,0,none,not_tb,0,not_applicable
3825,31,F,24.3,0,0,0,0,0,0,0,0,0,0,0,0,0,N/A,normal,0,0,none,not_tb,0,not_applicable
3826,38,M,20.9,0,0,0,0,0,0,0,0,0,0,0,0,0,N/A,infiltrate,1,0,none,not_tb,0,not_applicable
3827,29,M,17.6,0,0,0,0,1,0,0,0,1,1,1,0,0,N/A,infiltrate,1,0,none,not_tb,0,not_applicable
3828,48,M,24.9,0,0,0,0,0,0,0,0,1,0,0,0,0,N/A,normal,0,0,none,not_tb,0,not_applicable
3829,44,F,18.2,1,1,7,1,0,1,0,1,1,0,3,1,1,not_detected,infiltrate,1,1,pulmonary,smear_positive_ptb,0,died
3830,31,F,16.5,1,0,0,0,1,1,0,1,1,0,2,0,1,not_detected,pleural_effusion,1,1,pulmonary,smear_negative_ptb,0,cured
3831,39,M,20.6,1,1,4,1,0,1,0,0,1,1,3,0,1,not_detected,cavity,1,1,pulmonary,smear_negative_ptb,0,cured
3832,38,F,20.6,0,0,0,0,0,0,0,0,0,0,0,0,0,N/A,normal,0,0,none,not_tb,0,not_applicable
3833,28,M,14.4,0,1,7,1,0,0,1,0,0,1,2,0,1,not_detected,normal,0,1,pulmonary,smear_negative_ptb,0,cured
3834,15,M,25.2,0,1,6,0,0,0,0,0,0,0,1,0,0,N/A,normal,0,0,none,not_tb,0,not_applicable
3835,27,M,18.9,0,0,0,0,0,0,0,0,0,0,0,0,0,N/A,normal,0,0,none,not_tb,0,not_applicable
3836,26,M,32.4,0,0,0,1,0,0,0,0,0,0,1,0,0,N/A,normal,0,0,none,not_tb,0,not_applicable
3837,39,F,20.2,0,0,0,0,0,0,0,1,0,0,0,0,0,N/A,normal,0,0,none,not_tb,0,not_applicable
3838,16,M,14.8,0,0,0,1,0,0,0,1,0,0,1,0,0,N/A,normal,0,0,none,not_tb,0,not_applicable
3839,65,F,22.7,0,1,6,1,1,0,0,0,1,1,3,0,1,not_detected,pleural_effusion,1,1,pulmonary,smear_negative_ptb,0,died
3840,46,M,21.6,1,0,0,0,0,0,0,0,0,0,0,0,0,N/A,normal,0,0,none,not_tb,0,not_applicable
3841,53,F,22.7,0,0,0,0,0,0,0,1,0,1,0,0,0,N/A,infiltrate,1,0,none,not_tb,0,not_applicable
3842,36,F,23.1,0,0,0,0,0,0,0,0,0,1,0,0,1,not_detected,normal,0,0,none,not_tb,0,not_applicable
3843,36,F,17.0,0,1,3,0,0,0,0,0,1,1,1,0,0,N/A,normal,0,0,none,not_tb,0,not_applicable
3844,28,F,12.9,0,1,2,1,1,1,0,0,1,0,4,1,1,not_detected,cavity,1,1,pulmonary,smear_positive_ptb,0,cured
3845,27,F,23.2,1,1,3,1,1,0,0,0,1,0,3,1,1,not_detected,infiltrate,1,1,pulmonary,smear_positive_ptb,0,died
3846,34,M,16.3,0,0,0,0,0,0,0,0,0,0,0,0,0,N/A,normal,0,0,none,not_tb,0,not_applicable
3847,43,F,22.5,1,1,5,1,1,1,0,1,1,1,4,0,1,not_detected,infiltrate,1,1,pulmonary,smear_negative_ptb,0,cured
3848,31,F,23.7,0,0,0,0,0,0,0,0,0,0,0,0,0,N/A,normal,0,0,none,not_tb,0,not_applicable
3849,35,M,18.8,1,1,7,1,0,0,0,1,1,1,2,0,1,detected,normal,0,1,extrapulmonary,extrapulmonary_tb,0,completed
3850,40,M,17.2,0,1,7,0,1,1,0,1,0,0,3,1,1,not_detected,normal,0,1,pulmonary,smear_positive_ptb,0,cured
3851,34,M,29.9,0,0,0,0,0,0,0,1,0,0,0,0,0,N/A,normal,0,0,none,not_tb,0,not_applicable
3852,54,M,16.6,0,0,0,1,0,0,0,0,1,1,1,0,1,not_detected,infiltrate,1,1,pulmonary,smear_negative_ptb,0,completed
3853,40,M,19.5,0,0,0,0,0,0,0,0,0,0,0,0,0,N/A,normal,0,0,none,not_tb,0,not_applicable
3854,37,M,20.0,1,1,2,1,0,1,0,0,0,0,3,0,0,N/A,infiltrate,1,1,pulmonary,smear_negative_ptb,0,completed
3855,43,F,19.5,0,0,0,0,0,0,0,1,0,0,0,0,0,N/A,normal,0,0,none,not_tb,0,not_applicable
3856,66,M,18.3,0,0,0,0,0,1,0,0,1,0,1,0,0,N/A,normal,0,0,none,not_tb,0,not_applicable
3857,50,F,21.6,0,0,0,0,0,0,0,0,0,0,0,0,0,N/A,normal,0,0,none,not_tb,0,not_applicable
3858,29,M,24.2,0,0,0,0,0,0,0,0,0,0,0,0,0,N/A,normal,0,0,none,not_tb,0,not_applicable
3859,40,F,28.4,0,0,0,0,0,0,0,0,0,0,0,0,0,N/A,old_tb_scar,1,0,none,not_tb,0,not_applicable
3860,44,M,23.6,0,0,0,0,0,0,0,1,1,1,0,0,1,not_detected,cavity,1,1,pulmonary,smear_negative_ptb,0,cured
3861,41,M,15.5,0,0,0,0,0,1,0,0,0,1,1,0,0,N/A,normal,0,0,none,not_tb,0,not_applicable
3862,22,M,25.5,0,0,0,0,0,0,0,0,0,0,0,0,0,N/A,normal,0,0,none,not_tb,0,not_applicable
3863,46,F,18.4,0,0,0,1,0,0,0,0,0,0,1,0,0,N/A,other_pathology,1,0,none,not_tb,0,not_applicable
3864,33,M,18.5,1,0,0,0,0,0,0,0,0,0,0,0,0,N/A,infiltrate,1,0,none,not_tb,0,not_applicable
3865,36,F,19.9,1,0,0,0,0,0,0,0,0,0,0,0,0,N/A,normal,0,0,none,not_tb,0,not_applicable
3866,46,M,19.7,0,0,0,0,0,0,0,1,0,0,0,0,0,N/A,normal,0,0,none,not_tb,0,not_applicable
3867,51,M,15.7,0,0,0,1,1,1,0,0,1,0,3,1,1,not_detected,cavity,1,1,pulmonary,smear_positive_ptb,0,completed
3868,54,M,12.6,1,1,2,1,0,0,0,1,1,0,2,0,0,N/A,normal,0,1,extrapulmonary,extrapulmonary_tb,0,lost_to_followup
3869,21,F,26.9,0,0,0,0,0,0,0,0,0,0,0,0,0,N/A,normal,0,0,none,not_tb,0,not_applicable
3870,17,M,25.0,0,0,0,0,0,0,0,0,1,0,0,0,0,N/A,normal,0,0,none,not_tb,0,not_applicable
3871,19,M,21.8,0,0,0,0,0,0,0,1,0,0,0,0,0,N/A,normal,0,0,none,not_tb,0,not_applicable
3872,33,M,18.4,0,0,0,0,1,0,0,0,0,0,1,0,0,N/A,normal,0,0,none,not_tb,0,not_applicable
3873,27,M,21.5,0,0,0,0,1,0,0,0,1,1,1,1,1,not_detected,normal,0,1,pulmonary,smear_positive_ptb,0,cured
3874,48,M,21.6,0,0,0,0,0,0,0,0,1,0,0,0,0,N/A,normal,0,0,none,not_tb,0,not_applicable
3875,21,F,19.8,1,0,0,0,0,0,0,1,0,0,0,0,0,N/A,normal,0,0,none,not_tb,0,not_applicable
3876,46,M,16.1,1,0,0,0,0,0,0,0,0,0,0,0,0,N/A,normal,0,0,none,not_tb,0,not_applicable
3877,16,M,23.7,0,0,0,0,0,0,0,0,0,0,0,0,0,N/A,normal,0,0,none,not_tb,0,not_applicable
3878,34,F,20.7,0,0,0,0,0,1,0,0,0,0,1,0,0,N/A,old_tb_scar,1,0,none,not_tb,0,not_applicable
3879,44,M,22.7,0,0,0,0,0,0,0,0,0,0,0,0,0,N/A,old_tb_scar,1,0,none,not_tb,0,not_applicable
3880,21,M,22.4,0,0,0,0,0,0,0,0,0,0,0,0,0,N/A,normal,0,0,none,not_tb,0,not_applicable
3881,16,F,20.0,1,0,0,1,1,0,0,1,1,0,2,0,1,not_detected,infiltrate,1,1,pulmonary,smear_negative_ptb,0,completed
3882,28,F,18.9,0,1,2,0,1,1,0,0,1,0,3,1,1,not_detected,infiltrate,1,1,pulmonary,smear_positive_ptb,0,cured
3883,42,F,20.8,0,0,0,0,0,0,0,1,0,0,0,0,0,N/A,other_pathology,1,0,none,not_tb,0,not_applicable
3884,45,M,23.8,0,0,0,0,0,0,0,0,1,0,0,0,0,N/A,old_tb_scar,1,0,none,not_tb,0,not_applicable
3885,37,F,25.2,0,0,0,0,0,0,0,0,0,1,0,0,0,N/A,normal,0,0,none,not_tb,0,not_applicable
3886,55,M,27.2,0,0,0,0,0,0,0,0,0,1,0,0,0,N/A,normal,0,0,none,not_tb,0,not_applicable
3887,68,F,17.9,0,0,0,0,0,0,0,0,0,0,0,0,0,N/A,normal,0,0,none,not_tb,0,not_applicable
3888,21,F,25.7,0,0,0,0,0,0,0,0,0,0,0,0,0,N/A,normal,0,0,none,not_tb,0,not_applicable
3889,38,F,14.4,1,1,5,1,0,1,0,0,1,0,3,1,1,not_detected,infiltrate,1,1,pulmonary,smear_positive_ptb,0,lost_to_followup
3890,41,M,25.4,0,1,2,0,0,0,0,0,0,0,1,0,0,N/A,normal,0,0,none,not_tb,0,not_applicable
3891,59,M,16.9,0,0,0,0,0,0,0,1,1,1,0,0,0,N/A,cavity,1,1,pulmonary,smear_negative_ptb,0,cured
3892,16,F,24.8,0,0,0,0,0,0,0,0,0,0,0,0,0,N/A,normal,0,0,none,not_tb,0,not_applicable
3893,53,M,27.0,0,0,0,0,0,0,0,1,0,0,0,0,0,N/A,infiltrate,1,0,none,not_tb,0,not_applicable
3894,46,M,22.6,1,0,0,0,0,0,0,0,0,0,0,0,0,N/A,old_tb_scar,1,0,none,not_tb,0,not_applicable
3895,42,F,21.8,0,0,0,0,0,0,0,0,0,0,0,0,0,N/A,normal,0,0,none,not_tb,0,not_applicable
3896,43,F,21.7,0,0,0,0,0,0,0,1,0,0,0,0,0,N/A,normal,0,0,none,not_tb,0,not_applicable
3897,35,M,20.4,0,0,0,0,0,0,0,1,0,0,0,0,0,N/A,normal,0,0,none,not_tb,0,not_applicable
3898,20,M,25.9,0,0,0,0,0,0,0,0,0,1,0,0,0,N/A,normal,0,0,none,not_tb,0,not_applicable
3899,29,M,18.2,0,0,0,1,1,0,0,0,0,0,2,0,1,not_detected,normal,0,1,extrapulmonary,extrapulmonary_tb,0,cured
3900,57,M,13.1,0,1,4,0,0,1,1,1,1,1,2,1,1,not_detected,pleural_effusion,1,1,pulmonary,smear_positive_ptb,0,completed
3901,34,M,20.7,0,0,0,1,0,1,0,0,1,0,2,1,0,N/A,infiltrate,1,1,pulmonary,smear_positive_ptb,0,cured
3902,49,F,24.9,0,0,0,0,0,0,0,0,0,0,0,0,0,N/A,normal,0,0,none,not_tb,0,not_applicable
3903,41,F,22.2,0,0,0,1,0,0,0,0,0,1,1,0,0,N/A,normal,0,0,none,not_tb,0,not_applicable
3904,43,M,19.2,1,0,0,0,0,0,0,0,0,1,0,0,0,N/A,normal,0,0,none,not_tb,0,not_applicable
3905,16,M,15.6,0,1,3,0,0,0,0,1,1,1,1,0,1,not_detected,infiltrate,1,1,pulmonary,smear_negative_ptb,0,completed
3906,58,F,19.3,0,0,0,0,0,0,0,0,1,0,0,0,0,N/A,normal,0,0,none,not_tb,0,not_applicable
3907,40,F,22.7,0,0,0,0,0,0,0,0,0,0,0,0,0,N/A,other_pathology,1,0,none,not_tb,0,not_applicable
3908,21,F,15.5,0,0,0,0,0,0,0,0,0,0,0,0,0,N/A,other_pathology,1,0,none,not_tb,0,not_applicable
3909,45,M,23.5,0,0,0,0,0,0,0,0,0,0,0,0,0,N/A,normal,0,0,none,not_tb,0,not_applicable
3910,23,F,22.3,0,0,0,0,0,1,0,0,1,1,1,0,0,N/A,old_tb_scar,1,0,none,not_tb,0,not_applicable
3911,17,M,26.5,1,0,0,1,0,0,0,0,0,0,1,0,0,N/A,normal,0,0,none,not_tb,0,not_applicable
3912,39,M,24.5,0,0,0,0,0,0,0,1,0,0,0,0,0,N/A,infiltrate,1,0,none,not_tb,0,not_applicable
3913,41,F,16.7,1,0,0,0,0,1,1,1,0,0,1,0,1,not_detected,infiltrate,1,1,pulmonary,smear_negative_ptb,0,died
3914,39,M,14.3,0,1,5,1,1,1,0,0,1,1,4,0,1,not_detected,miliary,1,1,pulmonary,smear_negative_ptb,0,completed
3915,41,M,19.1,0,0,0,0,0,0,0,0,0,0,0,0,0,N/A,normal,0,0,none,not_tb,0,not_applicable
3916,41,M,22.0,1,0,0,0,1,1,0,0,0,1,2,1,1,not_detected,infiltrate,1,1,pulmonary,smear_positive_ptb,0,cured
3917,50,M,23.0,0,0,0,1,0,0,0,0,0,0,1,0,0,N/A,old_tb_scar,1,0,none,not_tb,0,not_applicable
3918,37,M,24.1,0,0,0,0,0,0,0,0,0,0,0,0,0,N/A,normal,0,0,none,not_tb,0,not_applicable
3919,26,F,19.8,0,0,0,0,0,0,0,0,0,0,0,0,0,N/A,infiltrate,1,0,none,not_tb,0,not_applicable
3920,20,M,19.7,0,0,0,1,0,1,0,0,0,0,2,0,1,not_detected,miliary,1,1,pulmonary,smear_negative_ptb,0,cured
3921,34,M,16.7,0,1,3,0,0,0,0,0,0,0,1,0,0,N/A,other_pathology,1,0,none,not_tb,0,not_applicable
3922,39,F,25.3,0,1,2,0,0,0,0,0,0,0,1,0,0,N/A,normal,0,0,none,not_tb,0,not_applicable
3923,45,M,18.0,0,0,0,0,0,0,0,0,1,0,0,0,0,N/A,normal,0,0,none,not_tb,0,not_applicable
3924,23,F,15.1,0,0,0,0,0,0,0,0,0,0,0,0,0,N/A,normal,0,0,none,not_tb,0,not_applicable
3925,47,M,29.9,0,0,0,0,0,0,0,1,0,0,0,0,0,N/A,normal,0,0,none,not_tb,0,not_applicable
3926,47,M,22.5,0,0,0,0,0,0,0,0,0,0,0,0,0,N/A,normal,0,0,none,not_tb,0,not_applicable
3927,34,M,22.4,0,0,0,0,0,0,0,0,0,0,0,0,0,N/A,normal,0,0,none,not_tb,0,not_applicable
3928,27,F,15.5,0,1,5,0,0,0,0,0,0,0,1,0,0,N/A,normal,0,0,none,not_tb,0,not_applicable
3929,33,M,24.2,0,0,0,1,0,0,0,0,0,0,1,0,0,N/A,old_tb_scar,1,0,none,not_tb,0,not_applicable
3930,31,F,25.1,0,0,0,0,0,0,0,0,0,0,0,0,0,N/A,normal,0,0,none,not_tb,0,not_applicable
3931,39,M,21.3,0,0,0,0,0,0,0,0,1,0,0,0,0,N/A,normal,0,0,none,not_tb,0,not_applicable
3932,48,F,25.1,0,0,0,0,0,0,0,0,0,0,0,0,0,N/A,normal,0,0,none,not_tb,0,not_applicable
3933,35,M,26.1,0,0,0,0,0,0,0,0,1,1,0,0,0,N/A,normal,0,0,none,not_tb,0,not_applicable
3934,27,M,23.8,0,0,0,0,0,0,0,0,1,0,0,0,0,N/A,normal,0,0,none,not_tb,0,not_applicable
3935,53,M,14.4,0,0,0,0,0,1,0,0,0,0,1,0,0,N/A,normal,0,0,none,not_tb,0,not_applicable
3936,19,M,18.0,0,0,0,0,0,0,0,0,0,0,0,0,0,N/A,normal,0,0,none,not_tb,0,not_applicable
3937,36,M,27.9,0,0,0,0,0,0,0,0,1,0,0,0,0,N/A,normal,0,0,none,not_tb,0,not_applicable
3938,27,F,22.3,0,0,0,0,0,0,0,0,0,0,0,0,0,N/A,old_tb_scar,1,0,none,not_tb,0,not_applicable
3939,44,M,22.3,0,0,0,1,0,0,1,0,0,1,1,0,0,N/A,normal,0,0,none,not_tb,0,not_applicable
3940,31,M,19.1,0,0,0,0,0,1,0,0,0,0,1,0,0,N/A,normal,0,0,none,not_tb,0,not_applicable
3941,30,M,19.8,0,0,0,1,0,0,0,0,1,0,1,0,0,N/A,normal,0,0,none,not_tb,0,not_applicable
3942,57,M,21.5,0,1,2,1,1,1,0,0,0,0,4,1,1,not_detected,infiltrate,1,1,pulmonary,smear_positive_ptb,0,lost_to_followup
3943,54,M,22.2,0,1,4,0,1,1,0,0,1,1,3,1,1,not_detected,cavity,1,1,pulmonary,smear_positive_ptb,0,cured
3944,36,F,20.5,1,0,0,1,1,1,0,0,1,1,3,1,1,not_detected,normal,0,1,pulmonary,smear_positive_ptb,0,cured
3945,35,M,19.9,0,1,8,1,0,0,1,1,1,0,2,1,1,not_detected,infiltrate,1,1,pulmonary,smear_positive_ptb,0,cured
3946,39,F,20.1,0,1,11,0,0,0,1,0,1,0,1,1,1,not_detected,infiltrate,1,1,pulmonary,smear_positive_ptb,0,cured
3947,45,M,21.8,1,0,0,0,0,0,0,0,0,0,0,0,0,N/A,normal,0,0,none,not_tb,0,not_applicable
3948,28,M,15.5,0,1,10,1,0,0,0,1,1,0,2,0,1,not_detected,cavity,1,1,pulmonary,smear_negative_ptb,0,died
3949,26,F,17.0,0,0,0,0,1,0,0,0,0,1,1,0,0,N/A,normal,0,0,none,not_tb,0,not_applicable
3950,52,M,21.8,0,0,0,0,1,1,0,1,0,1,2,0,1,not_detected,infiltrate,1,1,pulmonary,smear_negative_ptb,0,completed
3951,44,M,18.4,0,1,6,0,1,1,0,0,1,1,3,0,0,N/A,pleural_effusion,1,1,extrapulmonary,extrapulmonary_tb,0,cured
3952,28,F,23.7,0,1,2,0,0,0,0,0,0,0,1,0,0,N/A,normal,0,0,none,not_tb,0,not_applicable
3953,46,F,22.7,0,0,0,0,0,0,0,0,0,0,0,0,0,N/A,normal,0,0,none,not_tb,0,not_applicable
3954,52,F,22.9,0,0,0,0,0,0,0,1,1,0,0,0,0,N/A,normal,0,0,none,not_tb,0,not_applicable
3955,57,M,19.4,0,1,4,1,1,0,0,1,1,0,3,1,0,N/A,miliary,1,1,pulmonary,smear_positive_ptb,0,cured
3956,31,F,20.2,1,1,2,0,1,1,0,0,1,0,3,1,1,not_detected,infiltrate,1,1,pulmonary,smear_positive_ptb,0,died
3957,21,F,16.6,1,1,4,0,0,1,0,1,1,1,2,0,0,N/A,infiltrate,1,1,extrapulmonary,extrapulmonary_tb,0,cured
3958,38,F,26.1,0,0,0,0,0,0,0,0,0,0,0,0,0,N/A,normal,0,0,none,not_tb,0,not_applicable
3959,53,M,16.7,1,0,0,1,0,1,1,1,0,0,2,0,1,not_detected,pleural_effusion,1,1,extrapulmonary,extrapulmonary_tb,0,cured
3960,50,M,19.1,0,1,5,1,0,1,0,0,0,0,3,1,1,not_detected,normal,0,1,pulmonary,smear_positive_ptb,0,cured
3961,29,M,15.5,1,1,6,1,0,1,0,0,1,1,3,0,0,N/A,cavity,1,1,pulmonary,smear_negative_ptb,0,failed
3962,57,M,21.4,0,0,0,0,0,0,0,0,1,0,0,0,0,N/A,other_pathology,1,0,none,not_tb,0,not_applicable
3963,30,F,19.7,0,0,0,0,0,0,0,0,0,0,0,0,0,N/A,normal,0,0,none,not_tb,0,not_applicable
3964,51,M,22.1,0,0,0,0,0,0,0,0,0,0,0,0,0,N/A,normal,0,0,none,not_tb,0,not_applicable
3965,58,M,24.6,0,0,0,0,0,0,0,0,1,0,0,0,0,N/A,normal,0,0,none,not_tb,0,not_applicable
3966,17,M,22.3,0,0,0,0,0,0,0,0,0,0,0,0,0,N/A,normal,0,0,none,not_tb,0,not_applicable
3967,44,M,28.9,0,0,0,1,0,0,0,1,0,0,1,0,0,N/A,other_pathology,1,0,none,not_tb,0,not_applicable
3968,27,M,24.8,1,0,0,1,0,1,0,0,1,0,2,1,0,N/A,normal,0,0,none,not_tb,0,not_applicable
3969,32,M,17.9,0,1,9,1,0,1,0,1,0,0,3,0,0,N/A,infiltrate,1,1,pulmonary,smear_negative_ptb,0,completed
3970,36,M,21.7,0,0,0,0,0,0,0,0,0,0,0,0,0,N/A,normal,0,0,none,not_tb,0,not_applicable
3971,25,F,19.4,1,0,0,0,0,0,0,0,1,1,0,0,0,N/A,normal,0,1,pulmonary,smear_negative_ptb,0,failed
3972,39,M,24.5,1,0,0,1,0,0,0,0,1,0,1,0,0,N/A,normal,0,0,none,not_tb,0,not_applicable
3973,30,M,17.7,0,0,0,0,0,0,0,0,1,0,0,0,0,N/A,normal,0,0,none,not_tb,0,not_applicable
3974,53,M,24.2,1,0,0,0,0,1,0,0,1,0,1,0,0,N/A,old_tb_scar,1,0,none,not_tb,0,not_applicable
3975,51,M,15.5,0,1,7,0,0,0,0,0,1,1,1,0,0,N/A,normal,0,1,extrapulmonary,extrapulmonary_tb,0,died
3976,51,M,23.9,0,1,2,0,0,0,0,0,1,0,1,0,0,N/A,old_tb_scar,1,0,none,not_tb,0,not_applicable
3977,47,M,21.3,0,1,2,1,0,0,0,0,1,0,2,1,1,not_detected,infiltrate,1,1,pulmonary,smear_positive_ptb,0,completed
3978,52,M,19.2,0,0,0,1,1,0,1,1,1,0,2,0,1,not_detected,miliary,1,1,pulmonary,smear_negative_ptb,0,cured
3979,70,M,13.9,0,0,0,0,0,0,0,0,1,0,0,0,0,N/A,normal,0,0,none,not_tb,0,not_applicable
3980,24,F,15.8,0,0,0,0,0,0,0,0,0,0,0,0,0,N/A,normal,0,0,none,not_tb,0,not_applicable
3981,26,M,24.0,1,0,0,0,0,0,0,0,0,0,0,0,0,N/A,normal,0,0,none,not_tb,0,not_applicable
3982,66,M,13.4,0,0,0,0,0,0,0,0,0,0,0,1,0,N/A,normal,0,0,none,not_tb,0,not_applicable
3983,27,F,24.1,0,0,0,0,0,0,0,1,0,0,0,0,0,N/A,normal,0,0,none,not_tb,0,not_applicable
3984,26,M,25.4,0,0,0,0,0,0,0,0,1,0,0,0,0,N/A,normal,0,0,none,not_tb,0,not_applicable
3985,39,M,26.0,0,1,3,0,0,0,0,0,1,0,1,0,0,N/A,normal,0,0,none,not_tb,0,not_applicable
3986,50,M,21.2,1,0,0,0,0,0,0,0,1,0,0,0,0,N/A,normal,0,0,none,not_tb,0,not_applicable
3987,57,M,19.6,0,1,5,1,1,1,0,0,0,0,4,0,1,not_detected,normal,0,1,pulmonary,smear_negative_ptb,0,cured
3988,21,M,22.7,0,0,0,0,0,0,0,0,1,0,0,0,0,N/A,normal,0,0,none,not_tb,0,not_applicable
3989,36,F,16.8,1,0,0,0,0,0,0,0,0,0,0,0,0,N/A,infiltrate,1,0,none,not_tb,0,not_applicable
3990,48,F,24.6,0,0,0,0,0,0,0,0,1,0,0,0,0,N/A,normal,0,0,none,not_tb,0,not_applicable
3991,36,F,26.9,1,0,0,0,0,0,0,0,0,0,0,0,0,N/A,old_tb_scar,1,0,none,not_tb,0,not_applicable
3992,43,M,24.4,0,0,0,0,0,0,0,0,0,0,0,0,0,N/A,normal,0,0,none,not_tb,0,not_applicable
3993,48,M,20.2,0,0,0,0,0,0,0,0,0,0,0,0,0,N/A,other_pathology,1,0,none,not_tb,0,not_applicable
3994,29,M,24.6,0,0,0,0,0,0,0,0,1,0,0,0,0,N/A,normal,0,0,none,not_tb,0,not_applicable
3995,76,M,21.7,0,0,0,0,1,1,0,0,1,0,2,1,1,not_detected,miliary,1,1,pulmonary,smear_positive_ptb,0,cured
3996,30,M,21.4,1,1,4,1,1,1,0,0,1,1,4,0,0,N/A,pleural_effusion,1,1,extrapulmonary,extrapulmonary_tb,0,completed
3997,41,M,25.6,0,0,0,0,0,0,0,0,0,0,0,0,0,N/A,normal,0,0,none,not_tb,0,not_applicable
3998,30,M,14.5,1,0,0,0,1,1,0,0,1,1,2,1,1,not_detected,infiltrate,1,1,pulmonary,smear_positive_ptb,0,lost_to_followup
3999,33,M,23.4,0,0,0,0,0,0,0,0,0,0,0,0,0,N/A,normal,0,0,none,not_tb,0,not_applicable
4000,44,M,24.3,0,0,0,0,0,0,0,0,0,0,0,0,0,N/A,normal,0,0,none,not_tb,0,not_applicable
4001,32,F,25.6,0,0,0,0,0,0,0,0,0,1,0,0,0,N/A,normal,0,0,none,not_tb,0,not_applicable
4002,53,M,19.8,0,1,3,1,0,1,0,1,1,1,3,0,0,N/A,normal,0,1,extrapulmonary,extrapulmonary_tb,0,cured
4003,42,F,22.4,1,1,3,1,0,1,0,1,0,0,3,0,1,not_detected,pleural_effusion,1,1,pulmonary,smear_negative_ptb,0,died
4004,54,M,13.9,1,1,6,0,0,0,0,0,0,1,1,1,1,not_detected,infiltrate,1,1,pulmonary,smear_positive_ptb,0,completed
4005,31,M,24.0,0,0,0,0,0,0,0,0,0,0,0,0,0,N/A,old_tb_scar,1,0,none,not_tb,0,not_applicable
4006,54,M,19.7,0,1,2,1,0,0,0,1,0,1,2,1,1,not_detected,infiltrate,1,1,pulmonary,smear_positive_ptb,0,cured
4007,45,M,25.2,0,0,0,0,0,1,0,0,0,0,1,0,0,N/A,normal,0,0,none,not_tb,0,not_applicable
4008,34,M,27.4,0,0,0,0,0,0,0,0,1,0,0,0,0,N/A,normal,0,0,none,not_tb,0,not_applicable
4009,15,M,18.9,0,0,0,1,0,0,0,0,0,0,1,0,0,N/A,other_pathology,1,0,none,not_tb,0,not_applicable
4010,43,F,27.3,0,0,0,0,0,0,0,0,0,0,0,0,0,N/A,normal,0,0,none,not_tb,0,not_applicable
4011,15,M,24.9,0,0,0,0,0,1,0,0,1,0,1,0,0,N/A,old_tb_scar,1,0,none,not_tb,0,not_applicable
4012,22,M,21.3,0,0,0,0,0,0,0,0,0,0,0,0,0,N/A,old_tb_scar,1,0,none,not_tb,0,not_applicable
4013,34,F,16.2,0,1,2,0,0,0,0,0,0,1,1,0,1,not_detected,infiltrate,1,1,pulmonary,smear_negative_ptb,0,lost_to_followup
4014,23,M,22.7,0,0,0,0,1,0,0,0,0,0,1,0,0,N/A,normal,0,0,none,not_tb,0,not_applicable
4015,15,M,23.0,0,0,0,0,0,0,0,0,1,0,0,0,0,N/A,infiltrate,1,0,none,not_tb,0,not_applicable
4016,30,M,23.2,0,0,0,0,0,0,0,0,0,0,0,0,0,N/A,other_pathology,1,0,none,not_tb,0,not_applicable
4017,24,M,16.9,1,0,0,0,0,0,0,1,1,0,0,1,1,not_detected,infiltrate,1,1,pulmonary,smear_positive_ptb,0,failed
4018,48,M,20.0,0,1,3,1,1,0,1,1,0,1,3,1,1,not_detected,normal,0,1,pulmonary,smear_positive_ptb,0,cured
4019,27,M,17.5,0,1,8,0,0,0,0,0,1,0,1,1,1,not_detected,miliary,1,1,pulmonary,smear_positive_ptb,0,completed
4020,35,F,26.3,0,1,4,0,0,0,0,0,1,1,1,0,0,N/A,normal,0,0,none,not_tb,0,not_applicable
4021,24,M,22.8,1,0,0,0,1,1,0,0,0,1,2,1,1,not_detected,infiltrate,1,1,pulmonary,smear_positive_ptb,0,cured
4022,54,M,19.2,0,0,0,0,0,0,0,0,0,0,0,0,0,N/A,infiltrate,1,0,none,not_tb,0,not_applicable
4023,39,M,22.2,0,0,0,0,0,0,0,0,0,1,0,0,0,N/A,normal,0,0,none,not_tb,0,not_applicable
4024,57,F,25.4,0,0,0,0,1,0,0,1,0,0,1,0,0,N/A,other_pathology,1,0,none,not_tb,0,not_applicable
4025,50,F,23.0,0,0,0,0,0,0,0,0,1,0,0,0,0,N/A,normal,0,0,none,not_tb,0,not_applicable
4026,50,F,17.3,0,0,0,1,1,0,0,0,0,0,2,0,0,N/A,normal,0,0,none,not_tb,0,not_applicable
4027,60,F,25.0,0,0,0,0,0,0,0,0,0,0,0,0,0,N/A,normal,0,0,none,not_tb,0,not_applicable
4028,52,F,19.9,0,0,0,0,0,0,0,0,0,0,0,0,0,N/A,other_pathology,1,0,none,not_tb,0,not_applicable
4029,59,M,22.7,0,0,0,0,0,0,0,1,0,0,0,0,0,N/A,infiltrate,1,0,none,not_tb,0,not_applicable
4030,66,F,18.5,0,0,0,0,0,0,0,0,0,0,0,0,0,N/A,infiltrate,1,0,none,not_tb,0,not_applicable
4031,40,M,24.8,0,0,0,0,0,0,0,0,0,0,0,0,0,N/A,normal,0,0,none,not_tb,0,not_applicable
4032,50,M,20.5,0,0,0,0,0,0,0,0,1,0,0,0,0,N/A,normal,0,0,none,not_tb,0,not_applicable
4033,76,F,25.2,0,0,0,1,0,0,0,0,1,0,1,0,1,not_detected,normal,0,0,none,not_tb,0,not_applicable
4034,26,M,21.2,0,0,0,0,0,1,1,1,0,0,1,0,0,N/A,other_pathology,1,0,none,not_tb,0,not_applicable
4035,36,M,17.3,0,0,0,1,1,0,0,0,1,0,2,0,1,not_detected,normal,0,1,extrapulmonary,extrapulmonary_tb,0,cured
4036,31,M,19.5,0,1,6,0,0,1,1,0,1,1,2,0,1,not_detected,infiltrate,1,1,pulmonary,smear_negative_ptb,0,died
4037,20,M,18.2,0,0,0,0,0,1,0,0,0,0,1,0,0,N/A,normal,0,0,none,not_tb,0,not_applicable
4038,54,F,28.3,0,0,0,0,1,0,0,0,0,0,1,0,0,N/A,normal,0,0,none,not_tb,0,not_applicable
4039,36,M,19.0,0,1,8,0,1,1,0,0,1,1,3,1,0,N/A,infiltrate,1,1,extrapulmonary,extrapulmonary_tb,0,completed
4040,21,F,20.0,0,0,0,0,0,0,0,0,0,0,0,0,0,N/A,other_pathology,1,0,none,not_tb,0,not_applicable
4041,40,M,20.6,0,0,0,0,0,0,0,0,0,0,0,0,0,N/A,normal,0,0,none,not_tb,0,not_applicable
4042,33,F,22.1,0,0,0,0,0,0,0,0,0,0,0,0,1,not_detected,normal,0,0,none,not_tb,0,not_applicable
4043,45,M,21.0,0,1,6,1,0,1,0,0,1,0,3,0,0,N/A,cavity,1,1,pulmonary,smear_negative_ptb,0,cured
4044,28,F,18.9,0,1,2,0,0,0,0,0,0,0,1,0,0,N/A,old_tb_scar,1,0,none,not_tb,0,not_applicable
4045,25,M,17.6,1,1,6,0,0,0,0,1,1,1,1,1,1,not_detected,miliary,1,1,pulmonary,smear_positive_ptb,0,cured
4046,40,M,21.8,0,0,0,0,0,0,0,1,0,0,0,0,0,N/A,normal,0,0,none,not_tb,0,not_applicable
4047,55,M,22.4,0,0,0,1,1,1,0,1,1,1,3,0,1,not_detected,pleural_effusion,1,1,pulmonary,smear_negative_ptb,0,completed
4048,60,M,21.0,0,0,0,1,0,1,0,0,1,1,2,1,1,not_detected,miliary,1,1,pulmonary,smear_positive_ptb,0,completed
4049,60,M,22.5,1,1,2,1,0,1,0,0,0,1,3,0,1,not_detected,normal,0,1,pulmonary,smear_negative_ptb,0,completed
4050,25,F,18.6,1,1,5,0,0,1,0,0,1,0,2,0,1,not_detected,infiltrate,1,1,pulmonary,smear_negative_ptb,0,completed
4051,32,F,27.0,0,0,0,0,0,0,0,0,0,0,0,0,0,N/A,normal,0,0,none,not_tb,0,not_applicable
4052,49,F,26.4,0,0,0,0,0,0,0,0,0,0,0,1,0,N/A,normal,0,0,none,not_tb,0,not_applicable
4053,32,M,20.2,0,0,0,0,0,1,0,1,1,0,1,1,1,not_detected,infiltrate,1,1,pulmonary,smear_positive_ptb,0,cured
4054,19,M,24.7,0,0,0,0,0,0,0,1,0,0,0,0,0,N/A,normal,0,0,none,not_tb,0,not_applicable
4055,45,F,17.0,1,1,3,0,0,0,0,0,1,0,1,0,0,N/A,cavity,1,1,pulmonary,smear_negative_ptb,0,cured
4056,36,F,23.1,0,1,4,1,0,0,0,1,0,0,2,0,0,N/A,infiltrate,1,1,pulmonary,smear_negative_ptb,0,completed
4057,34,M,17.9,0,1,7,1,1,1,0,0,0,1,4,1,1,not_detected,infiltrate,1,1,pulmonary,smear_positive_ptb,0,cured
4058,45,F,19.9,1,0,0,1,1,0,0,0,1,1,2,0,1,not_detected,infiltrate,1,1,pulmonary,smear_negative_ptb,0,completed
4059,48,M,24.4,1,0,0,0,0,0,0,0,0,0,0,0,0,N/A,normal,0,0,none,not_tb,0,not_applicable
4060,45,F,15.1,1,0,0,1,1,1,0,1,1,0,3,0,1,not_detected,normal,0,1,pulmonary,smear_negative_ptb,0,died
4061,51,F,21.8,0,0,0,0,0,0,0,0,0,0,0,0,0,N/A,normal,0,0,none,not_tb,0,not_applicable
4062,45,F,22.7,0,0,0,0,0,0,0,0,0,0,0,0,0,N/A,normal,0,0,none,not_tb,0,not_applicable
4063,75,M,18.2,0,1,5,0,0,0,0,1,1,0,1,1,1,detected,cavity,1,1,pulmonary,smear_positive_ptb,0,cured
4064,39,F,21.9,0,0,0,0,0,0,0,0,1,0,0,0,0,N/A,normal,0,0,none,not_tb,0,not_applicable
4065,31,M,27.2,0,0,0,0,0,0,0,0,1,0,0,0,0,N/A,other_pathology,1,0,none,not_tb,0,not_applicable
4066,39,F,19.1,0,0,0,0,0,0,0,0,0,0,0,0,0,N/A,other_pathology,1,0,none,not_tb,0,not_applicable
4067,55,M,15.3,0,1,3,1,0,0,0,0,0,0,2,1,1,not_detected,normal,0,1,pulmonary,smear_positive_ptb,0,cured
4068,35,F,17.0,0,1,6,1,0,1,0,0,1,0,3,0,1,not_detected,normal,0,1,extrapulmonary,extrapulmonary_tb,0,cured
4069,38,F,24.6,0,1,7,0,0,0,0,1,0,0,1,0,0,N/A,normal,0,0,none,not_tb,0,not_applicable
4070,15,M,24.9,0,0,0,0,0,0,0,1,0,0,0,0,0,N/A,normal,0,0,none,not_tb,0,not_applicable
4071,63,M,24.1,0,0,0,0,0,0,0,0,0,0,0,0,0,N/A,normal,0,0,none,not_tb,0,not_applicable
4072,41,F,20.8,0,1,9,1,1,1,0,0,0,1,4,1,1,not_detected,miliary,1,1,pulmonary,smear_positive_ptb,0,cured
4073,42,M,22.9,0,0,0,0,0,0,0,0,0,0,0,0,0,N/A,normal,0,0,none,not_tb,0,not_applicable
4074,79,M,17.2,0,1,6,1,0,0,1,1,1,0,2,0,1,not_detected,cavity,1,1,pulmonary,smear_negative_ptb,0,lost_to_followup
4075,29,M,18.7,0,0,0,0,0,0,0,0,1,0,0,0,0,N/A,normal,0,0,none,not_tb,0,not_applicable
4076,42,M,17.6,1,0,0,0,0,0,0,0,1,0,0,0,0,N/A,old_tb_scar,1,0,none,not_tb,0,not_applicable
4077,38,F,21.2,0,0,0,0,0,0,0,0,1,0,0,0,0,N/A,other_pathology,1,0,none,not_tb,0,not_applicable
4078,41,M,24.8,0,0,0,0,1,0,0,0,0,1,1,0,0,N/A,normal,0,0,none,not_tb,0,not_applicable
4079,47,M,22.8,0,0,0,1,0,0,0,0,0,0,1,1,0,N/A,normal,0,0,none,not_tb,0,not_applicable
4080,36,M,22.1,0,1,3,0,0,0,0,0,0,0,1,0,0,N/A,normal,0,0,none,not_tb,0,not_applicable
4081,54,M,18.3,1,0,0,1,0,0,0,0,1,0,1,0,0,N/A,normal,0,0,none,not_tb,0,not_applicable
4082,30,M,31.0,0,0,0,0,0,0,0,0,0,0,0,0,0,N/A,other_pathology,1,0,none,not_tb,0,not_applicable
4083,31,F,16.4,1,1,4,1,0,0,0,0,1,1,2,0,1,not_detected,infiltrate,1,1,extrapulmonary,extrapulmonary_tb,0,cured
4084,32,M,22.4,0,0,0,0,0,0,0,0,0,0,0,0,0,N/A,normal,0,0,none,not_tb,0,not_applicable
4085,37,M,25.5,0,0,0,0,0,0,0,1,0,0,0,0,0,N/A,normal,0,0,none,not_tb,0,not_applicable
4086,37,F,18.6,1,0,0,1,0,1,0,0,1,0,2,0,0,N/A,cavity,1,1,pulmonary,smear_negative_ptb,0,lost_to_followup
4087,23,M,19.2,1,1,2,0,0,0,0,0,0,0,1,0,0,N/A,normal,0,0,none,not_tb,0,not_applicable
4088,26,F,20.5,0,0,0,1,1,0,0,1,0,0,2,1,1,detected,infiltrate,1,1,pulmonary,smear_positive_ptb,1,completed
4089,40,M,15.2,1,1,10,1,1,0,0,0,1,1,3,0,1,not_detected,normal,0,1,pulmonary,smear_negative_ptb,0,died
4090,59,M,22.9,0,1,5,1,0,0,1,0,1,1,2,0,1,not_detected,normal,0,1,pulmonary,smear_negative_ptb,0,cured
4091,15,M,23.0,0,0,0,0,0,0,0,0,0,0,0,0,0,N/A,normal,0,0,none,not_tb,0,not_applicable
4092,48,F,21.1,0,0,0,0,0,0,0,0,0,0,0,0,0,N/A,normal,0,0,none,not_tb,0,not_applicable
4093,53,F,17.0,0,0,0,0,0,0,0,0,0,0,0,0,0,N/A,normal,0,0,none,not_tb,0,not_applicable
4094,16,M,15.6,1,1,8,1,0,1,1,1,1,0,3,1,1,not_detected,pleural_effusion,1,1,pulmonary,smear_positive_ptb,0,cured
4095,34,M,21.8,0,0,0,0,0,0,0,1,1,0,0,0,0,N/A,normal,0,0,none,not_tb,0,not_applicable
4096,47,M,28.6,0,0,0,0,0,0,0,0,0,0,0,0,0,N/A,infiltrate,1,0,none,not_tb,0,not_applicable
4097,50,F,22.8,0,0,0,0,0,0,0,0,0,1,0,0,0,N/A,normal,0,0,none,not_tb,0,not_applicable
4098,64,F,23.2,0,0,0,1,0,0,0,0,0,0,1,0,0,N/A,normal,0,0,none,not_tb,0,not_applicable
4099,47,F,23.4,0,0,0,1,0,0,0,0,1,0,1,0,0,N/A,other_pathology,1,0,none,not_tb,0,not_applicable
4100,51,F,24.4,1,1,4,0,1,0,0,0,1,1,2,1,1,not_detected,normal,0,1,pulmonary,smear_positive_ptb,0,cured
4101,31,M,17.4,1,0,0,1,0,1,1,1,1,0,2,0,0,N/A,normal,0,1,extrapulmonary,extrapulmonary_tb,0,cured
4102,40,F,27.5,0,0,0,1,0,1,0,0,0,0,2,0,0,N/A,infiltrate,1,0,none,not_tb,0,not_applicable
4103,21,M,20.6,0,0,0,0,0,1,0,0,0,0,1,0,0,N/A,normal,0,0,none,not_tb,0,not_applicable
4104,34,M,19.5,0,0,0,0,0,1,0,0,0,0,1,0,0,N/A,old_tb_scar,1,0,none,not_tb,0,not_applicable
4105,25,F,18.3,1,1,2,1,0,1,0,0,1,0,3,1,1,not_detected,infiltrate,1,1,pulmonary,smear_positive_ptb,0,died
4106,47,M,18.3,0,1,2,1,1,1,1,0,0,1,4,0,1,not_detected,normal,0,1,pulmonary,smear_negative_ptb,0,completed
4107,36,F,19.9,1,1,4,1,1,1,0,0,1,1,4,0,0,N/A,normal,0,1,extrapulmonary,extrapulmonary_tb,0,cured
4108,45,F,13.9,0,0,0,0,0,0,0,0,0,0,0,0,0,N/A,normal,0,0,none,not_tb,0,not_applicable
4109,45,F,18.9,0,0,0,1,1,0,0,1,1,1,2,1,1,not_detected,normal,0,1,pulmonary,smear_positive_ptb,0,died
4110,43,M,19.9,0,0,0,0,0,0,0,1,0,0,0,0,0,N/A,normal,0,0,none,not_tb,0,not_applicable
4111,26,M,16.7,0,1,5,1,0,1,0,0,0,1,3,0,1,not_detected,miliary,1,1,pulmonary,smear_negative_ptb,0,cured
4112,39,F,17.5,0,0,0,0,0,0,0,0,0,0,0,0,0,N/A,normal,0,0,none,not_tb,0,not_applicable
4113,57,F,17.6,0,1,5,1,0,1,0,0,1,0,3,1,1,not_detected,miliary,1,1,pulmonary,smear_positive_ptb,0,cured
4114,23,M,17.2,0,1,5,1,0,0,0,0,1,1,2,0,1,not_detected,infiltrate,1,1,pulmonary,smear_negative_ptb,0,cured
4115,33,F,20.5,1,0,0,0,0,0,0,1,0,0,0,0,0,N/A,normal,0,0,none,not_tb,0,not_applicable
4116,17,M,14.4,0,1,4,1,1,1,0,1,1,0,4,1,1,not_detected,pleural_effusion,1,1,pulmonary,smear_positive_ptb,0,cured
4117,27,F,22.3,1,0,0,0,0,0,0,0,0,0,0,0,0,N/A,normal,0,0,none,not_tb,0,not_applicable
4118,57,F,19.2,0,1,5,0,0,0,0,0,1,0,1,0,0,N/A,normal,0,0,none,not_tb,0,not_applicable
4119,37,M,16.3,1,1,2,0,0,0,0,0,1,0,1,0,0,N/A,normal,0,0,none,not_tb,0,not_applicable
4120,40,M,17.1,0,1,2,1,1,1,0,1,1,1,4,1,0,N/A,infiltrate,1,1,pulmonary,smear_positive_ptb,0,completed
4121,36,F,16.6,1,1,5,1,0,1,0,1,1,0,3,1,1,not_detected,cavity,1,1,pulmonary,smear_positive_ptb,0,lost_to_followup
4122,28,F,22.1,0,0,0,0,0,0,0,0,0,0,0,0,0,N/A,normal,0,0,none,not_tb,0,not_applicable
4123,38,F,20.0,0,0,0,0,0,0,0,0,1,0,0,0,0,N/A,normal,0,0,none,not_tb,0,not_applicable
4124,18,M,16.9,0,0,0,0,0,0,0,0,0,1,0,0,0,N/A,normal,0,0,none,not_tb,0,not_applicable
4125,42,F,18.9,0,0,0,1,0,0,0,0,0,0,1,0,0,N/A,normal,0,0,none,not_tb,0,not_applicable
4126,53,M,14.2,0,0,0,1,0,0,0,0,1,1,1,1,1,detected,cavity,1,1,pulmonary,smear_positive_ptb,1,completed
4127,51,M,21.3,0,1,6,1,0,1,0,1,1,1,3,1,1,not_detected,infiltrate,1,1,pulmonary,smear_positive_ptb,0,completed
4128,23,M,21.7,0,1,5,0,0,0,0,1,1,1,1,1,1,not_detected,infiltrate,1,1,pulmonary,smear_positive_ptb,0,cured
4129,33,F,22.0,1,1,8,0,0,1,0,0,0,1,2,0,0,N/A,normal,0,1,extrapulmonary,extrapulmonary_tb,0,cured
4130,40,F,19.9,0,0,0,0,0,0,0,0,0,0,0,0,0,N/A,normal,0,0,none,not_tb,0,not_applicable
4131,27,F,21.7,0,1,5,0,1,1,0,0,1,0,3,1,1,not_detected,cavity,1,1,pulmonary,smear_positive_ptb,0,completed
4132,43,F,23.4,0,0,0,0,0,0,0,0,0,0,0,0,0,N/A,normal,0,0,none,not_tb,0,not_applicable
4133,26,M,16.4,0,1,2,1,0,0,0,0,1,1,2,0,1,not_detected,cavity,1,1,pulmonary,smear_negative_ptb,0,completed
4134,40,M,19.8,0,0,0,0,0,0,0,0,1,0,0,0,0,N/A,normal,0,0,none,not_tb,0,not_applicable
4135,57,M,21.4,0,0,0,0,0,1,0,0,1,1,1,0,0,N/A,infiltrate,1,0,none,not_tb,0,not_applicable
4136,32,M,18.8,0,1,10,1,1,0,0,1,1,1,3,1,1,not_detected,miliary,1,1,pulmonary,smear_positive_ptb,0,cured
4137,37,M,23.3,0,0,0,0,0,0,0,0,0,1,0,0,0,N/A,other_pathology,1,0,none,not_tb,0,not_applicable
4138,18,F,22.0,0,0,0,0,0,0,0,0,1,0,0,0,0,N/A,infiltrate,1,0,none,not_tb,0,not_applicable
4139,44,F,20.8,0,0,0,1,0,1,0,0,1,0,2,0,0,N/A,normal,0,0,none,not_tb,0,not_applicable
4140,34,F,26.7,0,0,0,1,0,0,0,0,0,0,1,0,0,N/A,normal,0,0,none,not_tb,0,not_applicable
4141,51,M,21.6,1,0,0,0,0,0,0,0,1,0,0,0,0,N/A,other_pathology,1,0,none,not_tb,0,not_applicable
4142,61,M,21.4,0,0,0,1,0,0,0,0,0,0,1,0,0,N/A,normal,0,0,none,not_tb,0,not_applicable
4143,28,M,18.0,0,1,6,1,1,0,0,1,1,0,3,0,1,detected,infiltrate,1,1,pulmonary,smear_negative_ptb,1,cured
4144,29,M,21.6,0,0,0,1,0,0,0,0,0,0,1,0,0,N/A,normal,0,0,none,not_tb,0,not_applicable
4145,54,M,17.2,0,0,0,0,0,0,0,1,0,0,0,0,0,N/A,normal,0,0,none,not_tb,0,not_applicable
4146,33,M,18.5,0,0,0,0,0,0,0,0,1,1,0,1,0,N/A,infiltrate,1,0,none,not_tb,0,not_applicable
4147,32,M,30.6,0,0,0,0,1,0,0,0,0,0,1,0,0,N/A,normal,0,0,none,not_tb,0,not_applicable
4148,44,F,16.2,0,0,0,0,0,0,0,0,0,0,0,0,0,N/A,normal,0,0,none,not_tb,0,not_applicable
4149,18,M,23.0,0,1,2,1,0,0,0,1,0,0,2,1,0,N/A,normal,0,0,none,not_tb,0,not_applicable
4150,44,M,19.4,1,1,7,0,0,1,0,1,1,0,2,1,1,not_detected,infiltrate,1,1,pulmonary,smear_positive_ptb,0,died
4151,36,M,21.0,0,1,6,0,1,1,0,0,1,0,3,1,1,not_detected,cavity,1,1,pulmonary,smear_positive_ptb,0,completed
4152,23,M,23.3,0,0,0,0,0,0,0,0,0,0,0,0,0,N/A,old_tb_scar,1,0,none,not_tb,0,not_applicable
4153,35,M,28.6,1,0,0,0,0,0,0,0,0,0,0,0,0,N/A,other_pathology,1,0,none,not_tb,0,not_applicable
4154,44,M,22.8,0,0,0,0,0,0,0,0,0,0,0,0,0,N/A,normal,0,0,none,not_tb,0,not_applicable
4155,45,F,21.9,0,1,5,1,1,0,1,0,1,0,3,0,1,not_detected,infiltrate,1,1,pulmonary,smear_negative_ptb,0,cured
4156,39,M,25.6,0,0,0,1,0,0,0,0,0,0,1,0,0,N/A,normal,0,0,none,not_tb,0,not_applicable
4157,41,F,27.4,0,0,0,1,0,0,0,0,0,0,1,0,0,N/A,normal,0,0,none,not_tb,0,not_applicable
4158,40,M,22.1,0,0,0,1,0,0,0,0,1,0,1,0,0,N/A,normal,0,0,none,not_tb,0,not_applicable
4159,53,M,23.4,0,0,0,0,0,0,0,0,1,0,0,0,0,N/A,normal,0,0,none,not_tb,0,not_applicable
4160,29,M,20.7,0,0,0,1,0,0,0,0,0,0,1,0,0,N/A,normal,0,0,none,not_tb,0,not_applicable
4161,37,M,22.6,0,0,0,0,0,0,0,0,0,0,0,0,0,N/A,normal,0,0,none,not_tb,0,not_applicable
4162,64,M,19.0,0,1,3,1,0,0,0,0,1,0,2,1,1,not_detected,infiltrate,1,1,pulmonary,smear_positive_ptb,0,cured
4163,45,F,14.7,0,0,0,0,1,0,0,0,0,0,1,0,0,N/A,normal,0,0,none,not_tb,0,not_applicable
4164,43,M,18.1,1,1,5,1,0,1,0,0,1,1,3,1,1,not_detected,miliary,1,1,pulmonary,smear_positive_ptb,0,died
4165,41,F,20.7,0,1,5,0,0,0,0,0,1,1,1,0,1,not_detected,cavity,1,1,pulmonary,smear_negative_ptb,0,cured
4166,30,M,17.3,0,0,0,1,0,0,0,0,0,0,1,0,0,N/A,normal,0,0,none,not_tb,0,not_applicable
4167,32,M,18.5,0,0,0,0,0,0,0,1,0,0,0,0,0,N/A,normal,0,0,none,not_tb,0,not_applicable
4168,38,M,21.4,0,0,0,1,0,1,0,1,1,0,2,0,1,not_detected,cavity,1,1,pulmonary,smear_negative_ptb,0,completed
4169,30,M,26.7,0,0,0,0,0,0,0,0,0,0,0,0,0,N/A,normal,0,0,none,not_tb,0,not_applicable
4170,33,M,19.8,0,0,0,1,1,1,0,0,1,0,3,0,0,N/A,normal,0,0,none,not_tb,0,not_applicable
4171,54,F,22.6,0,0,0,0,0,0,0,0,0,0,0,0,0,N/A,normal,0,0,none,not_tb,0,not_applicable
4172,19,F,21.7,0,0,0,0,0,0,0,0,0,0,0,0,0,N/A,normal,0,0,none,not_tb,0,not_applicable
4173,39,F,21.4,0,0,0,0,1,1,1,1,0,1,2,0,1,not_detected,miliary,1,1,pulmonary,smear_negative_ptb,0,cured
4174,31,M,17.2,1,1,9,1,0,1,1,0,1,1,3,0,0,N/A,miliary,1,1,pulmonary,smear_negative_ptb,0,completed
4175,66,F,17.6,0,1,5,1,1,0,0,1,1,0,3,0,1,detected,cavity,1,1,pulmonary,smear_negative_ptb,0,cured
4176,21,M,21.9,0,1,3,0,1,1,0,0,0,1,3,0,1,not_detected,normal,0,1,pulmonary,smear_negative_ptb,0,cured
4177,20,F,18.5,0,1,2,0,0,0,0,0,0,0,1,0,0,N/A,other_pathology,1,0,none,not_tb,0,not_applicable
4178,60,F,20.3,0,0,0,0,0,0,0,0,0,0,0,0,1,not_detected,normal,0,0,none,not_tb,0,not_applicable
4179,30,F,22.5,1,0,0,0,0,0,0,0,0,0,0,0,0,N/A,normal,0,0,none,not_tb,0,not_applicable
4180,47,F,27.3,0,0,0,0,0,0,0,0,0,0,0,0,0,N/A,normal,0,0,none,not_tb,0,not_applicable
4181,30,F,17.8,0,1,4,0,0,0,0,0,0,0,1,0,0,N/A,normal,0,0,none,not_tb,0,not_applicable
4182,48,M,19.5,0,0,0,0,0,1,0,0,0,0,1,0,0,N/A,old_tb_scar,1,0,none,not_tb,0,not_applicable
4183,19,F,24.1,0,0,0,0,0,0,0,0,0,0,0,0,0,N/A,normal,0,0,none,not_tb,0,not_applicable
4184,23,M,20.4,0,1,6,0,0,0,0,1,1,0,1,1,1,not_detected,normal,0,1,pulmonary,smear_positive_ptb,0,completed
4185,65,F,19.0,1,1,7,1,0,0,0,0,1,0,2,0,0,N/A,pleural_effusion,1,1,extrapulmonary,extrapulmonary_tb,0,cured
4186,50,F,21.6,0,0,0,0,0,0,0,0,0,0,0,0,0,N/A,old_tb_scar,1,0,none,not_tb,0,not_applicable
4187,54,M,22.5,0,0,0,0,0,0,0,0,0,1,0,0,0,N/A,normal,0,0,none,not_tb,0,not_applicable
4188,61,M,16.7,0,1,6,0,0,0,0,0,0,0,1,0,0,N/A,normal,0,0,none,not_tb,0,not_applicable
4189,38,M,18.8,0,1,4,1,0,1,0,0,1,0,3,0,1,not_detected,normal,0,1,pulmonary,smear_negative_ptb,0,died
4190,25,M,27.2,1,0,0,0,0,0,0,0,1,0,0,0,0,N/A,other_pathology,1,0,none,not_tb,0,not_applicable
4191,24,M,15.2,0,1,5,0,1,0,0,0,1,1,2,1,1,not_detected,infiltrate,1,1,pulmonary,smear_positive_ptb,0,failed
4192,16,F,19.3,0,0,0,1,0,0,0,0,0,0,1,0,0,N/A,normal,0,0,none,not_tb,0,not_applicable
4193,42,M,20.6,0,0,0,0,0,0,0,0,0,0,0,0,0,N/A,normal,0,0,none,not_tb,0,not_applicable
4194,23,F,20.8,0,0,0,0,0,0,0,0,0,0,0,0,0,N/A,normal,0,0,none,not_tb,0,not_applicable
4195,38,M,28.4,0,0,0,0,0,0,0,0,0,0,0,0,0,N/A,normal,0,0,none,not_tb,0,not_applicable
4196,33,M,18.7,1,0,0,0,0,0,0,0,0,0,0,0,0,N/A,normal,0,0,none,not_tb,0,not_applicable
4197,36,M,18.0,0,0,0,0,0,0,0,0,1,0,0,0,0,N/A,normal,0,0,none,not_tb,0,not_applicable
4198,50,F,20.4,0,1,9,0,1,0,1,0,0,1,2,0,1,not_detected,miliary,1,1,pulmonary,smear_negative_ptb,0,cured
4199,60,M,16.9,0,0,0,1,1,1,1,0,1,1,3,1,1,not_detected,cavity,1,1,pulmonary,smear_positive_ptb,0,completed
4200,35,M,24.8,0,0,0,0,0,0,0,0,0,0,0,0,0,N/A,normal,0,0,none,not_tb,0,not_applicable
4201,32,M,21.3,0,0,0,0,0,0,0,0,0,0,0,0,1,not_detected,other_pathology,1,0,none,not_tb,0,not_applicable
4202,49,F,23.6,0,0,0,1,0,0,0,0,1,0,1,0,0,N/A,other_pathology,1,0,none,not_tb,0,not_applicable
4203,40,M,14.6,0,1,7,1,0,0,0,0,1,0,2,1,1,not_detected,cavity,1,1,pulmonary,smear_positive_ptb,0,lost_to_followup
4204,73,F,19.6,0,1,10,1,1,0,0,1,1,0,3,0,1,not_detected,infiltrate,1,1,pulmonary,smear_negative_ptb,0,cured
4205,47,F,22.8,1,0,0,0,0,1,0,1,0,0,1,0,0,N/A,old_tb_scar,1,0,none,not_tb,0,not_applicable
4206,23,F,21.1,0,0,0,0,0,0,0,0,0,0,0,0,0,N/A,infiltrate,1,0,none,not_tb,0,not_applicable
4207,59,M,17.7,0,0,0,0,0,0,0,0,1,0,0,0,0,N/A,normal,0,0,none,not_tb,0,not_applicable
4208,45,M,19.0,1,1,5,0,1,0,0,1,0,0,2,0,1,not_detected,miliary,1,1,pulmonary,smear_negative_ptb,0,cured
4209,37,M,20.3,1,0,0,1,1,1,0,1,1,1,3,0,0,N/A,normal,0,1,extrapulmonary,extrapulmonary_tb,0,died
4210,18,M,20.1,0,0,0,0,0,1,0,0,0,0,1,0,0,N/A,normal,0,0,none,not_tb,0,not_applicable
4211,57,F,20.2,0,1,2,0,0,0,0,0,0,0,1,0,0,N/A,other_pathology,1,0,none,not_tb,0,not_applicable
4212,58,M,20.5,1,1,5,1,0,1,1,0,0,0,3,1,1,not_detected,cavity,1,1,pulmonary,smear_positive_ptb,0,cured
4213,33,M,22.8,1,1,7,0,0,0,0,0,1,1,1,1,1,not_detected,cavity,1,1,pulmonary,smear_positive_ptb,0,cured
4214,66,M,25.3,0,0,0,0,0,0,0,1,0,0,0,0,0,N/A,other_pathology,1,0,none,not_tb,0,not_applicable
4215,49,M,19.1,0,1,5,1,1,0,0,1,1,1,3,1,1,not_detected,infiltrate,1,1,pulmonary,smear_positive_ptb,0,cured
4216,52,M,21.1,0,0,0,1,0,0,0,0,1,0,1,0,0,N/A,normal,0,0,none,not_tb,0,not_applicable
4217,29,F,21.9,0,1,6,0,0,0,0,0,0,0,1,0,0,N/A,normal,0,0,none,not_tb,0,not_applicable
4218,33,M,15.2,0,1,6,1,0,0,0,1,1,0,2,1,1,not_detected,cavity,1,1,pulmonary,smear_positive_ptb,0,cured
4219,27,F,21.5,1,0,0,0,0,0,0,0,0,0,0,0,0,N/A,normal,0,0,none,not_tb,0,not_applicable
4220,42,F,21.3,0,1,6,1,0,0,0,0,1,1,2,1,1,not_detected,infiltrate,1,1,pulmonary,smear_positive_ptb,0,lost_to_followup
4221,39,M,22.1,0,0,0,0,0,0,0,0,0,0,0,0,1,not_detected,other_pathology,1,0,none,not_tb,0,not_applicable
4222,45,M,19.8,0,0,0,0,0,0,0,0,0,0,0,0,0,N/A,normal,0,0,none,not_tb,0,not_applicable
4223,54,M,19.5,0,0,0,1,0,0,0,0,1,1,1,0,0,N/A,normal,0,0,none,not_tb,0,not_applicable
4224,44,M,21.9,0,0,0,0,0,0,0,0,0,0,0,0,0,N/A,normal,0,0,none,not_tb,0,not_applicable
4225,17,M,17.7,0,1,4,0,0,0,0,0,1,0,1,0,0,N/A,old_tb_scar,1,0,none,not_tb,0,not_applicable
4226,54,F,16.2,1,1,2,0,1,0,0,1,1,0,2,0,1,not_detected,infiltrate,1,1,pulmonary,smear_negative_ptb,0,completed
4227,45,F,27.4,0,0,0,1,0,0,0,0,0,1,1,0,0,N/A,normal,0,0,none,not_tb,0,not_applicable
4228,27,M,15.9,0,0,0,1,1,1,0,0,0,0,3,1,1,not_detected,pleural_effusion,1,1,pulmonary,smear_positive_ptb,0,cured
4229,32,M,19.2,0,0,0,0,1,0,0,0,1,0,1,0,1,not_detected,normal,0,0,none,not_tb,0,not_applicable
4230,49,M,19.2,0,1,5,1,1,1,0,1,1,0,4,0,0,N/A,normal,0,1,extrapulmonary,extrapulmonary_tb,0,cured
4231,36,F,17.4,1,1,4,0,1,1,0,1,1,1,3,1,1,not_detected,pleural_effusion,1,1,pulmonary,smear_positive_ptb,0,cured
4232,21,M,22.3,0,0,0,0,0,0,0,0,0,0,0,0,0,N/A,normal,0,0,none,not_tb,0,not_applicable
4233,38,F,25.0,1,0,0,1,0,0,0,1,0,0,1,0,0,N/A,normal,0,0,none,not_tb,0,not_applicable
4234,28,F,14.6,1,1,3,1,1,1,0,0,0,0,4,0,1,not_detected,normal,0,1,extrapulmonary,extrapulmonary_tb,0,completed
4235,42,M,24.6,0,0,0,0,0,0,0,0,1,0,0,0,0,N/A,normal,0,0,none,not_tb,0,not_applicable
4236,33,M,20.0,0,0,0,0,0,0,0,0,0,0,0,0,0,N/A,normal,0,0,none,not_tb,0,not_applicable
4237,52,M,21.0,0,0,0,1,0,0,0,0,1,0,1,0,0,N/A,normal,0,0,none,not_tb,0,not_applicable
4238,30,F,28.7,0,0,0,0,0,0,0,0,0,0,0,0,0,N/A,old_tb_scar,1,0,none,not_tb,0,not_applicable
4239,39,M,15.0,1,1,3,0,0,1,0,0,1,1,2,0,1,not_detected,infiltrate,1,1,pulmonary,smear_negative_ptb,0,cured
4240,54,F,24.1,1,0,0,0,0,0,0,0,1,0,0,0,0,N/A,normal,0,0,none,not_tb,0,not_applicable
4241,32,F,21.3,1,1,7,1,1,1,0,1,1,1,4,1,1,not_detected,infiltrate,1,1,pulmonary,smear_positive_ptb,0,cured
4242,32,F,19.6,0,0,0,0,0,1,0,0,1,0,1,0,0,N/A,normal,0,0,none,not_tb,0,not_applicable
4243,32,M,16.8,1,1,3,0,1,1,0,0,1,1,3,0,1,detected,infiltrate,1,1,pulmonary,smear_negative_ptb,1,cured
4244,53,M,20.7,0,0,0,0,0,0,0,0,0,1,0,0,0,N/A,normal,0,0,none,not_tb,0,not_applicable
4245,53,F,19.6,0,0,0,0,0,0,0,1,0,0,0,0,0,N/A,other_pathology,1,0,none,not_tb,0,not_applicable
4246,36,M,22.2,0,0,0,0,0,0,0,0,1,0,0,0,0,N/A,normal,0,0,none,not_tb,0,not_applicable
4247,41,F,25.1,0,0,0,0,0,0,0,0,0,0,0,0,0,N/A,normal,0,0,none,not_tb,0,not_applicable
4248,41,M,17.6,1,1,7,1,1,1,0,0,1,1,4,0,1,not_detected,cavity,1,1,pulmonary,smear_negative_ptb,0,completed
4249,28,M,20.8,0,1,6,0,1,0,0,0,1,0,2,1,1,not_detected,infiltrate,1,1,pulmonary,smear_positive_ptb,0,cured
4250,47,F,26.9,0,0,0,0,0,0,0,0,1,1,0,0,1,not_detected,old_tb_scar,1,0,none,not_tb,0,not_applicable
4251,55,M,23.5,0,0,0,0,0,0,0,0,0,0,0,0,0,N/A,normal,0,0,none,not_tb,0,not_applicable
4252,70,M,23.8,0,0,0,0,0,0,0,0,0,0,0,0,0,N/A,normal,0,0,none,not_tb,0,not_applicable
4253,42,M,17.0,1,0,0,0,1,0,0,0,1,0,1,0,1,detected,normal,0,1,extrapulmonary,extrapulmonary_tb,1,cured
4254,51,M,12.8,0,0,0,0,0,0,0,0,0,0,0,0,0,N/A,old_tb_scar,1,0,none,not_tb,0,not_applicable
4255,48,F,24.0,0,0,0,0,0,0,0,0,0,0,0,0,0,N/A,normal,0,0,none,not_tb,0,not_applicable
4256,32,M,20.5,1,1,2,0,0,0,0,1,1,0,1,0,1,detected,pleural_effusion,1,1,extrapulmonary,extrapulmonary_tb,1,cured
4257,31,M,22.8,0,1,4,0,1,0,0,0,0,0,2,0,0,N/A,infiltrate,1,0,none,not_tb,0,not_applicable
4258,28,M,20.8,0,0,0,1,1,0,0,0,1,0,2,1,1,not_detected,normal,0,1,pulmonary,smear_positive_ptb,0,cured
4259,37,F,17.1,0,1,6,0,0,1,0,0,1,1,2,1,1,detected,infiltrate,1,1,pulmonary,smear_positive_ptb,1,completed
4260,41,M,23.8,0,0,0,0,0,0,0,0,0,0,0,0,0,N/A,old_tb_scar,1,0,none,not_tb,0,not_applicable
4261,22,F,27.2,0,0,0,0,0,0,0,0,0,0,0,0,0,N/A,old_tb_scar,1,0,none,not_tb,0,not_applicable
4262,28,F,24.3,1,0,0,0,0,0,0,0,0,0,0,0,0,N/A,normal,0,0,none,not_tb,0,not_applicable
4263,27,M,21.9,1,1,5,0,1,1,0,0,1,0,3,0,1,not_detected,cavity,1,1,pulmonary,smear_negative_ptb,0,completed
4264,56,F,26.7,0,0,0,0,0,0,0,0,0,0,0,0,1,not_detected,normal,0,0,none,not_tb,0,not_applicable
4265,49,F,17.7,0,0,0,0,0,0,0,0,0,0,0,0,0,N/A,normal,0,0,none,not_tb,0,not_applicable
4266,37,M,24.5,0,0,0,0,0,0,0,0,0,0,0,0,0,N/A,normal,0,0,none,not_tb,0,not_applicable
4267,64,M,19.8,0,0,0,0,0,0,0,0,0,0,0,0,0,N/A,normal,0,0,none,not_tb,0,not_applicable
4268,41,F,18.1,0,0,0,0,0,1,0,0,0,0,1,0,0,N/A,normal,0,0,none,not_tb,0,not_applicable
4269,36,F,21.0,0,0,0,0,0,0,0,0,0,0,0,0,0,N/A,normal,0,0,none,not_tb,0,not_applicable
4270,54,F,28.1,0,1,2,0,0,0,0,0,1,0,1,0,0,N/A,normal,0,0,none,not_tb,0,not_applicable
4271,40,F,20.1,0,0,0,0,0,0,0,0,0,0,0,0,0,N/A,other_pathology,1,0,none,not_tb,0,not_applicable
4272,21,M,14.1,0,1,3,0,0,1,0,1,1,0,2,0,1,not_detected,infiltrate,1,1,pulmonary,smear_negative_ptb,0,completed
4273,38,F,16.9,0,1,2,0,0,0,0,0,0,0,1,0,0,N/A,other_pathology,1,0,none,not_tb,0,not_applicable
4274,65,F,23.7,0,0,0,0,0,0,0,0,0,0,0,0,0,N/A,normal,0,0,none,not_tb,0,not_applicable
4275,29,M,19.3,0,0,0,0,0,0,0,0,0,0,0,0,0,N/A,normal,0,0,none,not_tb,0,not_applicable
4276,32,M,14.8,0,0,0,0,0,0,0,0,0,0,0,0,0,N/A,normal,0,0,none,not_tb,0,not_applicable
4277,48,M,17.1,1,0,0,0,0,0,0,0,1,0,0,0,0,N/A,normal,0,0,none,not_tb,0,not_applicable
4278,49,F,22.6,0,0,0,0,0,0,0,0,1,0,0,0,0,N/A,normal,0,0,none,not_tb,0,not_applicable
4279,17,M,20.4,0,0,0,1,1,0,1,1,0,0,2,1,1,not_detected,cavity,1,1,pulmonary,smear_positive_ptb,0,cured
4280,44,F,17.4,0,1,8,1,1,1,0,0,1,0,4,1,1,not_detected,infiltrate,1,1,pulmonary,smear_positive_ptb,0,cured
4281,52,M,20.1,1,0,0,1,0,1,0,0,1,0,2,1,1,not_detected,cavity,1,1,pulmonary,smear_positive_ptb,0,cured
4282,29,M,25.2,0,1,2,0,0,0,0,0,0,0,1,0,0,N/A,normal,0,0,none,not_tb,0,not_applicable
4283,29,F,16.5,0,1,6,1,1,0,1,0,0,1,3,1,1,not_detected,infiltrate,1,1,pulmonary,smear_positive_ptb,0,cured
4284,63,M,18.2,0,1,3,0,1,1,0,0,1,1,3,0,0,N/A,pleural_effusion,1,1,extrapulmonary,extrapulmonary_tb,0,cured
4285,34,F,17.0,1,1,7,1,1,1,0,1,1,1,4,1,1,detected,infiltrate,1,1,pulmonary,smear_positive_ptb,1,failed
4286,50,M,23.9,0,0,0,1,0,0,0,0,0,0,1,0,0,N/A,normal,0,0,none,not_tb,0,not_applicable
4287,51,F,19.9,1,0,0,0,0,0,0,0,1,0,0,0,0,N/A,infiltrate,1,0,none,not_tb,0,not_applicable
4288,53,M,17.8,0,0,0,1,0,0,0,0,0,0,1,0,0,N/A,normal,0,0,none,not_tb,0,not_applicable
4289,37,F,18.6,0,1,8,1,0,1,0,1,1,1,3,0,0,N/A,miliary,1,1,pulmonary,smear_negative_ptb,0,cured
4290,51,F,25.9,0,0,0,0,0,0,0,0,0,1,0,0,0,N/A,normal,0,0,none,not_tb,0,not_applicable
4291,45,M,19.8,0,1,6,1,1,0,0,1,1,0,3,1,1,not_detected,miliary,1,1,pulmonary,smear_positive_ptb,0,cured
4292,55,M,21.0,0,1,2,1,1,1,1,1,0,1,4,0,0,N/A,normal,0,1,extrapulmonary,extrapulmonary_tb,0,completed
4293,30,M,25.2,0,0,0,0,0,0,0,0,0,0,0,0,0,N/A,normal,0,0,none,not_tb,0,not_applicable
4294,36,F,22.1,0,0,0,0,0,0,0,0,0,0,0,0,0,N/A,infiltrate,1,0,none,not_tb,0,not_applicable
4295,37,F,19.9,0,0,0,0,0,0,0,0,1,0,0,0,0,N/A,normal,0,0,none,not_tb,0,not_applicable
4296,49,M,19.0,1,0,0,0,0,0,0,0,0,1,0,0,0,N/A,normal,0,0,none,not_tb,0,not_applicable
4297,18,M,16.4,0,0,0,0,0,0,0,0,1,0,0,0,0,N/A,normal,0,0,none,not_tb,0,not_applicable
4298,40,F,21.5,1,1,3,1,0,0,0,1,1,1,2,0,0,N/A,infiltrate,1,1,extrapulmonary,extrapulmonary_tb,0,completed
4299,51,M,20.8,0,0,0,0,0,0,0,1,0,0,0,0,0,N/A,infiltrate,1,0,none,not_tb,0,not_applicable
4300,36,F,16.0,0,0,0,0,0,0,0,0,0,0,0,0,0,N/A,normal,0,0,none,not_tb,0,not_applicable
4301,53,M,21.6,0,0,0,1,0,0,0,0,1,1,1,0,1,not_detected,miliary,1,1,pulmonary,smear_negative_ptb,0,completed
4302,54,F,22.3,0,1,2,0,0,0,0,1,1,0,1,0,0,N/A,old_tb_scar,1,0,none,not_tb,0,not_applicable
4303,43,F,20.9,1,1,6,1,1,0,0,0,1,1,3,1,1,not_detected,infiltrate,1,1,pulmonary,smear_positive_ptb,0,completed
4304,23,M,17.8,0,1,3,1,1,1,0,0,1,0,4,0,1,not_detected,cavity,1,1,pulmonary,smear_negative_ptb,0,completed
4305,61,M,16.5,0,1,3,0,1,0,0,1,1,1,2,1,1,not_detected,infiltrate,1,1,pulmonary,smear_positive_ptb,0,cured
4306,43,M,19.6,1,1,2,1,0,1,0,1,1,1,3,1,1,not_detected,pleural_effusion,1,1,pulmonary,smear_positive_ptb,0,cured
4307,67,M,23.9,0,1,3,0,0,0,0,0,0,0,1,0,0,N/A,old_tb_scar,1,0,none,not_tb,0,not_applicable
4308,49,M,21.0,0,0,0,0,0,0,0,0,0,0,0,0,0,N/A,normal,0,0,none,not_tb,0,not_applicable
4309,42,F,26.6,0,1,5,0,1,0,0,0,0,0,2,0,0,N/A,old_tb_scar,1,0,none,not_tb,0,not_applicable
4310,42,F,25.3,1,0,0,0,0,0,0,1,1,0,0,0,0,N/A,normal,0,0,none,not_tb,0,not_applicable
4311,36,M,24.0,1,0,0,0,0,0,0,0,1,1,0,0,0,N/A,other_pathology,1,0,none,not_tb,0,not_applicable
4312,25,F,18.1,0,0,0,0,0,0,0,0,1,0,0,0,0,N/A,normal,0,0,none,not_tb,0,not_applicable
4313,35,M,17.6,0,0,0,0,0,0,0,0,0,0,0,0,0,N/A,other_pathology,1,0,none,not_tb,0,not_applicable
4314,59,F,26.2,0,0,0,0,0,0,0,0,1,0,0,0,0,N/A,normal,0,0,none,not_tb,0,not_applicable
4315,29,M,14.3,1,1,2,0,0,0,0,0,0,1,1,0,0,N/A,normal,0,0,none,not_tb,0,not_applicable
4316,17,F,21.7,0,1,2,1,0,0,0,0,0,0,2,0,0,N/A,normal,0,0,none,not_tb,0,not_applicable
4317,52,F,18.9,0,1,2,0,1,1,0,0,1,1,3,0,1,not_detected,infiltrate,1,1,pulmonary,smear_negative_ptb,0,died
4318,37,F,20.3,0,0,0,0,0,0,0,0,0,1,0,0,0,N/A,other_pathology,1,0,none,not_tb,0,not_applicable
4319,47,F,21.9,0,0,0,0,0,0,0,0,0,0,0,0,0,N/A,old_tb_scar,1,0,none,not_tb,0,not_applicable
4320,35,M,19.6,0,1,2,0,0,1,1,1,0,1,2,0,0,N/A,normal,0,1,extrapulmonary,extrapulmonary_tb,0,cured
4321,17,F,19.9,0,0,0,0,0,0,0,0,0,0,0,0,0,N/A,normal,0,0,none,not_tb,0,not_applicable
4322,33,M,25.1,0,0,0,0,0,0,0,0,1,0,0,0,0,N/A,old_tb_scar,1,0,none,not_tb,0,not_applicable
4323,43,F,20.0,0,1,4,1,0,0,1,1,1,1,2,0,1,not_detected,normal,0,1,pulmonary,smear_negative_ptb,0,cured
4324,55,M,18.1,0,1,6,1,1,0,0,1,0,1,3,0,1,not_detected,cavity,1,1,pulmonary,smear_negative_ptb,0,completed
4325,34,M,19.1,0,0,0,0,0,0,0,0,1,0,0,0,0,N/A,other_pathology,1,0,none,not_tb,0,not_applicable
4326,35,M,18.3,0,1,3,1,0,1,0,0,1,1,3,1,1,not_detected,infiltrate,1,1,pulmonary,smear_positive_ptb,0,cured
4327,26,M,29.4,1,0,0,0,0,0,0,0,0,0,0,0,0,N/A,normal,0,0,none,not_tb,0,not_applicable
4328,33,F,19.3,0,0,0,0,0,0,0,1,0,0,0,0,0,N/A,old_tb_scar,1,0,none,not_tb,0,not_applicable
4329,59,F,22.3,1,0,0,1,0,0,0,1,1,1,1,0,1,detected,cavity,1,1,pulmonary,smear_negative_ptb,1,completed
4330,62,F,14.1,0,1,4,1,1,0,0,1,1,1,3,1,1,not_detected,infiltrate,1,1,pulmonary,smear_positive_ptb,0,cured
4331,37,M,19.0,0,0,0,0,0,1,0,0,0,0,1,0,0,N/A,old_tb_scar,1,0,none,not_tb,0,not_applicable
4332,34,F,20.1,1,0,0,0,0,0,0,1,0,0,0,0,0,N/A,normal,0,0,none,not_tb,0,not_applicable
4333,38,M,20.9,1,0,0,1,0,0,0,1,1,1,1,0,1,not_detected,infiltrate,1,1,pulmonary,smear_negative_ptb,0,cured
4334,54,M,22.2,1,0,0,0,0,0,0,0,1,0,0,0,0,N/A,other_pathology,1,0,none,not_tb,0,not_applicable
4335,38,F,26.6,1,0,0,0,0,0,1,0,0,0,0,0,0,N/A,normal,0,0,none,not_tb,0,not_applicable
4336,54,M,17.7,0,1,10,1,0,0,0,1,1,1,2,1,1,not_detected,pleural_effusion,1,1,pulmonary,smear_positive_ptb,0,cured
4337,17,M,21.8,0,0,0,0,0,0,0,0,0,1,0,0,0,N/A,normal,0,0,none,not_tb,0,not_applicable
4338,35,M,20.8,0,0,0,0,0,0,0,0,0,0,0,0,0,N/A,normal,0,0,none,not_tb,0,not_applicable
4339,49,M,29.1,0,0,0,1,0,0,0,0,1,1,1,0,0,N/A,normal,0,0,none,not_tb,0,not_applicable
4340,39,F,18.1,0,0,0,1,0,1,0,0,0,0,2,0,0,N/A,other_pathology,1,0,none,not_tb,0,not_applicable
4341,57,M,17.2,0,1,3,0,1,0,0,0,1,0,2,0,1,not_detected,infiltrate,1,1,pulmonary,smear_negative_ptb,0,completed
4342,54,M,18.6,0,0,0,0,0,0,0,0,0,0,0,0,0,N/A,normal,0,0,none,not_tb,0,not_applicable
4343,39,M,24.0,0,1,3,0,0,0,0,0,0,0,1,0,0,N/A,normal,0,0,none,not_tb,0,not_applicable
4344,22,M,15.6,0,1,3,1,1,1,0,0,1,0,4,1,1,not_detected,cavity,1,1,pulmonary,smear_positive_ptb,0,cured
4345,29,F,23.1,1,1,6,0,1,1,0,0,1,1,3,1,1,detected,infiltrate,1,1,pulmonary,smear_positive_ptb,1,completed
4346,41,F,22.3,1,0,0,0,0,0,0,0,1,0,0,0,0,N/A,normal,0,0,none,not_tb,0,not_applicable
4347,49,F,23.4,0,0,0,0,0,0,0,0,0,0,0,0,0,N/A,normal,0,0,none,not_tb,0,not_applicable
4348,22,F,19.7,0,1,2,1,1,0,1,1,0,1,3,1,1,not_detected,normal,0,1,pulmonary,smear_positive_ptb,0,completed
4349,49,M,21.9,0,1,3,0,0,0,0,0,0,0,1,0,0,N/A,normal,0,0,none,not_tb,0,not_applicable
4350,52,F,22.4,1,0,0,0,0,0,0,0,0,0,0,0,0,N/A,normal,0,0,none,not_tb,0,not_applicable
4351,46,M,22.3,0,0,0,0,0,0,0,0,0,0,0,0,0,N/A,normal,0,0,none,not_tb,0,not_applicable
4352,42,M,23.8,0,0,0,0,0,0,0,0,0,1,0,0,0,N/A,infiltrate,1,0,none,not_tb,0,not_applicable
4353,48,F,16.4,1,1,3,1,1,1,0,0,0,1,4,1,1,detected,normal,0,1,pulmonary,smear_positive_ptb,1,lost_to_followup
4354,30,M,18.5,0,0,0,0,0,0,0,0,0,0,0,0,0,N/A,old_tb_scar,1,0,none,not_tb,0,not_applicable
4355,43,F,20.6,0,1,7,0,0,1,0,0,1,1,2,0,1,not_detected,infiltrate,1,1,pulmonary,smear_negative_ptb,0,lost_to_followup
4356,30,F,22.0,1,0,0,0,0,0,0,0,0,0,0,0,0,N/A,old_tb_scar,1,0,none,not_tb,0,not_applicable
4357,42,F,15.0,0,0,0,0,0,0,0,0,1,0,0,0,0,N/A,normal,0,0,none,not_tb,0,not_applicable
4358,43,M,20.3,1,0,0,0,0,1,0,0,0,0,1,0,0,N/A,normal,0,0,none,not_tb,0,not_applicable
4359,37,M,22.3,0,0,0,1,1,1,0,1,1,1,3,0,1,not_detected,infiltrate,1,1,pulmonary,smear_negative_ptb,0,cured
4360,55,F,21.4,1,0,0,0,0,0,0,1,0,0,0,0,0,N/A,normal,0,0,none,not_tb,0,not_applicable
4361,52,M,20.1,1,0,0,0,0,1,0,0,0,0,1,0,0,N/A,normal,0,0,none,not_tb,0,not_applicable
4362,22,M,16.8,0,0,0,0,0,0,0,0,0,1,0,0,0,N/A,normal,0,0,none,not_tb,0,not_applicable
4363,43,F,17.1,0,0,0,1,1,0,1,0,0,1,2,1,1,not_detected,cavity,1,1,pulmonary,smear_positive_ptb,0,completed
4364,33,F,15.6,1,0,0,1,0,0,0,0,1,1,1,0,0,N/A,normal,0,1,extrapulmonary,extrapulmonary_tb,0,cured
4365,51,F,19.6,0,0,0,1,0,1,0,0,1,0,2,1,1,not_detected,infiltrate,1,1,pulmonary,smear_positive_ptb,0,cured
4366,47,M,18.6,0,1,7,1,0,1,0,0,1,0,3,0,1,detected,infiltrate,1,1,pulmonary,smear_negative_ptb,1,lost_to_followup
4367,58,M,20.7,0,0,0,0,0,0,0,0,0,0,0,0,0,N/A,normal,0,0,none,not_tb,0,not_applicable
4368,26,F,19.3,0,0,0,0,0,0,1,0,0,0,0,0,0,N/A,normal,0,0,none,not_tb,0,not_applicable
4369,39,M,27.3,0,0,0,0,0,0,0,1,0,0,0,0,0,N/A,other_pathology,1,0,none,not_tb,0,not_applicable
4370,32,M,16.7,0,1,7,1,1,1,0,0,1,1,4,0,1,not_detected,cavity,1,1,pulmonary,smear_negative_ptb,0,lost_to_followup
4371,35,M,16.7,0,1,2,0,1,0,0,1,0,1,2,0,1,not_detected,normal,0,1,pulmonary,smear_negative_ptb,0,cured
4372,43,M,21.1,0,0,0,1,0,1,0,0,0,0,2,0,0,N/A,infiltrate,1,0,none,not_tb,0,not_applicable
4373,29,M,18.2,1,1,9,0,0,0,0,1,1,1,1,0,1,not_detected,pleural_effusion,1,1,pulmonary,smear_negative_ptb,0,lost_to_followup
4374,39,M,23.7,1,1,2,0,0,0,0,0,0,0,1,0,0,N/A,normal,0,0,none,not_tb,0,not_applicable
4375,30,F,20.8,0,1,8,1,1,0,0,1,0,1,3,0,0,N/A,normal,0,1,extrapulmonary,extrapulmonary_tb,0,completed
4376,34,M,20.6,1,0,0,1,1,1,0,0,1,1,3,0,0,N/A,infiltrate,1,1,extrapulmonary,extrapulmonary_tb,0,died
4377,39,F,30.5,0,0,0,0,0,0,0,0,0,0,0,0,0,N/A,normal,0,0,none,not_tb,0,not_applicable
4378,37,M,14.3,0,0,0,1,1,1,0,0,1,0,3,0,0,N/A,pleural_effusion,1,1,pulmonary,smear_negative_ptb,1,completed
4379,38,F,22.8,0,0,0,0,0,1,0,0,0,0,1,0,0,N/A,infiltrate,1,0,none,not_tb,0,not_applicable
4380,30,M,20.2,0,0,0,0,0,0,0,0,0,0,0,0,0,N/A,normal,0,0,none,not_tb,0,not_applicable
4381,50,M,23.5,0,0,0,1,0,1,0,1,1,0,2,0,1,not_detected,normal,0,1,pulmonary,smear_negative_ptb,0,cured
4382,43,M,22.6,0,0,0,0,0,0,0,1,0,0,0,0,0,N/A,normal,0,0,none,not_tb,0,not_applicable
4383,28,M,13.4,1,1,2,1,1,0,0,0,0,0,3,1,1,not_detected,infiltrate,1,1,pulmonary,smear_positive_ptb,0,cured
4384,45,M,23.5,1,1,4,0,0,0,0,1,0,0,1,0,0,N/A,normal,0,0,none,not_tb,0,not_applicable
4385,63,F,19.2,0,1,8,1,0,0,0,1,1,1,2,1,1,not_detected,cavity,1,1,pulmonary,smear_positive_ptb,0,failed
4386,34,F,24.7,0,0,0,0,0,0,0,0,0,0,0,0,0,N/A,old_tb_scar,1,0,none,not_tb,0,not_applicable
4387,55,M,19.5,0,0,0,0,0,0,0,0,0,0,0,0,0,N/A,normal,0,0,none,not_tb,0,not_applicable
4388,67,M,19.3,0,0,0,1,1,1,0,0,0,0,3,0,1,not_detected,miliary,1,1,pulmonary,smear_negative_ptb,0,cured
4389,40,F,17.8,1,1,5,1,1,1,1,1,0,0,4,0,1,not_detected,normal,0,1,extrapulmonary,extrapulmonary_tb,0,cured
4390,54,F,16.8,0,1,4,1,0,0,0,0,1,0,2,0,1,not_detected,miliary,1,1,pulmonary,smear_negative_ptb,0,cured
4391,53,M,19.4,0,0,0,0,0,1,0,0,0,0,1,1,1,not_detected,pleural_effusion,1,1,pulmonary,smear_positive_ptb,0,cured
4392,38,F,18.9,0,1,3,1,1,1,0,1,1,1,4,1,1,not_detected,miliary,1,1,pulmonary,smear_positive_ptb,0,cured
4393,60,M,25.7,0,0,0,0,0,0,0,0,1,0,0,0,0,N/A,normal,0,0,none,not_tb,0,not_applicable
4394,38,F,22.1,0,0,0,1,0,0,0,0,1,1,1,0,0,N/A,other_pathology,1,0,none,not_tb,0,not_applicable
4395,27,M,20.0,1,1,7,0,0,1,0,0,1,1,2,1,0,N/A,infiltrate,1,1,pulmonary,smear_positive_ptb,0,cured
4396,35,M,15.5,0,1,3,0,0,1,0,0,1,1,2,1,1,not_detected,infiltrate,1,1,pulmonary,smear_positive_ptb,0,cured
4397,39,M,22.0,1,1,4,1,0,1,1,1,1,0,3,0,0,N/A,infiltrate,1,1,extrapulmonary,extrapulmonary_tb,0,completed
4398,39,F,19.3,1,0,0,0,0,0,0,0,0,0,0,0,0,N/A,normal,0,0,none,not_tb,0,not_applicable
4399,29,M,25.2,0,0,0,0,0,0,0,0,0,1,0,0,0,N/A,other_pathology,1,0,none,not_tb,0,not_applicable
4400,34,F,22.9,1,0,0,0,0,0,0,0,0,0,0,0,0,N/A,other_pathology,1,0,none,not_tb,0,not_applicable
4401,42,F,18.8,1,0,0,0,0,1,0,1,1,1,1,0,1,detected,infiltrate,1,1,pulmonary,smear_negative_ptb,1,failed
4402,46,F,20.4,0,1,2,1,1,1,1,0,1,1,4,1,1,not_detected,miliary,1,1,pulmonary,smear_positive_ptb,0,lost_to_followup
4403,46,M,14.5,0,0,0,0,0,0,0,0,1,0,0,0,0,N/A,normal,0,0,none,not_tb,0,not_applicable
4404,35,M,20.0,0,0,0,0,0,0,0,0,0,0,0,0,0,N/A,normal,0,0,none,not_tb,0,not_applicable
4405,38,M,20.4,0,1,4,0,1,0,0,0,1,1,2,0,0,N/A,infiltrate,1,1,pulmonary,smear_negative_ptb,0,cured
4406,29,F,23.3,1,1,8,1,1,1,0,1,1,1,4,0,0,N/A,normal,0,1,extrapulmonary,extrapulmonary_tb,0,completed
4407,33,F,18.4,0,0,0,1,1,0,1,1,0,0,2,0,1,not_detected,pleural_effusion,1,1,pulmonary,smear_negative_ptb,0,cured
4408,52,M,13.5,0,0,0,0,0,0,0,0,0,0,0,0,0,N/A,normal,0,0,none,not_tb,0,not_applicable
4409,71,F,20.9,0,0,0,0,0,0,0,0,0,1,0,0,0,N/A,normal,0,0,none,not_tb,0,not_applicable
4410,39,M,21.8,0,0,0,0,0,0,0,0,0,0,0,0,0,N/A,normal,0,0,none,not_tb,0,not_applicable
4411,38,M,21.3,1,0,0,1,1,0,0,0,0,1,2,0,1,not_detected,cavity,1,1,pulmonary,smear_negative_ptb,0,failed
4412,50,M,22.2,1,0,0,0,0,0,0,1,0,0,0,0,0,N/A,other_pathology,1,0,none,not_tb,0,not_applicable
4413,36,F,17.5,0,1,2,0,0,0,0,1,0,0,1,0,0,N/A,normal,0,0,none,not_tb,0,not_applicable
4414,20,M,25.4,1,1,2,0,0,0,0,0,1,0,1,0,0,N/A,other_pathology,1,0,none,not_tb,0,not_applicable
4415,23,M,24.0,0,0,0,0,0,0,0,0,0,0,0,0,0,N/A,old_tb_scar,1,0,none,not_tb,0,not_applicable
4416,47,F,19.6,0,0,0,0,0,0,0,0,1,0,0,0,0,N/A,normal,0,0,none,not_tb,0,not_applicable
4417,15,M,24.5,0,0,0,0,0,0,0,1,0,0,0,0,0,N/A,normal,0,0,none,not_tb,0,not_applicable
4418,58,M,20.1,0,0,0,0,0,0,0,0,1,0,0,0,0,N/A,other_pathology,1,0,none,not_tb,0,not_applicable
4419,59,M,21.0,0,0,0,0,0,0,0,0,0,0,0,0,0,N/A,other_pathology,1,0,none,not_tb,0,not_applicable
4420,42,M,20.1,0,0,0,1,0,0,0,0,0,0,1,0,0,N/A,normal,0,0,none,not_tb,0,not_applicable
4421,36,M,20.9,0,0,0,0,0,0,0,0,0,0,0,0,0,N/A,normal,0,0,none,not_tb,0,not_applicable
4422,31,M,25.2,0,0,0,0,0,0,0,0,1,1,0,0,0,N/A,normal,0,0,none,not_tb,0,not_applicable
4423,37,F,15.7,0,0,0,0,0,0,0,0,0,0,0,0,0,N/A,normal,0,0,none,not_tb,0,not_applicable
4424,44,M,21.3,1,1,6,0,0,1,0,0,1,1,2,0,1,detected,infiltrate,1,1,pulmonary,smear_negative_ptb,1,failed
4425,50,F,22.6,0,1,3,0,0,0,0,1,0,0,1,0,0,N/A,normal,0,0,none,not_tb,0,not_applicable
4426,36,M,17.5,1,0,0,1,0,0,0,1,1,0,1,0,1,not_detected,normal,0,1,pulmonary,smear_negative_ptb,0,died
4427,41,M,18.6,1,1,8,1,1,0,0,0,1,0,3,1,1,not_detected,normal,0,1,extrapulmonary,extrapulmonary_tb,0,completed
4428,35,M,18.8,0,0,0,0,1,1,0,0,0,0,2,0,0,N/A,normal,0,0,none,not_tb,0,not_applicable
4429,17,M,16.3,0,0,0,1,0,1,0,0,0,0,2,0,0,N/A,normal,0,0,none,not_tb,0,not_applicable
4430,33,M,18.9,0,0,0,1,0,0,0,0,0,0,1,0,0,N/A,normal,0,0,none,not_tb,0,not_applicable
4431,16,M,13.8,0,1,7,1,1,0,0,1,1,0,3,0,0,N/A,pleural_effusion,1,1,pulmonary,smear_negative_ptb,0,cured
4432,36,F,17.3,0,0,0,0,1,0,0,0,0,0,1,0,1,not_detected,normal,0,0,none,not_tb,0,not_applicable
4433,57,F,14.4,0,1,2,1,0,1,0,0,1,1,3,0,1,not_detected,infiltrate,1,1,pulmonary,smear_negative_ptb,0,cured
4434,30,M,21.6,1,1,5,1,1,1,0,0,1,0,4,0,1,not_detected,infiltrate,1,1,pulmonary,smear_negative_ptb,0,completed
4435,32,M,17.5,0,0,0,0,0,0,0,0,0,0,0,0,0,N/A,normal,0,0,none,not_tb,0,not_applicable
4436,47,M,18.4,1,1,11,0,1,1,0,0,1,1,3,0,0,N/A,infiltrate,1,1,pulmonary,smear_negative_ptb,0,completed
4437,47,F,21.3,0,1,4,1,0,1,0,1,1,1,3,0,1,not_detected,infiltrate,1,1,pulmonary,smear_negative_ptb,0,cured
4438,21,M,25.0,0,1,3,0,0,0,0,0,1,0,1,0,0,N/A,normal,0,0,none,not_tb,0,not_applicable
4439,27,M,17.8,0,0,0,1,1,1,1,1,1,1,3,0,0,N/A,cavity,1,1,pulmonary,smear_negative_ptb,0,died
4440,36,M,17.8,1,1,7,1,0,0,0,0,0,1,2,1,1,not_detected,infiltrate,1,1,pulmonary,smear_positive_ptb,0,lost_to_followup
4441,35,M,19.0,0,1,2,1,1,1,0,0,1,0,4,0,1,not_detected,infiltrate,1,1,pulmonary,smear_negative_ptb,0,completed
4442,33,M,23.8,1,0,0,0,0,0,0,1,1,1,0,0,1,not_detected,infiltrate,1,1,pulmonary,smear_negative_ptb,0,lost_to_followup
4443,38,F,19.5,1,0,0,0,0,0,0,0,1,1,0,1,1,not_detected,infiltrate,1,1,pulmonary,smear_positive_ptb,0,died
4444,52,F,24.3,0,0,0,0,0,0,0,0,1,0,0,0,0,N/A,normal,0,0,none,not_tb,0,not_applicable
4445,47,M,29.9,0,0,0,0,0,0,0,1,0,0,0,0,0,N/A,normal,0,0,none,not_tb,0,not_applicable
4446,22,M,23.0,0,0,0,1,0,0,0,1,0,0,1,0,0,N/A,normal,0,0,none,not_tb,0,not_applicable
4447,47,M,26.0,0,1,3,0,0,0,0,0,0,0,1,0,0,N/A,normal,0,0,none,not_tb,0,not_applicable
4448,23,M,23.7,0,0,0,0,0,0,0,0,0,0,0,0,0,N/A,normal,0,0,none,not_tb,0,not_applicable
4449,31,M,23.6,0,0,0,0,0,0,0,0,0,0,0,0,0,N/A,normal,0,0,none,not_tb,0,not_applicable
4450,47,M,18.6,0,0,0,0,0,0,0,0,1,1,0,0,0,N/A,old_tb_scar,1,0,none,not_tb,0,not_applicable
4451,20,F,18.0,0,0,0,0,0,0,0,0,0,0,0,0,0,N/A,other_pathology,1,0,none,not_tb,0,not_applicable
4452,42,F,17.2,1,0,0,0,1,0,0,0,1,0,1,0,1,not_detected,miliary,1,1,pulmonary,smear_negative_ptb,0,died
4453,61,F,20.7,0,1,4,1,1,1,0,0,1,1,4,1,1,not_detected,infiltrate,1,1,pulmonary,smear_positive_ptb,0,cured
4454,22,F,24.9,0,0,0,0,1,0,0,0,0,0,1,0,0,N/A,other_pathology,1,0,none,not_tb,0,not_applicable
4455,28,M,26.7,1,0,0,1,0,1,0,0,0,1,2,0,0,N/A,normal,0,0,none,not_tb,0,not_applicable
4456,60,M,22.0,0,0,0,1,0,0,0,0,0,0,1,0,1,not_detected,normal,0,0,none,not_tb,0,not_applicable
4457,50,M,23.9,0,0,0,0,0,0,0,0,0,0,0,0,0,N/A,normal,0,0,none,not_tb,0,not_applicable
4458,56,F,23.9,0,0,0,0,0,0,0,0,0,0,0,0,0,N/A,old_tb_scar,1,0,none,not_tb,0,not_applicable
4459,40,M,21.6,0,0,0,0,0,0,0,0,0,0,0,0,0,N/A,normal,0,0,none,not_tb,0,not_applicable
4460,62,F,20.9,0,0,0,0,0,0,0,0,0,0,0,0,0,N/A,normal,0,0,none,not_tb,0,not_applicable
4461,34,M,14.8,0,0,0,1,1,1,0,1,1,1,3,1,1,not_detected,infiltrate,1,1,pulmonary,smear_positive_ptb,0,cured
4462,21,M,21.5,0,0,0,0,0,0,0,0,0,0,0,0,0,N/A,normal,0,0,none,not_tb,0,not_applicable
4463,51,M,18.2,0,1,5,1,1,1,1,1,0,0,4,0,1,not_detected,normal,0,1,pulmonary,smear_negative_ptb,0,failed
4464,54,F,21.3,0,0,0,0,0,0,0,0,1,1,0,1,1,not_detected,infiltrate,1,1,pulmonary,smear_positive_ptb,0,lost_to_followup
4465,27,M,26.3,0,0,0,0,0,1,0,0,1,0,1,0,0,N/A,normal,0,0,none,not_tb,0,not_applicable
4466,42,M,18.9,1,0,0,1,1,1,0,0,1,1,3,0,0,N/A,pleural_effusion,1,1,pulmonary,smear_negative_ptb,0,lost_to_followup
4467,33,M,29.2,1,0,0,0,0,0,0,0,0,0,0,0,0,N/A,other_pathology,1,0,none,not_tb,0,not_applicable
4468,30,F,19.0,1,0,0,1,1,1,1,0,1,1,3,0,1,not_detected,infiltrate,1,1,pulmonary,smear_negative_ptb,0,cured
4469,25,F,25.6,0,0,0,1,0,0,0,0,0,1,1,0,0,N/A,normal,0,0,none,not_tb,0,not_applicable
4470,75,M,18.2,0,1,4,0,1,1,0,0,1,1,3,0,0,N/A,infiltrate,1,1,pulmonary,smear_negative_ptb,0,cured
4471,25,F,18.0,1,0,0,0,0,0,0,0,0,0,0,0,0,N/A,normal,0,0,none,not_tb,0,not_applicable
4472,16,M,17.4,1,1,10,1,1,1,0,0,1,1,4,0,0,N/A,infiltrate,1,1,extrapulmonary,extrapulmonary_tb,0,cured
4473,46,F,22.2,1,1,5,1,0,1,0,0,1,1,3,1,1,not_detected,normal,0,1,pulmonary,smear_positive_ptb,0,cured
4474,44,M,21.1,0,0,0,0,0,0,0,0,0,0,0,0,0,N/A,other_pathology,1,0,none,not_tb,0,not_applicable
4475,41,M,20.4,0,1,2,0,0,0,0,1,1,0,1,0,0,N/A,normal,0,0,none,not_tb,0,not_applicable
4476,53,F,22.0,0,0,0,0,0,0,0,1,0,0,0,0,0,N/A,normal,0,0,none,not_tb,0,not_applicable
4477,32,M,20.6,0,0,0,0,0,1,0,0,0,0,1,0,0,N/A,normal,0,0,none,not_tb,0,not_applicable
4478,40,M,26.2,1,0,0,0,0,0,0,0,0,0,0,0,0,N/A,normal,0,0,none,not_tb,0,not_applicable
4479,42,F,28.6,0,1,2,0,0,0,0,0,1,0,1,0,0,N/A,normal,0,0,none,not_tb,0,not_applicable
4480,47,F,22.0,0,0,0,0,0,0,0,0,1,0,0,0,0,N/A,normal,0,0,none,not_tb,0,not_applicable
4481,35,M,23.9,0,0,0,0,0,0,0,0,0,0,0,0,0,N/A,normal,0,0,none,not_tb,0,not_applicable
4482,65,F,20.9,0,1,5,1,0,1,1,0,0,0,3,1,1,not_detected,cavity,1,1,pulmonary,smear_positive_ptb,0,cured
4483,50,F,22.4,0,0,0,0,0,0,0,0,0,0,0,0,0,N/A,normal,0,0,none,not_tb,0,not_applicable
4484,38,M,18.9,0,0,0,0,0,0,0,0,0,0,0,0,0,N/A,normal,0,0,none,not_tb,0,not_applicable
4485,39,F,20.6,0,0,0,1,0,0,0,0,0,0,1,0,0,N/A,normal,0,0,none,not_tb,0,not_applicable
4486,53,M,23.4,1,0,0,0,0,0,1,0,0,0,0,0,0,N/A,normal,0,0,none,not_tb,0,not_applicable
4487,26,F,23.4,0,0,0,0,0,0,0,0,0,0,0,0,0,N/A,normal,0,0,none,not_tb,0,not_applicable
4488,21,M,15.7,0,1,2,0,0,0,0,0,1,0,1,0,0,N/A,other_pathology,1,0,none,not_tb,0,not_applicable
4489,46,M,17.4,1,1,3,0,0,1,0,1,1,1,2,1,1,not_detected,infiltrate,1,1,pulmonary,smear_positive_ptb,1,died
4490,77,M,19.4,0,0,0,0,0,0,0,0,0,1,0,0,0,N/A,normal,0,0,none,not_tb,0,not_applicable
4491,42,M,20.7,0,1,3,1,1,1,0,1,1,1,4,1,1,not_detected,cavity,1,1,pulmonary,smear_positive_ptb,0,cured
4492,38,F,19.6,0,1,3,0,0,0,0,0,0,0,1,0,0,N/A,infiltrate,1,0,none,not_tb,0,not_applicable
4493,49,F,20.4,0,0,0,1,0,0,0,0,0,0,1,0,0,N/A,normal,0,0,none,not_tb,0,not_applicable
4494,49,M,20.3,0,0,0,0,0,1,0,1,0,0,1,0,0,N/A,normal,0,0,none,not_tb,0,not_applicable
4495,52,M,24.8,0,0,0,0,0,0,0,1,0,0,0,0,0,N/A,other_pathology,1,0,none,not_tb,0,not_applicable
4496,18,M,20.9,0,0,0,0,0,0,0,0,1,0,0,0,1,not_detected,cavity,1,1,pulmonary,smear_negative_ptb,0,cured
4497,51,M,19.7,0,1,4,1,1,1,0,1,1,0,4,0,1,not_detected,normal,0,1,extrapulmonary,extrapulmonary_tb,0,completed
4498,32,M,25.9,0,0,0,0,0,0,0,0,0,0,0,0,0,N/A,normal,0,0,none,not_tb,0,not_applicable
4499,37,F,26.3,0,0,0,0,0,0,0,0,0,0,0,0,0,N/A,normal,0,0,none,not_tb,0,not_applicable
4500,35,F,15.7,1,0,0,0,0,0,0,0,0,1,0,0,0,N/A,other_pathology,1,0,none,not_tb,0,not_applicable
4501,54,M,24.1,0,0,0,0,0,0,0,0,0,0,0,0,0,N/A,normal,0,0,none,not_tb,0,not_applicable
4502,55,M,20.7,0,0,0,0,0,1,0,0,0,0,1,0,0,N/A,normal,0,0,none,not_tb,0,not_applicable
4503,29,F,17.6,0,0,0,0,0,0,0,0,0,0,0,0,0,N/A,other_pathology,1,0,none,not_tb,0,not_applicable
4504,33,M,20.9,0,0,0,0,0,0,0,1,0,0,0,0,1,not_detected,old_tb_scar,1,0,none,not_tb,0,not_applicable
4505,48,M,24.6,0,0,0,1,0,0,0,0,0,1,1,0,0,N/A,normal,0,0,none,not_tb,0,not_applicable
4506,46,M,27.1,0,0,0,0,0,0,0,0,1,0,0,0,0,N/A,normal,0,0,none,not_tb,0,not_applicable
4507,44,M,15.1,1,0,0,1,0,1,0,1,0,1,2,1,1,not_detected,cavity,1,1,pulmonary,smear_positive_ptb,0,cured
4508,44,M,24.2,0,0,0,0,0,0,0,0,0,1,0,0,0,N/A,normal,0,0,none,not_tb,0,not_applicable
4509,22,F,28.9,0,0,0,1,0,0,0,0,1,0,1,0,0,N/A,normal,0,0,none,not_tb,0,not_applicable
4510,59,M,28.4,0,0,0,0,0,1,0,0,1,0,1,0,0,N/A,other_pathology,1,0,none,not_tb,0,not_applicable
4511,32,F,12.0,0,0,0,0,0,0,0,0,0,0,0,0,0,N/A,infiltrate,1,0,none,not_tb,0,not_applicable
4512,34,M,29.6,0,0,0,0,0,0,0,0,0,0,0,0,0,N/A,normal,0,0,none,not_tb,0,not_applicable
4513,28,F,25.4,0,0,0,0,1,0,0,0,0,0,1,0,0,N/A,normal,0,0,none,not_tb,0,not_applicable
4514,23,M,13.9,0,0,0,1,0,0,0,0,0,0,1,0,0,N/A,normal,0,0,none,not_tb,0,not_applicable
4515,39,M,19.3,0,0,0,0,0,1,0,0,0,1,1,0,0,N/A,normal,0,0,none,not_tb,0,not_applicable
4516,21,M,26.4,0,0,0,0,1,0,0,0,1,0,1,0,0,N/A,normal,0,0,none,not_tb,0,not_applicable
4517,32,M,23.3,1,0,0,0,0,0,0,0,0,0,0,0,0,N/A,normal,0,0,none,not_tb,0,not_applicable
4518,19,M,20.0,1,0,0,0,0,0,0,0,0,0,0,0,0,N/A,normal,0,0,none,not_tb,0,not_applicable
4519,16,F,22.2,0,0,0,0,0,0,0,1,0,0,0,0,0,N/A,normal,0,0,none,not_tb,0,not_applicable
4520,43,M,19.9,0,1,4,1,1,1,0,0,0,1,4,1,1,not_detected,normal,0,1,pulmonary,smear_positive_ptb,0,failed
4521,43,M,20.0,0,0,0,0,0,0,0,0,0,0,0,0,0,N/A,normal,0,0,none,not_tb,0,not_applicable
4522,41,M,21.6,1,0,0,0,0,0,0,0,0,0,0,0,0,N/A,other_pathology,1,0,none,not_tb,0,not_applicable
4523,34,F,25.1,0,0,0,0,0,0,1,0,1,0,0,0,0,N/A,other_pathology,1,0,none,not_tb,0,not_applicable
4524,41,F,19.5,0,0,0,0,0,0,0,0,1,0,0,0,0,N/A,normal,0,0,none,not_tb,0,not_applicable
4525,44,F,17.3,0,0,0,1,0,0,0,0,0,0,1,0,0,N/A,normal,0,0,none,not_tb,0,not_applicable
4526,44,M,16.9,0,0,0,1,0,1,0,1,1,0,2,0,1,not_detected,infiltrate,1,1,pulmonary,smear_negative_ptb,0,cured
4527,37,F,18.9,0,0,0,0,0,0,0,0,0,0,0,0,0,N/A,normal,0,0,none,not_tb,0,not_applicable
4528,55,F,19.9,0,0,0,0,0,0,0,0,0,0,0,0,0,N/A,normal,0,0,none,not_tb,0,not_applicable
4529,52,M,16.0,1,0,0,0,0,0,0,0,1,0,0,0,0,N/A,old_tb_scar,1,0,none,not_tb,0,not_applicable
4530,59,M,22.8,0,0,0,0,0,0,0,0,0,0,0,0,0,N/A,normal,0,0,none,not_tb,0,not_applicable
4531,18,F,20.7,1,0,0,0,1,0,0,0,0,1,1,0,1,not_detected,infiltrate,1,1,pulmonary,smear_negative_ptb,0,cured
4532,24,M,19.2,0,0,0,0,0,1,0,0,1,0,1,0,0,N/A,normal,0,0,none,not_tb,0,not_applicable
4533,56,F,19.7,0,0,0,0,0,0,0,0,0,0,0,0,0,N/A,normal,0,0,none,not_tb,0,not_applicable
4534,43,M,21.3,0,0,0,0,0,1,0,1,0,0,1,0,0,N/A,normal,0,0,none,not_tb,0,not_applicable
4535,47,M,16.2,0,1,9,0,0,0,0,0,1,1,1,1,1,not_detected,cavity,1,1,pulmonary,smear_positive_ptb,0,completed
4536,56,M,25.4,0,0,0,0,0,0,0,0,0,0,0,0,0,N/A,normal,0,0,none,not_tb,0,not_applicable
4537,33,F,18.9,0,0,0,0,0,0,0,0,0,0,0,0,0,N/A,normal,0,0,none,not_tb,0,not_applicable
4538,44,F,20.2,0,0,0,0,0,1,0,0,0,0,1,0,0,N/A,normal,0,0,none,not_tb,0,not_applicable
4539,26,M,19.3,0,0,0,1,0,0,0,0,0,0,1,0,0,N/A,infiltrate,1,0,none,not_tb,0,not_applicable
4540,36,M,25.5,0,0,0,0,0,0,0,0,1,0,0,0,0,N/A,old_tb_scar,1,0,none,not_tb,0,not_applicable
4541,36,M,21.2,0,0,0,0,0,1,0,0,1,0,1,0,0,N/A,other_pathology,1,0,none,not_tb,0,not_applicable
4542,15,M,29.0,0,0,0,0,0,0,0,0,0,0,0,0,0,N/A,normal,0,0,none,not_tb,0,not_applicable
4543,33,F,23.2,0,0,0,0,0,0,0,0,0,0,0,1,0,N/A,normal,0,0,none,not_tb,0,not_applicable
4544,50,M,21.4,1,0,0,1,0,1,0,0,1,0,2,0,0,N/A,normal,0,1,extrapulmonary,extrapulmonary_tb,0,lost_to_followup
4545,35,M,20.9,0,0,0,1,0,1,0,0,0,0,2,0,0,N/A,normal,0,0,none,not_tb,0,not_applicable
4546,16,M,16.1,0,0,0,1,1,1,0,0,1,1,3,1,1,not_detected,infiltrate,1,1,pulmonary,smear_positive_ptb,0,completed
4547,46,F,18.4,1,1,3,0,0,0,0,0,1,0,1,0,1,not_detected,infiltrate,1,1,pulmonary,smear_negative_ptb,0,failed
4548,57,M,19.6,1,1,2,0,0,0,1,0,0,0,1,0,0,N/A,old_tb_scar,1,0,none,not_tb,0,not_applicable
4549,39,F,15.0,1,0,0,0,0,0,0,0,1,0,0,0,0,N/A,old_tb_scar,1,0,none,not_tb,0,not_applicable
4550,46,M,21.0,0,1,5,1,1,0,0,0,1,0,3,0,0,N/A,pleural_effusion,1,1,pulmonary,smear_negative_ptb,1,failed
4551,29,M,18.6,1,0,0,1,0,1,0,0,0,0,2,0,0,N/A,pleural_effusion,1,1,extrapulmonary,extrapulmonary_tb,0,cured
4552,36,F,19.5,0,0,0,0,0,0,0,0,1,0,0,0,0,N/A,normal,0,0,none,not_tb,0,not_applicable
4553,32,M,19.4,0,1,3,1,0,1,0,0,1,1,3,1,1,not_detected,pleural_effusion,1,1,pulmonary,smear_positive_ptb,0,cured
4554,38,F,22.2,0,0,0,0,1,0,0,0,0,0,1,0,0,N/A,infiltrate,1,0,none,not_tb,0,not_applicable
4555,46,M,26.9,0,0,0,0,0,0,0,0,0,0,0,0,0,N/A,normal,0,0,none,not_tb,0,not_applicable
4556,28,F,19.6,1,0,0,1,0,1,1,1,1,1,2,1,1,not_detected,infiltrate,1,1,pulmonary,smear_positive_ptb,0,cured
4557,58,F,18.1,0,1,11,1,1,1,0,0,1,0,4,1,1,not_detected,infiltrate,1,1,extrapulmonary,extrapulmonary_tb,0,completed
4558,33,F,24.4,1,0,0,0,0,0,0,1,1,0,0,0,0,N/A,normal,0,0,none,not_tb,0,not_applicable
4559,34,M,18.4,0,1,3,1,1,1,1,0,1,0,4,1,1,not_detected,infiltrate,1,1,pulmonary,smear_positive_ptb,0,cured
4560,47,F,22.6,0,0,0,0,0,0,0,0,0,0,0,0,0,N/A,other_pathology,1,0,none,not_tb,0,not_applicable
4561,22,F,26.3,0,0,0,0,0,0,0,0,0,0,0,0,0,N/A,old_tb_scar,1,0,none,not_tb,0,not_applicable
4562,55,M,17.9,0,0,0,0,0,0,0,0,1,0,0,1,0,N/A,old_tb_scar,1,0,none,not_tb,0,not_applicable
4563,66,M,19.0,0,0,0,1,0,0,0,0,1,0,1,0,0,N/A,normal,0,0,none,not_tb,0,not_applicable
4564,57,F,20.5,0,0,0,1,0,0,0,1,1,0,1,0,0,N/A,normal,0,0,none,not_tb,0,not_applicable
4565,51,M,17.8,0,1,3,0,0,0,0,0,0,1,1,0,0,N/A,pleural_effusion,1,1,pulmonary,smear_negative_ptb,0,cured
4566,64,F,26.0,0,0,0,0,0,0,0,0,1,0,0,0,0,N/A,infiltrate,1,0,none,not_tb,0,not_applicable
4567,30,F,17.0,1,0,0,0,0,0,0,0,1,1,0,0,0,N/A,other_pathology,1,0,none,not_tb,0,not_applicable
4568,66,M,18.4,0,1,6,1,1,1,0,0,1,0,4,1,1,not_detected,pleural_effusion,1,1,pulmonary,smear_positive_ptb,0,cured
4569,21,M,20.1,0,0,0,1,0,0,0,0,0,0,1,0,0,N/A,old_tb_scar,1,0,none,not_tb,0,not_applicable
4570,42,M,28.0,0,0,0,0,0,0,0,0,0,0,0,0,0,N/A,normal,0,0,none,not_tb,0,not_applicable
4571,30,M,20.7,0,0,0,1,0,1,0,1,1,0,2,0,1,not_detected,infiltrate,1,1,extrapulmonary,extrapulmonary_tb,0,lost_to_followup
4572,30,F,22.8,1,0,0,0,0,0,0,0,0,0,0,0,0,N/A,normal,0,0,none,not_tb,0,not_applicable
4573,37,M,20.9,1,1,5,1,1,1,0,1,1,1,4,0,1,not_detected,miliary,1,1,pulmonary,smear_negative_ptb,0,died
4574,34,M,15.2,0,1,3,1,0,0,0,1,1,1,2,0,0,N/A,infiltrate,1,1,pulmonary,smear_negative_ptb,0,lost_to_followup
4575,32,F,23.6,1,1,3,1,0,0,0,1,1,1,2,0,0,N/A,infiltrate,1,1,pulmonary,smear_negative_ptb,0,cured
4576,50,M,19.1,0,0,0,0,0,0,0,0,1,0,0,0,0,N/A,normal,0,0,none,not_tb,0,not_applicable
4577,27,F,21.6,1,0,0,0,0,1,1,0,0,0,1,1,1,detected,infiltrate,1,1,pulmonary,smear_positive_ptb,0,died
4578,48,M,19.9,1,1,4,1,1,1,0,0,1,0,4,1,1,not_detected,cavity,1,1,pulmonary,smear_positive_ptb,0,lost_to_followup
4579,42,M,22.9,1,0,0,0,0,0,0,0,0,0,0,0,0,N/A,normal,0,0,none,not_tb,0,not_applicable
4580,16,M,26.3,0,0,0,0,0,0,0,0,0,0,0,0,0,N/A,other_pathology,1,0,none,not_tb,0,not_applicable
4581,36,F,21.0,0,1,6,1,1,1,0,0,1,0,4,1,1,not_detected,miliary,1,1,pulmonary,smear_positive_ptb,0,cured
4582,37,F,22.4,0,0,0,0,0,0,0,0,0,0,0,0,0,N/A,normal,0,0,none,not_tb,0,not_applicable
4583,28,F,20.5,0,0,0,1,0,1,0,0,0,0,2,0,0,N/A,old_tb_scar,1,0,none,not_tb,0,not_applicable
4584,30,F,22.4,0,0,0,0,0,0,0,0,1,0,0,0,0,N/A,normal,0,0,none,not_tb,0,not_applicable
4585,53,F,21.6,0,0,0,0,0,0,0,0,1,0,0,0,0,N/A,other_pathology,1,0,none,not_tb,0,not_applicable
4586,68,F,19.4,0,1,8,1,1,1,0,1,0,0,4,0,0,N/A,normal,0,1,extrapulmonary,extrapulmonary_tb,0,completed
4587,37,M,21.1,1,1,3,1,1,1,0,1,1,1,4,0,1,not_detected,miliary,1,1,pulmonary,smear_negative_ptb,1,completed
4588,33,F,19.7,0,0,0,1,1,0,0,1,0,1,2,1,1,not_detected,infiltrate,1,1,pulmonary,smear_positive_ptb,0,cured
4589,50,F,22.6,0,0,0,0,0,0,0,0,0,0,0,0,0,N/A,normal,0,0,none,not_tb,0,not_applicable
4590,33,F,19.7,0,0,0,1,0,0,0,0,0,0,1,0,0,N/A,infiltrate,1,0,none,not_tb,0,not_applicable
4591,42,M,19.3,0,1,6,0,0,1,0,1,1,0,2,0,1,not_detected,miliary,1,1,pulmonary,smear_negative_ptb,0,completed
4592,33,M,16.1,0,0,0,0,0,0,0,0,0,0,0,0,0,N/A,normal,0,0,none,not_tb,0,not_applicable
4593,41,F,19.2,0,0,0,0,0,0,0,0,0,0,0,0,0,N/A,old_tb_scar,1,0,none,not_tb,0,not_applicable
4594,19,M,24.1,1,0,0,0,0,0,0,0,1,0,0,0,0,N/A,normal,0,0,none,not_tb,0,not_applicable
4595,37,M,25.1,0,0,0,0,0,0,0,0,1,0,0,0,0,N/A,normal,0,0,none,not_tb,0,not_applicable
4596,46,F,21.9,1,0,0,0,0,1,0,0,0,0,1,0,0,N/A,normal,0,0,none,not_tb,0,not_applicable
4597,48,M,22.7,0,0,0,0,0,0,0,0,0,0,0,0,0,N/A,normal,0,0,none,not_tb,0,not_applicable
4598,49,M,23.3,0,0,0,0,0,0,0,0,1,0,0,0,0,N/A,normal,0,0,none,not_tb,0,not_applicable
4599,47,M,24.4,0,0,0,1,0,0,0,0,0,0,1,0,0,N/A,infiltrate,1,0,none,not_tb,0,not_applicable
4600,42,M,21.3,0,0,0,0,0,0,0,0,1,0,0,0,0,N/A,normal,0,0,none,not_tb,0,not_applicable
4601,50,F,16.0,0,1,6,1,0,0,0,1,1,0,2,0,1,not_detected,infiltrate,1,1,pulmonary,smear_negative_ptb,0,cured
4602,30,F,23.4,0,0,0,0,0,0,0,0,0,0,0,0,0,N/A,infiltrate,1,0,none,not_tb,0,not_applicable
4603,54,F,28.9,0,0,0,0,0,0,0,0,0,0,0,0,0,N/A,other_pathology,1,0,none,not_tb,0,not_applicable
4604,43,F,16.2,0,1,7,1,0,1,0,1,0,1,3,0,0,N/A,infiltrate,1,1,pulmonary,smear_negative_ptb,0,completed
4605,32,F,21.6,0,0,0,0,0,0,0,1,0,0,0,0,0,N/A,normal,0,0,none,not_tb,0,not_applicable
4606,25,M,20.6,1,0,0,0,0,0,0,0,1,0,0,0,0,N/A,old_tb_scar,1,0,none,not_tb,0,not_applicable
4607,40,F,30.4,0,0,0,0,0,0,0,1,1,0,0,0,1,not_detected,other_pathology,1,0,none,not_tb,0,not_applicable
4608,17,M,18.6,0,0,0,0,0,0,0,0,1,0,0,0,0,N/A,old_tb_scar,1,0,none,not_tb,0,not_applicable
4609,41,M,18.1,0,1,2,1,0,0,0,0,0,1,2,0,1,not_detected,infiltrate,1,1,pulmonary,smear_negative_ptb,0,completed
4610,25,F,17.6,1,1,6,0,0,1,1,1,0,0,2,0,1,not_detected,pleural_effusion,1,1,pulmonary,smear_negative_ptb,0,cured
4611,41,F,17.6,0,0,0,1,0,0,0,0,0,0,1,0,0,N/A,normal,0,0,none,not_tb,0,not_applicable
4612,56,M,15.2,0,1,6,1,0,1,1,0,1,0,3,0,1,not_detected,normal,0,1,pulmonary,smear_negative_ptb,0,lost_to_followup
4613,51,F,19.9,0,1,6,1,1,1,0,0,1,0,4,0,1,not_detected,cavity,1,1,pulmonary,smear_negative_ptb,0,completed
4614,26,M,24.5,0,1,2,0,1,0,0,0,0,0,2,0,0,N/A,normal,0,0,none,not_tb,0,not_applicable
4615,59,M,17.1,1,1,11,1,0,1,1,1,0,1,3,0,1,not_detected,miliary,1,1,pulmonary,smear_negative_ptb,0,failed
4616,58,M,26.9,0,0,0,0,0,0,0,0,0,0,0,0,0,N/A,normal,0,0,none,not_tb,0,not_applicable
4617,43,M,14.1,0,1,2,0,0,0,0,0,0,0,1,0,0,N/A,old_tb_scar,1,0,none,not_tb,0,not_applicable
4618,32,M,15.4,0,1,4,1,1,1,1,0,1,1,4,0,0,N/A,infiltrate,1,1,extrapulmonary,extrapulmonary_tb,0,cured
4619,45,M,16.4,1,1,6,0,0,0,0,1,1,1,1,0,1,not_detected,infiltrate,1,1,pulmonary,smear_negative_ptb,0,completed
4620,37,M,22.0,0,0,0,0,0,0,0,0,1,0,0,0,0,N/A,normal,0,0,none,not_tb,0,not_applicable
4621,41,M,17.4,0,0,0,0,0,1,0,1,0,0,1,1,1,not_detected,infiltrate,1,1,pulmonary,smear_positive_ptb,0,cured
4622,24,F,21.3,0,0,0,0,0,0,0,0,0,0,0,0,0,N/A,normal,0,0,none,not_tb,0,not_applicable
4623,40,F,23.7,0,0,0,1,0,0,0,0,0,0,1,0,0,N/A,normal,0,0,none,not_tb,0,not_applicable
4624,30,F,22.1,0,1,3,1,0,1,0,1,1,0,3,1,1,detected,infiltrate,1,1,pulmonary,smear_positive_ptb,1,completed
4625,69,M,20.5,1,1,6,1,1,0,0,1,1,0,3,0,1,not_detected,infiltrate,1,1,pulmonary,smear_negative_ptb,0,cured
4626,43,F,22.2,0,0,0,1,0,0,0,0,0,0,1,0,0,N/A,normal,0,0,none,not_tb,0,not_applicable
4627,50,F,21.7,0,1,3,0,0,0,0,0,0,0,1,0,0,N/A,other_pathology,1,0,none,not_tb,0,not_applicable
4628,39,M,25.9,0,0,0,0,0,0,0,0,0,0,0,0,0,N/A,normal,0,0,none,not_tb,0,not_applicable
4629,50,M,23.2,0,1,2,1,1,1,0,0,1,0,4,0,0,N/A,infiltrate,1,1,pulmonary,smear_negative_ptb,0,completed
4630,40,M,24.2,1,0,0,0,0,0,0,0,0,0,0,0,0,N/A,normal,0,0,none,not_tb,0,not_applicable
4631,44,M,20.3,1,0,0,0,0,0,0,0,0,0,0,0,0,N/A,other_pathology,1,0,none,not_tb,0,not_applicable
4632,36,M,22.9,0,0,0,0,0,0,0,0,1,0,0,0,0,N/A,infiltrate,1,0,none,not_tb,0,not_applicable
4633,43,M,24.0,0,0,0,0,0,0,0,0,0,0,0,1,0,N/A,normal,0,0,none,not_tb,0,not_applicable
4634,42,M,17.1,1,1,4,1,1,0,0,1,1,0,3,0,1,not_detected,infiltrate,1,1,pulmonary,smear_negative_ptb,0,cured
4635,45,F,20.7,0,1,4,0,1,1,1,0,1,1,3,1,1,not_detected,pleural_effusion,1,1,pulmonary,smear_positive_ptb,0,cured
4636,36,M,22.9,0,0,0,0,0,0,0,0,0,0,0,0,0,N/A,normal,0,0,none,not_tb,0,not_applicable
4637,36,M,26.1,0,1,3,0,0,0,0,0,0,0,1,0,0,N/A,normal,0,0,none,not_tb,0,not_applicable
4638,51,F,18.6,0,0,0,0,0,1,0,0,1,0,1,0,0,N/A,normal,0,0,none,not_tb,0,not_applicable
4639,42,M,15.9,0,0,0,0,0,0,0,0,0,0,0,0,0,N/A,normal,0,0,none,not_tb,0,not_applicable
4640,41,M,20.6,0,0,0,0,0,0,0,0,1,1,0,0,0,N/A,infiltrate,1,0,none,not_tb,0,not_applicable
4641,60,M,22.1,0,0,0,0,0,0,0,0,0,1,0,0,0,N/A,normal,0,0,none,not_tb,0,not_applicable
4642,42,M,14.0,0,0,0,1,0,1,0,0,1,0,2,1,1,not_detected,infiltrate,1,1,pulmonary,smear_positive_ptb,0,cured
4643,51,M,19.9,0,0,0,0,0,0,0,0,0,1,0,0,0,N/A,old_tb_scar,1,0,none,not_tb,0,not_applicable
4644,39,M,21.7,1,0,0,1,1,1,0,1,0,1,3,0,0,N/A,normal,0,1,pulmonary,smear_negative_ptb,0,cured
4645,36,M,23.9,0,0,0,0,0,0,0,0,0,0,0,0,0,N/A,old_tb_scar,1,0,none,not_tb,0,not_applicable
4646,21,F,18.8,1,0,0,1,0,0,0,1,0,1,1,0,1,detected,infiltrate,1,1,pulmonary,smear_negative_ptb,0,lost_to_followup
4647,45,F,18.3,0,0,0,0,0,0,0,0,0,0,0,0,0,N/A,normal,0,0,none,not_tb,0,not_applicable
4648,37,M,26.4,0,0,0,0,0,0,0,0,0,0,0,0,0,N/A,other_pathology,1,0,none,not_tb,0,not_applicable
4649,68,M,20.5,0,0,0,0,0,0,0,0,0,0,0,0,0,N/A,normal,0,0,none,not_tb,0,not_applicable
4650,35,M,22.3,0,0,0,0,0,0,0,1,1,1,0,0,0,N/A,other_pathology,1,0,none,not_tb,0,not_applicable
4651,46,F,23.4,1,0,0,0,0,0,0,0,0,0,0,1,0,N/A,normal,0,0,none,not_tb,0,not_applicable
4652,60,F,18.9,0,0,0,1,0,1,0,1,1,1,2,1,1,detected,infiltrate,1,1,pulmonary,smear_positive_ptb,1,failed
4653,23,M,27.2,0,1,2,0,0,0,0,0,0,0,1,0,0,N/A,normal,0,0,none,not_tb,0,not_applicable
4654,52,M,24.0,1,0,0,0,0,0,0,0,1,0,0,0,0,N/A,normal,0,0,none,not_tb,0,not_applicable
4655,29,M,23.2,1,0,0,0,0,0,0,0,1,0,0,0,0,N/A,normal,0,0,none,not_tb,0,not_applicable
4656,40,F,21.7,0,0,0,0,0,0,0,0,0,0,0,0,0,N/A,normal,0,0,none,not_tb,0,not_applicable
4657,42,F,23.5,0,0,0,0,0,0,0,0,0,0,0,0,0,N/A,normal,0,0,none,not_tb,0,not_applicable
4658,46,M,21.3,0,0,0,0,0,0,0,0,0,0,0,0,0,N/A,normal,0,0,none,not_tb,0,not_applicable
4659,16,M,19.0,0,1,3,0,1,1,0,1,0,1,3,1,1,not_detected,infiltrate,1,1,pulmonary,smear_positive_ptb,0,cured
4660,75,M,17.6,0,1,4,0,0,1,0,0,1,1,2,1,1,not_detected,pleural_effusion,1,1,pulmonary,smear_positive_ptb,0,cured
4661,71,F,20.3,0,0,0,0,0,0,0,0,0,0,0,0,0,N/A,old_tb_scar,1,0,none,not_tb,0,not_applicable
4662,24,F,18.8,0,0,0,0,0,0,0,0,1,0,0,0,0,N/A,normal,0,0,none,not_tb,0,not_applicable
4663,30,M,17.8,0,0,0,1,0,1,0,0,0,1,2,0,0,N/A,normal,0,1,extrapulmonary,extrapulmonary_tb,0,cured
4664,33,M,20.8,1,0,0,1,0,0,0,0,0,0,1,0,0,N/A,normal,0,0,none,not_tb,0,not_applicable
4665,40,M,23.1,0,1,6,1,0,1,0,0,1,0,3,0,1,not_detected,infiltrate,1,1,pulmonary,smear_negative_ptb,0,failed
4666,42,M,21.0,1,1,4,1,0,0,0,0,1,1,2,0,1,not_detected,infiltrate,1,1,pulmonary,smear_negative_ptb,0,completed
4667,23,F,21.5,0,0,0,0,0,0,0,0,1,0,0,0,0,N/A,normal,0,0,none,not_tb,0,not_applicable
4668,35,M,17.4,1,1,2,1,1,1,0,0,1,1,4,0,0,N/A,normal,0,1,extrapulmonary,extrapulmonary_tb,0,cured
4669,36,F,20.0,1,0,0,1,1,1,0,0,1,0,3,0,0,N/A,cavity,1,1,pulmonary,smear_negative_ptb,0,completed
4670,39,M,28.8,0,0,0,0,0,0,0,0,0,0,0,0,0,N/A,other_pathology,1,0,none,not_tb,0,not_applicable
4671,40,M,24.8,1,0,0,1,0,0,0,0,0,0,1,0,0,N/A,normal,0,0,none,not_tb,0,not_applicable
4672,29,M,16.0,0,0,0,0,0,0,0,0,0,0,0,0,0,N/A,old_tb_scar,1,0,none,not_tb,0,not_applicable
4673,45,M,25.0,0,1,3,0,0,0,0,0,0,0,1,0,0,N/A,infiltrate,1,0,none,not_tb,0,not_applicable
4674,41,M,21.1,0,1,2,1,0,1,1,1,0,1,3,1,1,not_detected,cavity,1,1,pulmonary,smear_positive_ptb,0,cured
4675,28,F,24.0,1,1,6,1,1,0,0,0,1,1,3,0,1,not_detected,infiltrate,1,1,pulmonary,smear_negative_ptb,0,completed
4676,59,M,17.9,0,0,0,1,0,1,0,1,1,1,2,1,1,not_detected,cavity,1,1,pulmonary,smear_positive_ptb,0,lost_to_followup
4677,27,M,22.5,0,0,0,0,0,0,0,0,0,0,0,0,0,N/A,normal,0,0,none,not_tb,0,not_applicable
4678,31,M,19.6,1,0,0,0,1,1,1,1,1,0,2,0,0,N/A,normal,0,1,extrapulmonary,extrapulmonary_tb,0,died
4679,36,M,19.3,0,0,0,1,0,0,0,0,0,0,1,0,0,N/A,old_tb_scar,1,0,none,not_tb,0,not_applicable
4680,53,F,19.0,0,0,0,0,0,0,0,0,0,0,0,0,0,N/A,normal,0,0,none,not_tb,0,not_applicable
4681,53,F,23.4,0,0,0,0,0,0,0,0,0,1,0,0,0,N/A,normal,0,0,none,not_tb,0,not_applicable
4682,40,M,16.6,0,0,0,0,0,0,0,0,0,0,0,0,0,N/A,normal,0,0,none,not_tb,0,not_applicable
4683,45,F,17.4,0,1,4,0,0,0,0,0,0,0,1,0,0,N/A,infiltrate,1,0,none,not_tb,0,not_applicable
4684,40,F,24.9,0,0,0,0,0,0,0,0,0,0,0,0,0,N/A,other_pathology,1,0,none,not_tb,0,not_applicable
4685,21,F,23.7,0,0,0,0,0,0,0,1,1,0,0,0,0,N/A,other_pathology,1,0,none,not_tb,0,not_applicable
4686,32,M,26.4,1,0,0,1,0,0,0,1,0,0,1,0,0,N/A,old_tb_scar,1,0,none,not_tb,0,not_applicable
4687,50,M,19.7,0,1,2,1,1,1,1,0,1,0,4,1,0,N/A,infiltrate,1,1,pulmonary,smear_positive_ptb,0,completed
4688,45,M,22.0,0,0,0,0,1,0,0,0,0,0,1,0,0,N/A,normal,0,0,none,not_tb,0,not_applicable
4689,39,F,26.5,0,0,0,0,0,0,0,1,0,0,0,0,0,N/A,normal,0,0,none,not_tb,0,not_applicable
4690,15,F,20.5,0,0,0,0,0,0,0,0,0,0,0,0,0,N/A,normal,0,0,none,not_tb,0,not_applicable
4691,30,M,17.7,1,1,7,1,1,0,0,0,1,1,3,1,1,not_detected,pleural_effusion,1,1,pulmonary,smear_positive_ptb,0,cured
4692,69,M,18.3,0,1,3,1,1,1,1,1,1,0,4,1,1,detected,normal,0,1,pulmonary,smear_positive_ptb,1,completed
4693,40,F,19.6,1,1,5,1,0,1,0,1,1,1,3,1,1,not_detected,miliary,1,1,pulmonary,smear_positive_ptb,0,failed
4694,48,F,21.8,0,0,0,0,0,0,0,1,0,0,0,0,0,N/A,normal,0,0,none,not_tb,0,not_applicable
4695,71,M,14.8,0,1,2,1,1,0,0,0,1,1,3,0,0,N/A,normal,0,1,pulmonary,smear_negative_ptb,0,completed
4696,57,F,21.1,1,0,0,0,0,0,0,0,0,0,0,0,0,N/A,old_tb_scar,1,0,none,not_tb,0,not_applicable
4697,33,M,21.9,0,0,0,0,0,0,0,0,0,0,0,0,0,N/A,normal,0,0,none,not_tb,0,not_applicable
4698,42,M,18.8,0,1,6,1,1,1,0,0,1,0,4,1,1,not_detected,cavity,1,1,pulmonary,smear_positive_ptb,0,failed
4699,20,M,20.4,0,0,0,0,0,0,0,0,0,0,0,0,0,N/A,normal,0,0,none,not_tb,0,not_applicable
4700,48,F,23.8,0,0,0,0,0,1,0,0,0,0,1,0,0,N/A,old_tb_scar,1,0,none,not_tb,0,not_applicable
4701,45,F,16.4,0,0,0,0,0,0,0,0,0,0,0,0,0,N/A,old_tb_scar,1,0,none,not_tb,0,not_applicable
4702,43,M,19.5,0,1,3,1,1,0,0,0,0,1,3,1,1,not_detected,infiltrate,1,1,pulmonary,smear_positive_ptb,0,completed
4703,54,M,28.3,1,0,0,0,0,0,0,0,0,0,0,0,0,N/A,normal,0,0,none,not_tb,0,not_applicable
4704,69,M,19.9,1,0,0,0,0,0,0,1,1,0,0,0,0,N/A,normal,0,0,none,not_tb,0,not_applicable
4705,21,M,18.6,1,0,0,0,0,1,0,0,1,1,1,0,1,not_detected,normal,0,1,extrapulmonary,extrapulmonary_tb,0,cured
4706,27,M,21.1,0,0,0,0,0,0,0,0,0,0,0,0,0,N/A,old_tb_scar,1,0,none,not_tb,0,not_applicable
4707,36,M,21.2,0,0,0,0,0,0,0,0,0,0,0,1,0,N/A,other_pathology,1,0,none,not_tb,0,not_applicable
4708,18,M,18.4,0,0,0,0,0,0,0,0,0,0,0,0,0,N/A,normal,0,0,none,not_tb,0,not_applicable
4709,29,M,23.5,0,0,0,0,0,1,0,1,1,1,1,1,1,not_detected,infiltrate,1,1,pulmonary,smear_positive_ptb,0,cured
4710,39,M,23.4,1,0,0,0,0,0,0,0,0,0,0,0,0,N/A,normal,0,0,none,not_tb,0,not_applicable
4711,68,F,19.7,0,0,0,0,0,0,0,0,0,0,0,0,0,N/A,old_tb_scar,1,0,none,not_tb,0,not_applicable
4712,24,M,19.3,0,0,0,1,0,0,0,0,0,0,1,0,0,N/A,normal,0,0,none,not_tb,0,not_applicable
4713,42,F,22.2,1,0,0,0,0,0,0,0,0,0,0,0,0,N/A,normal,0,0,none,not_tb,0,not_applicable
4714,27,F,14.4,0,0,0,0,0,0,0,0,0,0,0,0,0,N/A,other_pathology,1,0,none,not_tb,0,not_applicable
4715,15,M,21.1,1,1,4,0,1,0,0,1,1,1,2,0,0,N/A,infiltrate,1,1,pulmonary,smear_negative_ptb,0,cured
4716,20,M,20.2,0,0,0,0,0,0,0,0,0,0,0,0,0,N/A,normal,0,0,none,not_tb,0,not_applicable
4717,19,M,23.4,0,0,0,0,0,0,0,0,0,0,0,0,0,N/A,old_tb_scar,1,0,none,not_tb,0,not_applicable
4718,44,F,19.6,1,1,7,1,1,0,0,0,1,0,3,1,1,detected,cavity,1,1,pulmonary,smear_positive_ptb,1,lost_to_followup
4719,50,M,25.4,0,0,0,1,0,0,0,0,0,0,1,0,0,N/A,normal,0,0,none,not_tb,0,not_applicable
4720,27,M,23.7,0,0,0,0,0,0,0,0,1,0,0,0,0,N/A,old_tb_scar,1,0,none,not_tb,0,not_applicable
4721,44,M,20.4,1,1,5,1,1,1,1,0,0,0,4,0,0,N/A,normal,0,1,extrapulmonary,extrapulmonary_tb,0,cured
4722,37,M,21.0,0,1,8,0,0,0,0,0,0,1,1,0,1,not_detected,cavity,1,1,pulmonary,smear_negative_ptb,0,died
4723,33,M,20.8,0,0,0,0,0,0,0,0,0,0,0,0,0,N/A,old_tb_scar,1,0,none,not_tb,0,not_applicable
4724,71,F,23.9,1,0,0,0,0,0,0,0,1,0,0,0,1,not_detected,normal,0,1,extrapulmonary,extrapulmonary_tb,0,completed
4725,39,M,19.4,0,1,9,1,1,0,0,0,0,0,3,0,1,not_detected,infiltrate,1,1,pulmonary,smear_negative_ptb,0,cured
4726,46,M,18.4,0,0,0,1,1,1,0,1,1,0,3,1,1,not_detected,cavity,1,1,pulmonary,smear_positive_ptb,0,cured
4727,15,F,19.1,1,0,0,0,0,0,0,0,0,0,0,0,0,N/A,normal,0,0,none,not_tb,0,not_applicable
4728,48,M,21.3,0,0,0,0,1,0,0,0,1,0,1,0,0,N/A,normal,0,0,none,not_tb,0,not_applicable
4729,41,F,23.4,0,0,0,0,0,0,0,0,0,0,0,0,0,N/A,normal,0,0,none,not_tb,0,not_applicable
4730,35,M,22.3,0,0,0,0,0,0,0,0,0,0,0,0,0,N/A,normal,0,0,none,not_tb,0,not_applicable
4731,41,M,28.4,1,0,0,0,0,0,0,0,0,0,0,0,0,N/A,normal,0,0,none,not_tb,0,not_applicable
4732,31,F,17.5,1,1,5,0,1,1,0,1,1,1,3,1,1,not_detected,normal,0,1,pulmonary,smear_positive_ptb,0,cured
4733,41,M,24.4,0,0,0,0,0,0,0,0,0,0,0,0,0,N/A,normal,0,0,none,not_tb,0,not_applicable
4734,44,M,18.1,0,0,0,0,0,0,0,0,1,0,0,0,0,N/A,normal,0,0,none,not_tb,0,not_applicable
4735,28,F,24.0,1,1,4,1,1,1,0,1,0,0,4,0,1,not_detected,infiltrate,1,1,pulmonary,smear_negative_ptb,0,cured
4736,29,F,17.8,0,0,0,1,0,0,0,0,0,0,1,0,0,N/A,normal,0,0,none,not_tb,0,not_applicable
4737,52,F,23.7,0,1,3,1,1,0,0,1,0,1,3,1,1,not_detected,pleural_effusion,1,1,pulmonary,smear_positive_ptb,0,cured
4738,28,M,21.5,0,0,0,0,0,0,0,1,0,0,0,0,0,N/A,normal,0,0,none,not_tb,0,not_applicable
4739,28,M,14.2,0,0,0,1,0,0,0,0,1,0,1,0,0,N/A,normal,0,0,none,not_tb,0,not_applicable
4740,23,F,26.7,0,0,0,0,0,0,0,0,0,1,0,0,0,N/A,normal,0,0,none,not_tb,0,not_applicable
4741,39,M,18.7,0,1,8,1,1,0,0,1,0,1,3,1,1,not_detected,infiltrate,1,1,pulmonary,smear_positive_ptb,0,cured
4742,33,M,20.4,0,0,0,0,1,1,0,0,0,0,2,0,0,N/A,normal,0,0,none,not_tb,0,not_applicable
4743,25,F,24.2,0,0,0,0,0,0,0,0,0,0,0,0,0,N/A,normal,0,0,none,not_tb,0,not_applicable
4744,23,M,20.2,0,1,6,1,1,1,0,0,0,1,4,1,0,N/A,infiltrate,1,1,pulmonary,smear_positive_ptb,0,lost_to_followup
4745,33,M,23.5,0,0,0,0,0,0,0,0,0,1,0,0,0,N/A,normal,0,0,none,not_tb,0,not_applicable
4746,24,M,21.3,0,0,0,1,0,0,0,0,1,1,1,1,1,not_detected,normal,0,1,pulmonary,smear_positive_ptb,0,cured
4747,35,M,22.9,0,0,0,0,0,0,0,0,0,0,0,0,0,N/A,normal,0,0,none,not_tb,0,not_applicable
4748,56,F,24.3,0,0,0,0,0,0,0,0,0,0,0,0,0,N/A,normal,0,0,none,not_tb,0,not_applicable
4749,39,F,17.2,0,1,6,0,1,1,0,0,1,1,3,0,1,not_detected,infiltrate,1,1,pulmonary,smear_negative_ptb,0,cured
4750,33,M,20.4,1,1,3,0,0,1,0,1,1,1,2,0,1,not_detected,pleural_effusion,1,1,extrapulmonary,extrapulmonary_tb,0,failed
4751,30,M,17.2,1,1,4,1,0,1,0,0,1,0,3,0,1,not_detected,miliary,1,1,pulmonary,smear_negative_ptb,0,died
4752,25,M,18.1,0,0,0,0,0,0,0,0,0,0,0,0,0,N/A,normal,0,0,none,not_tb,0,not_applicable
4753,30,M,21.3,0,0,0,0,0,0,0,0,0,0,0,0,0,N/A,normal,0,0,none,not_tb,0,not_applicable
4754,41,M,17.8,0,1,5,1,1,1,0,0,0,1,4,0,0,N/A,normal,0,1,extrapulmonary,extrapulmonary_tb,0,cured
4755,51,F,20.8,0,1,7,0,1,0,0,0,1,1,2,1,1,not_detected,infiltrate,1,1,pulmonary,smear_positive_ptb,0,lost_to_followup
4756,42,M,16.9,1,0,0,0,0,1,0,0,0,0,1,0,0,N/A,old_tb_scar,1,0,none,not_tb,0,not_applicable
4757,31,M,21.2,0,1,6,1,1,1,0,0,1,1,4,1,1,not_detected,infiltrate,1,1,pulmonary,smear_positive_ptb,0,failed
4758,48,F,16.9,1,0,0,0,1,1,0,0,0,0,2,0,1,not_detected,pleural_effusion,1,1,pulmonary,smear_negative_ptb,0,cured
4759,36,M,13.4,0,0,0,0,0,0,0,1,0,0,0,0,0,N/A,normal,0,0,none,not_tb,0,not_applicable
4760,35,F,15.5,1,1,5,1,1,0,0,0,0,0,3,0,1,not_detected,cavity,1,1,pulmonary,smear_negative_ptb,0,cured
4761,27,M,20.9,0,0,0,0,0,0,0,0,1,1,0,0,0,N/A,normal,0,0,none,not_tb,0,not_applicable
4762,51,M,19.6,0,0,0,0,1,0,0,0,1,0,1,0,1,not_detected,infiltrate,1,1,pulmonary,smear_negative_ptb,0,cured
4763,49,F,21.5,0,1,2,0,0,0,0,0,0,1,1,0,0,N/A,normal,0,0,none,not_tb,0,not_applicable
4764,31,M,15.5,1,1,2,0,0,1,1,0,1,0,2,1,1,not_detected,infiltrate,1,1,pulmonary,smear_positive_ptb,0,cured
4765,39,M,16.6,0,1,5,0,1,1,0,0,1,0,3,1,1,not_detected,infiltrate,1,1,pulmonary,smear_positive_ptb,0,died
4766,50,M,15.5,1,1,4,1,1,1,0,1,1,0,4,0,0,N/A,normal,0,1,extrapulmonary,extrapulmonary_tb,1,cured
4767,31,F,22.9,0,0,0,0,0,0,0,1,0,0,0,0,0,N/A,normal,0,0,none,not_tb,0,not_applicable
4768,37,M,18.3,1,0,0,1,1,0,0,0,1,1,2,1,1,not_detected,cavity,1,1,pulmonary,smear_positive_ptb,0,completed
4769,38,M,20.0,0,1,3,0,1,1,0,0,1,1,3,0,0,N/A,pleural_effusion,1,1,pulmonary,smear_negative_ptb,0,lost_to_followup
4770,39,F,15.8,1,0,0,0,0,0,0,0,0,0,0,0,0,N/A,normal,0,0,none,not_tb,0,not_applicable
4771,56,F,17.2,0,1,6,1,0,0,0,0,0,1,2,1,1,not_detected,infiltrate,1,1,pulmonary,smear_positive_ptb,0,cured
4772,46,M,23.6,0,0,0,1,1,0,0,0,1,1,2,0,1,not_detected,normal,0,1,extrapulmonary,extrapulmonary_tb,0,cured
4773,48,M,20.1,0,1,6,1,0,0,1,1,1,0,2,1,0,N/A,pleural_effusion,1,1,pulmonary,smear_positive_ptb,1,cured
4774,31,M,21.0,0,0,0,0,0,0,0,0,0,0,0,0,0,N/A,other_pathology,1,0,none,not_tb,0,not_applicable
4775,42,M,16.0,1,0,0,1,1,0,1,1,1,0,2,1,1,not_detected,infiltrate,1,1,pulmonary,smear_positive_ptb,0,cured
4776,36,M,21.3,0,1,4,1,1,0,0,1,1,1,3,0,0,N/A,infiltrate,1,1,pulmonary,smear_negative_ptb,0,lost_to_followup
4777,81,M,27.4,0,0,0,0,0,1,0,0,1,0,1,0,0,N/A,infiltrate,1,0,none,not_tb,0,not_applicable
4778,20,M,18.0,0,0,0,0,0,0,0,0,0,0,0,0,0,N/A,normal,0,0,none,not_tb,0,not_applicable
4779,35,M,15.9,1,1,4,1,1,1,0,1,0,1,4,0,1,not_detected,infiltrate,1,1,pulmonary,smear_negative_ptb,0,completed
4780,20,F,23.0,0,0,0,0,0,0,0,1,0,0,0,0,0,N/A,normal,0,0,none,not_tb,0,not_applicable
4781,15,M,19.4,0,1,3,1,1,0,0,1,1,0,3,1,0,N/A,normal,0,1,extrapulmonary,extrapulmonary_tb,0,cured
4782,28,F,23.7,0,0,0,0,0,0,0,1,1,0,0,0,0,N/A,other_pathology,1,0,none,not_tb,0,not_applicable
4783,60,F,28.5,0,0,0,0,0,0,0,0,0,0,0,0,0,N/A,infiltrate,1,0,none,not_tb,0,not_applicable
4784,24,F,18.6,1,0,0,0,0,0,0,0,1,0,0,0,0,N/A,old_tb_scar,1,0,none,not_tb,0,not_applicable
4785,50,F,22.1,0,0,0,0,0,0,0,0,0,0,0,0,0,N/A,normal,0,0,none,not_tb,0,not_applicable
4786,16,F,24.5,0,0,0,0,0,0,0,0,1,0,0,0,0,N/A,normal,0,0,none,not_tb,0,not_applicable
4787,35,M,20.3,0,1,4,0,1,1,0,1,1,0,3,1,1,detected,infiltrate,1,1,pulmonary,smear_positive_ptb,1,cured
4788,17,F,19.7,0,0,0,0,0,0,0,0,0,0,0,0,0,N/A,normal,0,0,none,not_tb,0,not_applicable
4789,21,M,19.9,0,0,0,0,0,0,0,0,0,0,0,0,0,N/A,old_tb_scar,1,0,none,not_tb,0,not_applicable
4790,39,F,20.4,0,0,0,0,0,0,0,0,0,0,0,0,1,not_detected,infiltrate,1,0,none,not_tb,0,not_applicable
4791,40,M,28.0,0,0,0,0,0,0,0,0,0,0,0,0,0,N/A,normal,0,0,none,not_tb,0,not_applicable
4792,29,M,18.6,0,0,0,0,0,1,0,0,0,0,1,0,0,N/A,normal,0,0,none,not_tb,0,not_applicable
4793,41,M,20.9,0,0,0,0,0,0,0,0,0,0,0,0,0,N/A,other_pathology,1,0,none,not_tb,0,not_applicable
4794,23,F,24.7,0,0,0,0,0,0,0,0,0,1,0,0,0,N/A,normal,0,0,none,not_tb,0,not_applicable
4795,19,M,18.2,0,0,0,0,0,0,0,0,1,0,0,0,0,N/A,normal,0,0,none,not_tb,0,not_applicable
4796,44,M,19.1,0,0,0,1,0,1,0,0,0,1,2,0,0,N/A,normal,0,1,extrapulmonary,extrapulmonary_tb,0,cured
4797,29,M,15.4,1,0,0,0,0,0,0,0,0,0,0,0,0,N/A,normal,0,0,none,not_tb,0,not_applicable
4798,42,M,19.0,0,1,6,1,1,1,0,1,1,1,4,1,1,not_detected,cavity,1,1,pulmonary,smear_positive_ptb,0,lost_to_followup
4799,66,F,18.6,0,1,8,0,0,1,0,1,1,1,2,0,1,not_detected,pleural_effusion,1,1,pulmonary,smear_negative_ptb,0,cured
4800,42,F,18.9,1,0,0,0,1,1,0,0,1,1,2,0,0,N/A,normal,0,1,extrapulmonary,extrapulmonary_tb,0,cured
4801,28,M,19.0,0,0,0,0,0,0,0,0,0,0,0,0,0,N/A,normal,0,0,none,not_tb,0,not_applicable
4802,32,M,22.8,1,0,0,0,0,0,0,0,0,0,0,0,0,N/A,normal,0,0,none,not_tb,0,not_applicable
4803,44,M,18.4,1,1,4,1,1,1,0,0,1,1,4,1,1,not_detected,normal,0,1,pulmonary,smear_positive_ptb,0,cured
4804,26,M,21.7,0,1,9,0,1,1,0,0,1,1,3,1,1,not_detected,infiltrate,1,1,pulmonary,smear_positive_ptb,0,cured
4805,47,F,24.2,0,0,0,0,0,0,0,0,0,0,0,0,0,N/A,normal,0,0,none,not_tb,0,not_applicable
4806,36,F,16.9,0,0,0,0,0,0,0,0,0,0,0,0,0,N/A,infiltrate,1,0,none,not_tb,0,not_applicable
4807,22,M,16.4,1,1,5,1,1,1,0,0,1,1,4,1,1,not_detected,infiltrate,1,1,pulmonary,smear_positive_ptb,0,cured
4808,32,F,19.8,0,0,0,1,0,0,0,0,0,1,1,1,0,N/A,infiltrate,1,0,none,not_tb,0,not_applicable
4809,51,M,19.0,1,0,0,1,0,0,0,0,1,0,1,0,1,not_detected,cavity,1,1,pulmonary,smear_negative_ptb,0,cured
4810,31,M,21.4,0,0,0,1,1,0,0,0,0,0,2,0,0,N/A,normal,0,0,none,not_tb,0,not_applicable
4811,32,M,18.1,1,1,5,1,1,1,0,1,0,1,4,0,1,detected,cavity,1,1,pulmonary,smear_negative_ptb,1,completed
4812,50,F,31.9,0,0,0,0,1,0,0,0,0,0,1,0,0,N/A,normal,0,0,none,not_tb,0,not_applicable
4813,62,M,17.2,1,1,9,0,0,0,0,1,1,1,1,1,1,not_detected,pleural_effusion,1,1,pulmonary,smear_positive_ptb,0,cured
4814,33,F,26.9,1,0,0,0,0,0,0,0,0,0,0,0,0,N/A,normal,0,0,none,not_tb,0,not_applicable
4815,30,M,18.1,0,1,2,1,0,1,0,0,1,1,3,1,1,not_detected,infiltrate,1,1,pulmonary,smear_positive_ptb,0,cured
4816,22,M,14.4,0,0,0,0,0,0,0,0,0,0,0,0,0,N/A,normal,0,0,none,not_tb,0,not_applicable
4817,22,M,22.7,0,0,0,0,0,0,0,1,1,0,0,0,0,N/A,old_tb_scar,1,0,none,not_tb,0,not_applicable
4818,39,M,25.9,0,0,0,0,0,0,0,0,1,0,0,0,0,N/A,normal,0,0,none,not_tb,0,not_applicable
4819,30,M,24.2,0,0,0,0,0,0,0,0,1,0,0,0,0,N/A,normal,0,0,none,not_tb,0,not_applicable
4820,43,M,22.9,1,0,0,0,0,0,0,0,0,0,0,0,0,N/A,normal,0,0,none,not_tb,0,not_applicable
4821,38,F,22.1,0,0,0,0,0,0,0,1,0,0,0,0,0,N/A,normal,0,0,none,not_tb,0,not_applicable
4822,50,M,20.3,0,0,0,0,0,0,0,0,0,0,0,1,0,N/A,other_pathology,1,0,none,not_tb,0,not_applicable
4823,47,F,20.7,0,1,6,1,1,1,0,1,1,0,4,0,1,not_detected,cavity,1,1,pulmonary,smear_negative_ptb,0,cured
4824,25,F,20.5,0,0,0,0,0,0,0,0,0,0,0,0,0,N/A,normal,0,0,none,not_tb,0,not_applicable
4825,38,M,19.8,0,0,0,0,1,0,0,0,1,0,1,0,0,N/A,normal,0,0,none,not_tb,0,not_applicable
4826,54,M,19.5,0,0,0,1,1,1,0,0,0,1,3,1,1,not_detected,infiltrate,1,1,pulmonary,smear_positive_ptb,0,cured
4827,43,M,17.7,1,0,0,1,1,0,0,0,0,1,2,1,1,not_detected,cavity,1,1,pulmonary,smear_positive_ptb,0,cured
4828,46,M,21.7,0,1,5,0,1,0,0,0,0,0,2,0,0,N/A,cavity,1,1,pulmonary,smear_negative_ptb,0,cured
4829,56,F,23.6,0,0,0,0,0,0,0,0,0,0,0,0,1,not_detected,infiltrate,1,0,none,not_tb,0,not_applicable
4830,28,F,19.3,0,0,0,0,0,0,0,0,0,0,0,0,0,N/A,normal,0,0,none,not_tb,0,not_applicable
4831,29,F,15.6,0,0,0,0,1,0,0,0,0,1,1,1,1,detected,infiltrate,1,1,pulmonary,smear_positive_ptb,1,cured
4832,42,M,20.0,0,0,0,1,0,1,0,0,0,0,2,0,0,N/A,infiltrate,1,0,none,not_tb,0,not_applicable
4833,48,F,24.3,0,0,0,1,1,1,0,0,1,1,3,0,0,N/A,infiltrate,1,1,pulmonary,smear_negative_ptb,0,cured
4834,54,F,17.9,0,1,5,0,1,0,0,0,0,1,2,1,1,not_detected,infiltrate,1,1,pulmonary,smear_positive_ptb,0,cured
4835,34,M,24.7,0,0,0,0,0,0,0,0,0,0,0,0,1,not_detected,normal,0,0,none,not_tb,0,not_applicable
4836,33,F,15.2,0,1,3,0,0,1,0,0,1,1,2,0,1,not_detected,pleural_effusion,1,1,extrapulmonary,extrapulmonary_tb,0,cured
4837,21,M,18.2,0,0,0,1,0,0,0,0,0,1,1,0,0,N/A,old_tb_scar,1,0,none,not_tb,0,not_applicable
4838,17,M,21.3,0,0,0,0,0,0,0,0,1,0,0,0,0,N/A,normal,0,0,none,not_tb,0,not_applicable
4839,35,M,22.8,1,1,7,0,1,0,0,0,1,1,2,0,1,not_detected,cavity,1,1,pulmonary,smear_negative_ptb,0,failed
4840,35,M,15.3,1,1,4,1,1,1,0,1,1,1,4,1,1,detected,infiltrate,1,1,pulmonary,smear_positive_ptb,1,died
4841,66,F,16.9,0,0,0,0,1,0,0,0,0,0,1,0,1,not_detected,infiltrate,1,1,pulmonary,smear_negative_ptb,0,cured
4842,59,M,25.2,0,0,0,0,0,1,0,0,1,0,1,0,0,N/A,normal,0,0,none,not_tb,0,not_applicable
4843,31,M,27.6,0,0,0,0,0,0,0,0,0,0,0,0,0,N/A,normal,0,0,none,not_tb,0,not_applicable
4844,37,M,23.5,1,0,0,0,0,0,0,0,0,0,0,0,0,N/A,normal,0,0,none,not_tb,0,not_applicable
4845,27,M,20.2,1,1,4,0,0,0,1,0,0,1,1,1,1,not_detected,infiltrate,1,1,extrapulmonary,extrapulmonary_tb,0,cured
4846,54,M,18.9,0,0,0,0,0,0,0,0,0,0,0,0,0,N/A,other_pathology,1,0,none,not_tb,0,not_applicable
4847,29,M,15.2,0,1,6,0,1,0,0,0,1,0,2,1,1,detected,cavity,1,1,pulmonary,smear_positive_ptb,0,cured
4848,54,F,18.0,0,0,0,0,0,1,0,1,0,0,1,0,0,N/A,normal,0,0,none,not_tb,0,not_applicable
4849,54,M,16.3,1,1,4,1,1,1,0,0,1,0,4,0,1,not_detected,pleural_effusion,1,1,pulmonary,smear_negative_ptb,0,cured
4850,38,F,22.8,0,0,0,0,0,1,0,0,0,0,1,1,0,N/A,other_pathology,1,0,none,not_tb,0,not_applicable
4851,22,M,17.7,0,1,5,0,1,0,0,0,0,0,2,0,0,N/A,other_pathology,1,0,none,not_tb,0,not_applicable
4852,33,F,19.1,0,1,5,1,1,1,0,1,1,1,4,1,1,detected,infiltrate,1,1,pulmonary,smear_positive_ptb,0,failed
4853,34,F,17.7,1,1,2,1,0,0,1,0,1,1,2,1,1,not_detected,normal,0,1,pulmonary,smear_positive_ptb,0,cured
4854,34,M,20.0,0,0,0,0,0,0,0,0,0,0,0,0,0,N/A,normal,0,0,none,not_tb,0,not_applicable
4855,43,M,25.1,0,0,0,0,0,1,0,0,0,0,1,0,0,N/A,old_tb_scar,1,0,none,not_tb,0,not_applicable
4856,55,F,18.6,0,0,0,0,0,0,0,1,0,1,0,0,0,N/A,normal,0,0,none,not_tb,0,not_applicable
4857,28,M,22.1,1,1,2,0,1,1,0,1,0,0,3,0,1,not_detected,infiltrate,1,1,pulmonary,smear_negative_ptb,0,cured
4858,25,F,20.6,1,1,9,1,1,1,0,0,0,1,4,1,1,not_detected,cavity,1,1,pulmonary,smear_positive_ptb,0,cured
4859,41,M,16.0,0,1,4,0,0,1,1,1,1,1,2,1,1,not_detected,pleural_effusion,1,1,pulmonary,smear_positive_ptb,0,cured
4860,26,M,26.2,1,1,4,0,0,0,0,0,0,1,1,0,0,N/A,normal,0,0,none,not_tb,0,not_applicable
4861,18,M,15.7,0,1,4,1,0,1,0,0,1,1,3,1,1,not_detected,pleural_effusion,1,1,pulmonary,smear_positive_ptb,0,cured
4862,40,F,26.5,0,0,0,0,1,0,0,0,0,0,1,0,0,N/A,normal,0,0,none,not_tb,0,not_applicable
4863,20,M,23.2,1,0,0,1,0,0,0,0,1,0,1,0,0,N/A,old_tb_scar,1,0,none,not_tb,0,not_applicable
4864,30,F,14.6,1,0,0,1,1,1,0,1,1,0,3,0,1,not_detected,cavity,1,1,pulmonary,smear_negative_ptb,0,cured
4865,42,F,17.5,1,0,0,0,0,1,0,0,0,0,1,0,0,N/A,normal,0,0,none,not_tb,0,not_applicable
4866,42,M,20.6,0,0,0,0,0,0,0,0,1,0,0,0,0,N/A,normal,0,0,none,not_tb,0,not_applicable
4867,40,M,20.7,1,1,3,0,1,0,0,0,1,0,2,0,1,not_detected,pleural_effusion,1,1,pulmonary,smear_negative_ptb,0,cured
4868,36,M,18.1,0,1,4,0,1,1,0,0,0,1,3,0,1,detected,cavity,1,1,pulmonary,smear_negative_ptb,1,cured
4869,42,M,18.0,1,1,5,0,1,0,0,1,0,0,2,0,0,N/A,miliary,1,1,pulmonary,smear_negative_ptb,0,cured
4870,37,F,22.1,0,1,4,0,0,1,0,0,1,0,2,0,0,N/A,normal,0,0,none,not_tb,0,not_applicable
4871,35,M,15.0,0,0,0,1,0,0,0,1,0,0,1,0,0,N/A,old_tb_scar,1,0,none,not_tb,0,not_applicable
4872,52,M,24.9,0,1,3,1,0,0,0,0,1,0,2,0,0,N/A,old_tb_scar,1,0,none,not_tb,0,not_applicable
4873,25,F,26.7,0,0,0,0,0,0,0,0,0,0,0,0,0,N/A,infiltrate,1,0,none,not_tb,0,not_applicable
4874,39,F,24.8,0,0,0,0,0,1,0,0,0,0,1,0,0,N/A,old_tb_scar,1,0,none,not_tb,0,not_applicable
4875,34,M,20.5,0,0,0,0,0,0,0,0,0,0,0,0,0,N/A,normal,0,0,none,not_tb,0,not_applicable
4876,52,M,16.3,0,1,6,1,1,1,0,0,1,1,4,1,1,not_detected,normal,0,1,pulmonary,smear_positive_ptb,0,cured
4877,50,M,18.2,0,0,0,0,0,0,0,1,0,0,0,0,0,N/A,normal,0,0,none,not_tb,0,not_applicable
4878,39,F,18.0,1,0,0,1,0,0,0,0,1,0,1,0,0,N/A,normal,0,0,none,not_tb,0,not_applicable
4879,50,M,24.2,0,1,3,1,1,1,0,0,0,0,4,1,1,not_detected,pleural_effusion,1,1,pulmonary,smear_positive_ptb,0,cured
4880,35,M,18.3,1,0,0,1,0,1,0,0,1,0,2,0,1,not_detected,normal,0,1,extrapulmonary,extrapulmonary_tb,0,completed
4881,24,M,25.2,0,0,0,1,0,0,0,0,0,0,1,0,0,N/A,normal,0,0,none,not_tb,0,not_applicable
4882,56,F,25.0,1,0,0,1,0,0,0,0,1,0,1,0,0,N/A,normal,0,0,none,not_tb,0,not_applicable
4883,21,F,22.5,1,0,0,0,0,0,0,0,0,0,0,0,0,N/A,normal,0,0,none,not_tb,0,not_applicable
4884,42,M,18.7,0,0,0,0,0,0,0,0,0,1,0,0,0,N/A,normal,0,0,none,not_tb,0,not_applicable
4885,61,F,19.8,0,1,5,1,0,1,0,1,0,1,3,1,1,not_detected,miliary,1,1,pulmonary,smear_positive_ptb,0,cured
4886,26,F,18.2,0,0,0,0,0,0,0,0,0,0,0,0,0,N/A,normal,0,0,none,not_tb,0,not_applicable
4887,56,M,24.1,0,0,0,0,0,0,0,0,1,1,0,0,0,N/A,other_pathology,1,0,none,not_tb,0,not_applicable
4888,32,F,18.4,0,0,0,0,0,0,0,0,1,0,0,0,0,N/A,normal,0,0,none,not_tb,0,not_applicable
4889,40,M,17.4,0,1,3,0,0,1,0,0,0,0,2,1,1,not_detected,cavity,1,1,pulmonary,smear_positive_ptb,0,cured
4890,54,F,17.4,0,1,5,1,1,0,0,0,1,0,3,1,1,not_detected,infiltrate,1,1,pulmonary,smear_positive_ptb,0,completed
4891,53,M,26.9,0,0,0,0,0,0,0,0,0,0,0,0,0,N/A,normal,0,0,none,not_tb,0,not_applicable
4892,27,M,13.5,1,0,0,0,0,0,0,0,0,0,0,1,0,N/A,normal,0,0,none,not_tb,0,not_applicable
4893,25,M,30.2,0,0,0,0,0,0,0,0,0,0,0,0,0,N/A,normal,0,0,none,not_tb,0,not_applicable
4894,34,M,19.2,0,0,0,0,0,0,0,0,0,1,0,0,0,N/A,normal,0,0,none,not_tb,0,not_applicable
4895,43,F,21.6,0,0,0,0,0,0,0,0,0,0,0,0,0,N/A,normal,0,0,none,not_tb,0,not_applicable
4896,20,M,19.5,1,1,3,1,0,1,0,0,1,0,3,0,1,not_detected,normal,0,1,extrapulmonary,extrapulmonary_tb,0,cured
4897,58,M,23.1,1,0,0,0,0,0,0,0,0,0,0,0,0,N/A,old_tb_scar,1,0,none,not_tb,0,not_applicable
4898,18,M,20.6,1,1,5,1,0,1,1,0,1,0,3,1,1,not_detected,normal,0,1,pulmonary,smear_positive_ptb,0,lost_to_followup
4899,50,F,24.1,0,0,0,0,0,0,0,0,0,0,0,0,0,N/A,normal,0,0,none,not_tb,0,not_applicable
4900,18,F,29.1,0,1,4,0,0,0,0,0,0,0,1,0,0,N/A,other_pathology,1,0,none,not_tb,0,not_applicable
4901,35,M,20.3,0,1,3,0,0,1,0,0,0,0,2,1,1,not_detected,cavity,1,1,pulmonary,smear_positive_ptb,0,completed
4902,18,M,18.2,1,1,6,1,1,1,0,0,1,0,4,1,0,N/A,normal,0,1,extrapulmonary,extrapulmonary_tb,0,cured
4903,42,M,20.1,0,0,0,0,0,0,0,0,1,0,0,0,0,N/A,normal,0,0,none,not_tb,0,not_applicable
4904,53,F,17.1,0,1,6,0,0,0,0,1,0,1,1,1,1,not_detected,infiltrate,1,1,pulmonary,smear_positive_ptb,0,cured
4905,25,F,26.5,0,1,5,0,0,0,0,0,0,1,1,0,0,N/A,normal,0,0,none,not_tb,0,not_applicable
4906,49,M,28.1,0,0,0,0,0,0,0,0,0,0,0,0,0,N/A,normal,0,0,none,not_tb,0,not_applicable
4907,49,F,21.0,1,1,2,1,0,1,0,0,1,0,3,1,1,detected,infiltrate,1,1,pulmonary,smear_positive_ptb,1,died
4908,49,M,12.0,0,1,2,1,0,1,0,1,0,1,3,1,1,detected,cavity,1,1,pulmonary,smear_positive_ptb,1,cured
4909,37,F,12.9,0,1,5,0,0,1,0,1,0,1,2,1,1,not_detected,infiltrate,1,1,pulmonary,smear_positive_ptb,0,cured
4910,22,M,18.5,1,0,0,1,0,1,0,1,1,0,2,0,0,N/A,normal,0,1,extrapulmonary,extrapulmonary_tb,1,cured
4911,34,M,21.4,0,0,0,1,0,0,0,0,0,1,1,0,0,N/A,normal,0,0,none,not_tb,0,not_applicable
4912,46,M,22.1,0,0,0,1,0,0,0,0,0,0,1,0,0,N/A,normal,0,0,none,not_tb,0,not_applicable
4913,38,M,26.4,0,0,0,0,0,0,0,0,0,0,0,0,0,N/A,normal,0,0,none,not_tb,0,not_applicable
4914,30,F,21.5,1,1,3,1,0,1,0,0,0,0,3,0,0,N/A,infiltrate,1,1,pulmonary,smear_negative_ptb,1,cured
4915,15,M,22.6,0,0,0,0,0,0,0,0,0,0,0,0,0,N/A,normal,0,0,none,not_tb,0,not_applicable
4916,67,F,16.7,0,0,0,0,0,0,0,0,0,0,0,0,0,N/A,normal,0,0,none,not_tb,0,not_applicable
4917,49,F,15.4,0,1,6,1,0,1,0,0,1,1,3,1,1,not_detected,infiltrate,1,1,pulmonary,smear_positive_ptb,0,cured
4918,38,F,22.2,0,0,0,0,0,0,0,0,0,0,0,0,0,N/A,normal,0,0,none,not_tb,0,not_applicable
4919,32,F,19.5,0,1,3,1,1,1,0,0,0,1,4,0,1,not_detected,miliary,1,1,pulmonary,smear_negative_ptb,0,completed
4920,47,M,15.5,0,1,4,0,0,1,0,0,1,0,2,1,1,not_detected,cavity,1,1,pulmonary,smear_positive_ptb,0,cured
4921,36,M,20.2,0,1,4,0,1,1,0,1,0,0,3,1,1,not_detected,cavity,1,1,pulmonary,smear_positive_ptb,0,cured
4922,37,M,15.9,0,0,0,0,0,0,0,0,1,0,0,0,0,N/A,normal,0,0,none,not_tb,0,not_applicable
4923,54,M,12.0,0,1,9,0,1,0,0,1,0,1,2,1,1,not_detected,cavity,1,1,pulmonary,smear_positive_ptb,0,cured
4924,28,F,18.9,1,0,0,0,0,0,0,1,0,0,0,0,0,N/A,other_pathology,1,0,none,not_tb,0,not_applicable
4925,51,M,26.8,0,0,0,0,0,0,0,0,0,0,0,0,0,N/A,old_tb_scar,1,0,none,not_tb,0,not_applicable
4926,45,M,22.3,0,1,5,0,0,0,0,1,1,1,1,0,1,not_detected,normal,0,1,pulmonary,smear_negative_ptb,0,cured
4927,19,M,16.4,0,0,0,1,1,0,0,0,0,0,2,0,0,N/A,other_pathology,1,0,none,not_tb,0,not_applicable
4928,44,M,14.7,0,0,0,0,1,1,0,0,1,0,2,0,1,not_detected,pleural_effusion,1,1,pulmonary,smear_negative_ptb,0,cured
4929,26,F,20.4,0,1,4,1,1,0,0,0,0,1,3,0,1,not_detected,infiltrate,1,1,pulmonary,smear_negative_ptb,0,cured
4930,53,M,20.5,0,0,0,1,0,0,0,0,0,0,1,0,0,N/A,infiltrate,1,0,none,not_tb,0,not_applicable
4931,29,F,21.9,1,1,2,1,1,1,0,0,1,0,4,0,1,not_detected,miliary,1,1,pulmonary,smear_negative_ptb,0,cured
4932,36,F,20.4,0,1,4,1,0,1,0,0,0,1,3,1,1,not_detected,normal,0,1,pulmonary,smear_positive_ptb,0,cured
4933,24,F,25.2,1,0,0,1,1,0,0,0,0,0,2,0,0,N/A,normal,0,0,none,not_tb,0,not_applicable
4934,57,M,19.1,0,0,0,0,0,0,0,0,0,0,0,0,0,N/A,normal,0,0,none,not_tb,0,not_applicable
4935,52,F,19.6,1,0,0,0,0,0,0,0,1,1,0,0,0,N/A,infiltrate,1,1,pulmonary,smear_negative_ptb,0,cured
4936,57,M,29.1,0,0,0,0,0,0,0,0,0,0,0,0,0,N/A,other_pathology,1,0,none,not_tb,0,not_applicable
4937,57,M,22.5,1,0,0,0,0,0,0,0,0,0,0,0,0,N/A,normal,0,0,none,not_tb,0,not_applicable
4938,64,F,21.8,0,0,0,0,0,0,0,0,0,0,0,0,0,N/A,normal,0,0,none,not_tb,0,not_applicable
4939,37,F,17.4,1,0,0,1,0,0,0,0,1,0,1,0,1,not_detected,normal,0,1,extrapulmonary,extrapulmonary_tb,0,cured
4940,32,M,16.4,0,0,0,0,0,0,0,0,0,0,0,0,0,N/A,normal,0,0,none,not_tb,0,not_applicable
4941,52,F,18.2,0,0,0,0,0,0,0,0,0,0,0,0,0,N/A,old_tb_scar,1,0,none,not_tb,0,not_applicable
4942,49,M,16.3,0,0,0,0,0,0,0,0,0,0,0,0,1,not_detected,infiltrate,1,1,pulmonary,smear_negative_ptb,0,failed
4943,33,F,14.4,1,0,0,1,1,1,0,0,1,0,3,1,0,N/A,infiltrate,1,1,extrapulmonary,extrapulmonary_tb,0,cured
4944,20,F,16.6,0,1,4,0,0,0,0,0,0,0,1,0,0,N/A,normal,0,0,none,not_tb,0,not_applicable
4945,19,M,12.4,0,1,3,0,1,0,0,0,1,1,2,0,1,not_detected,cavity,1,1,pulmonary,smear_negative_ptb,0,completed
4946,50,F,16.5,1,0,0,0,1,1,0,0,1,1,2,0,1,detected,normal,0,1,extrapulmonary,extrapulmonary_tb,1,completed
4947,36,F,24.4,0,0,0,1,0,1,0,0,1,0,2,0,0,N/A,normal,0,0,none,not_tb,0,not_applicable
4948,59,F,20.9,0,0,0,0,0,1,0,0,0,0,1,0,0,N/A,old_tb_scar,1,0,none,not_tb,0,not_applicable
4949,32,F,17.7,0,0,0,1,0,0,0,0,1,1,1,1,1,not_detected,infiltrate,1,1,pulmonary,smear_positive_ptb,0,completed
4950,34,F,24.7,0,0,0,0,0,1,1,0,0,0,1,0,0,N/A,normal,0,0,none,not_tb,0,not_applicable
4951,46,M,27.9,0,0,0,0,0,0,0,0,0,0,0,0,0,N/A,normal,0,0,none,not_tb,0,not_applicable
4952,50,F,30.0,0,0,0,1,0,0,0,1,0,0,1,0,0,N/A,normal,0,0,none,not_tb,0,not_applicable
4953,41,M,22.5,0,0,0,0,0,0,0,0,0,0,0,0,1,not_detected,other_pathology,1,0,none,not_tb,0,not_applicable
4954,40,F,21.0,0,0,0,0,0,0,0,0,1,0,0,0,0,N/A,other_pathology,1,0,none,not_tb,0,not_applicable
4955,58,M,20.6,0,0,0,0,0,0,0,0,0,0,0,0,0,N/A,normal,0,0,none,not_tb,0,not_applicable
4956,46,M,20.0,1,1,8,0,0,1,0,1,1,1,2,0,0,N/A,normal,0,1,pulmonary,smear_negative_ptb,0,died
4957,23,F,18.1,1,1,5,0,1,1,0,0,1,1,3,0,0,N/A,normal,0,1,extrapulmonary,extrapulmonary_tb,0,cured
4958,29,M,21.5,0,0,0,0,0,0,0,0,0,0,0,0,0,N/A,old_tb_scar,1,0,none,not_tb,0,not_applicable
4959,35,M,18.3,1,0,0,0,1,0,0,0,1,0,1,1,1,not_detected,infiltrate,1,1,pulmonary,smear_positive_ptb,0,cured
4960,62,F,16.1,0,0,0,1,0,1,0,1,1,1,2,0,1,not_detected,pleural_effusion,1,1,pulmonary,smear_negative_ptb,0,cured
4961,23,M,12.7,1,1,6,1,0,1,0,0,0,1,3,0,1,not_detected,infiltrate,1,1,pulmonary,smear_negative_ptb,0,lost_to_followup
4962,24,M,19.7,1,0,0,0,0,1,0,0,1,0,1,0,0,N/A,other_pathology,1,0,none,not_tb,0,not_applicable
4963,44,M,27.1,0,0,0,0,0,0,0,0,0,0,0,0,0,N/A,normal,0,0,none,not_tb,0,not_applicable
4964,40,M,26.9,0,0,0,0,0,0,0,0,0,0,0,0,0,N/A,normal,0,0,none,not_tb,0,not_applicable
4965,62,M,25.3,0,0,0,0,0,0,0,1,0,1,0,1,0,N/A,normal,0,0,none,not_tb,0,not_applicable
4966,50,M,17.3,0,1,2,1,1,0,0,0,1,0,3,1,1,not_detected,infiltrate,1,1,pulmonary,smear_positive_ptb,0,cured
4967,40,M,19.2,0,0,0,0,0,1,0,0,0,0,1,0,0,N/A,normal,0,0,none,not_tb,0,not_applicable
4968,57,M,27.7,0,0,0,0,0,0,0,0,0,0,0,0,0,N/A,normal,0,0,none,not_tb,0,not_applicable
4969,30,M,18.2,0,0,0,0,0,1,0,0,0,0,1,0,0,N/A,normal,0,0,none,not_tb,0,not_applicable
4970,20,F,22.1,0,0,0,0,0,0,0,1,0,0,0,0,0,N/A,other_pathology,1,0,none,not_tb,0,not_applicable
4971,46,F,27.9,0,0,0,0,0,0,0,0,0,0,0,0,0,N/A,old_tb_scar,1,0,none,not_tb,0,not_applicable
4972,35,M,22.4,0,0,0,1,0,0,0,0,0,0,1,0,0,N/A,normal,0,0,none,not_tb,0,not_applicable
4973,61,M,21.0,0,0,0,0,0,0,0,1,1,0,0,0,0,N/A,other_pathology,1,0,none,not_tb,0,not_applicable
4974,56,F,21.4,1,0,0,1,0,1,0,0,0,0,2,1,0,N/A,infiltrate,1,1,extrapulmonary,extrapulmonary_tb,0,lost_to_followup
4975,37,F,22.3,0,0,0,0,0,0,0,0,0,0,0,0,0,N/A,normal,0,0,none,not_tb,0,not_applicable
4976,28,M,22.7,0,1,2,0,0,0,0,0,0,0,1,0,0,N/A,other_pathology,1,0,none,not_tb,0,not_applicable
4977,56,M,22.3,0,1,3,1,1,1,1,0,1,1,4,1,1,not_detected,cavity,1,1,pulmonary,smear_positive_ptb,0,cured
4978,26,M,13.1,0,0,0,0,0,0,0,0,0,0,0,0,0,N/A,normal,0,0,none,not_tb,0,not_applicable
4979,28,F,23.3,0,0,0,0,0,0,0,0,0,0,0,0,0,N/A,normal,0,0,none,not_tb,0,not_applicable
4980,42,F,16.6,1,0,0,0,1,1,0,0,1,0,2,1,1,not_detected,infiltrate,1,1,pulmonary,smear_positive_ptb,0,cured
4981,22,F,21.3,0,0,0,0,0,1,0,1,0,0,1,0,0,N/A,normal,0,0,none,not_tb,0,not_applicable
4982,23,M,22.4,0,0,0,1,1,0,0,0,0,0,2,0,0,N/A,normal,0,0,none,not_tb,0,not_applicable
4983,56,M,19.6,0,0,0,0,0,1,0,0,0,0,1,0,0,N/A,other_pathology,1,0,none,not_tb,0,not_applicable
4984,35,M,22.8,0,0,0,0,0,0,0,0,0,0,0,0,0,N/A,old_tb_scar,1,0,none,not_tb,0,not_applicable
4985,47,M,23.3,0,0,0,0,0,0,0,0,1,0,0,0,0,N/A,normal,0,0,none,not_tb,0,not_applicable
4986,26,M,22.7,0,1,2,0,0,0,0,0,0,0,1,0,0,N/A,normal,0,0,none,not_tb,0,not_applicable
4987,25,F,22.4,1,0,0,1,0,1,0,0,0,0,2,0,0,N/A,normal,0,0,none,not_tb,0,not_applicable
4988,43,M,18.2,0,1,5,1,1,1,0,1,1,0,4,1,1,not_detected,infiltrate,1,1,pulmonary,smear_positive_ptb,0,cured
4989,52,F,18.3,0,0,0,0,1,1,0,0,0,0,2,0,1,not_detected,cavity,1,1,pulmonary,smear_negative_ptb,0,completed
4990,34,M,22.3,0,0,0,0,0,0,0,1,0,0,0,0,0,N/A,normal,0,0,none,not_tb,0,not_applicable
4991,47,M,18.7,1,0,0,0,0,0,0,0,1,0,0,0,0,N/A,normal,0,0,none,not_tb,0,not_applicable
4992,48,F,21.7,1,1,2,1,1,1,0,0,1,0,4,0,0,N/A,normal,0,1,extrapulmonary,extrapulmonary_tb,0,cured
4993,65,F,18.3,0,1,3,0,1,0,0,1,1,0,2,0,1,not_detected,infiltrate,1,1,pulmonary,smear_negative_ptb,0,cured
4994,59,M,17.5,0,1,5,1,1,1,0,0,0,1,4,1,1,not_detected,miliary,1,1,pulmonary,smear_positive_ptb,0,failed
4995,29,F,19.5,0,1,11,1,1,0,0,1,1,0,3,1,1,not_detected,cavity,1,1,pulmonary,smear_positive_ptb,0,cured
4996,45,M,21.6,0,0,0,0,0,0,0,1,0,0,0,0,0,N/A,normal,0,0,none,not_tb,0,not_applicable
4997,52,M,21.6,1,1,5,1,0,1,0,1,1,1,3,1,1,not_detected,normal,0,1,pulmonary,smear_positive_ptb,0,cured
4998,53,M,20.7,0,0,0,0,1,0,0,0,1,0,1,0,0,N/A,infiltrate,1,1,pulmonary,smear_negative_ptb,1,cured
4999,23,M,22.3,0,0,0,0,0,0,0,0,1,1,0,0,0,N/A,other_pathology,1,0,none,not_tb,0,not_applicable
5000,37,F,25.3,0,0,0,0,0,0,0,0,0,0,0,0,0,N/A,old_tb_scar,1,0,none,not_tb,0,not_applicable
5001,52,M,22.8,1,1,2,0,0,0,0,0,0,0,1,0,0,N/A,normal,0,0,none,not_tb,0,not_applicable
5002,40,F,18.0,0,1,2,0,0,0,0,0,0,0,1,0,0,N/A,normal,0,0,none,not_tb,0,not_applicable
5003,39,F,25.1,0,0,0,0,0,0,0,0,1,0,0,0,0,N/A,normal,0,0,none,not_tb,0,not_applicable
5004,45,M,15.3,0,0,0,0,0,0,0,0,0,0,0,0,0,N/A,normal,0,0,none,not_tb,0,not_applicable
5005,62,M,12.0,1,0,0,0,0,0,0,0,1,0,0,1,1,not_detected,cavity,1,1,pulmonary,smear_positive_ptb,0,completed
5006,24,M,20.2,0,0,0,1,0,1,0,0,1,1,2,1,1,not_detected,pleural_effusion,1,1,pulmonary,smear_positive_ptb,0,cured
5007,16,F,23.6,0,0,0,0,0,0,0,1,0,0,0,0,0,N/A,other_pathology,1,0,none,not_tb,0,not_applicable
5008,45,F,23.3,0,0,0,0,0,0,0,0,0,0,0,0,0,N/A,normal,0,0,none,not_tb,0,not_applicable
5009,34,F,26.9,0,1,2,1,0,1,0,0,0,0,3,0,0,N/A,normal,0,0,none,not_tb,0,not_applicable
5010,27,M,18.4,1,0,0,0,0,0,0,1,0,1,0,0,1,not_detected,normal,0,1,pulmonary,smear_negative_ptb,0,completed
5011,36,M,17.6,0,1,5,0,1,0,0,0,1,0,2,0,0,N/A,pleural_effusion,1,1,extrapulmonary,extrapulmonary_tb,0,cured
5012,44,M,24.8,0,0,0,0,0,0,0,0,1,0,0,0,0,N/A,normal,0,0,none,not_tb,0,not_applicable
5013,42,M,16.7,0,1,7,0,1,0,0,1,1,1,2,0,0,N/A,normal,0,1,pulmonary,smear_negative_ptb,0,cured
5014,21,F,17.9,0,1,6,1,0,0,1,1,1,0,2,1,1,not_detected,pleural_effusion,1,1,pulmonary,smear_positive_ptb,0,completed
5015,47,M,22.9,0,0,0,0,0,0,0,0,0,0,0,0,0,N/A,normal,0,0,none,not_tb,0,not_applicable
5016,23,M,23.2,0,0,0,0,0,0,0,0,0,1,0,0,0,N/A,normal,0,0,none,not_tb,0,not_applicable
5017,22,M,17.7,0,1,4,1,1,1,1,0,0,1,4,1,1,not_detected,miliary,1,1,pulmonary,smear_positive_ptb,0,completed
5018,32,M,17.3,1,1,2,1,0,1,0,1,1,0,3,0,1,not_detected,pleural_effusion,1,1,pulmonary,smear_negative_ptb,0,lost_to_followup
5019,35,F,18.1,1,1,2,0,0,0,0,0,1,0,1,0,0,N/A,normal,0,0,none,not_tb,0,not_applicable
5020,39,M,19.2,0,0,0,0,0,0,0,0,0,0,0,0,0,N/A,old_tb_scar,1,0,none,not_tb,0,not_applicable
5021,28,F,28.4,0,0,0,0,0,0,0,0,0,0,0,0,0,N/A,old_tb_scar,1,0,none,not_tb,0,not_applicable
5022,30,F,21.1,0,1,2,0,0,0,0,0,0,0,1,0,0,N/A,normal,0,0,none,not_tb,0,not_applicable
5023,34,F,22.7,0,0,0,0,0,0,0,0,0,0,0,0,0,N/A,normal,0,0,none,not_tb,0,not_applicable
5024,42,F,16.8,0,0,0,0,0,0,0,0,1,0,0,0,0,N/A,normal,0,0,none,not_tb,0,not_applicable
5025,67,F,31.0,0,0,0,0,0,0,0,0,0,1,0,0,0,N/A,normal,0,0,none,not_tb,0,not_applicable
5026,24,F,19.0,1,0,0,0,0,0,0,0,1,0,0,0,0,N/A,old_tb_scar,1,0,none,not_tb,0,not_applicable
5027,32,M,17.9,0,0,0,0,0,0,0,0,0,0,0,0,0,N/A,normal,0,0,none,not_tb,0,not_applicable
5028,32,M,21.8,0,1,2,0,0,0,0,0,0,0,1,1,0,N/A,normal,0,0,none,not_tb,0,not_applicable
5029,38,F,16.3,0,1,5,1,0,1,0,0,1,0,3,1,1,not_detected,infiltrate,1,1,pulmonary,smear_positive_ptb,0,cured
5030,59,M,23.3,0,1,3,0,0,0,0,0,0,0,1,0,0,N/A,other_pathology,1,0,none,not_tb,0,not_applicable
5031,24,M,14.7,0,1,7,0,1,1,0,0,1,0,3,1,1,not_detected,cavity,1,1,pulmonary,smear_positive_ptb,0,cured
5032,44,F,26.0,1,0,0,1,0,1,0,0,1,1,2,0,0,N/A,other_pathology,1,0,none,not_tb,0,not_applicable
5033,33,M,20.8,1,1,4,1,1,1,0,0,1,1,4,1,1,not_detected,normal,0,1,extrapulmonary,extrapulmonary_tb,0,cured
5034,34,M,18.2,0,1,3,1,1,1,0,0,1,1,4,1,1,not_detected,infiltrate,1,1,pulmonary,smear_positive_ptb,0,completed
5035,42,F,16.2,1,0,0,0,0,0,0,0,0,0,0,0,0,N/A,old_tb_scar,1,0,none,not_tb,0,not_applicable
5036,36,M,19.2,0,1,3,0,0,0,0,0,1,0,1,0,0,N/A,normal,0,0,none,not_tb,0,not_applicable
5037,29,F,22.2,1,0,0,1,0,0,0,0,1,0,1,0,0,N/A,normal,0,0,none,not_tb,0,not_applicable
5038,23,M,15.5,0,1,6,0,0,1,0,0,0,0,2,1,1,not_detected,infiltrate,1,1,pulmonary,smear_positive_ptb,0,lost_to_followup
5039,34,F,15.9,0,1,9,0,0,0,0,0,0,0,1,1,1,not_detected,infiltrate,1,1,pulmonary,smear_positive_ptb,0,cured
5040,47,F,21.1,0,0,0,0,1,0,0,1,1,1,1,0,0,N/A,infiltrate,1,1,extrapulmonary,extrapulmonary_tb,0,cured
5041,41,M,22.5,0,0,0,1,0,0,0,0,1,0,1,0,0,N/A,normal,0,0,none,not_tb,0,not_applicable
5042,27,M,22.4,1,1,4,0,0,0,0,0,0,0,1,0,0,N/A,infiltrate,1,0,none,not_tb,0,not_applicable
5043,33,M,23.8,0,0,0,0,0,0,0,0,0,0,0,0,0,N/A,normal,0,0,none,not_tb,0,not_applicable
5044,30,M,18.1,0,1,4,1,0,1,0,0,1,1,3,0,0,N/A,pleural_effusion,1,1,pulmonary,smear_negative_ptb,0,cured
5045,35,M,21.8,0,1,4,0,0,0,0,0,0,0,1,0,0,N/A,normal,0,0,none,not_tb,0,not_applicable
5046,41,F,19.6,1,1,4,0,1,1,0,0,0,1,3,1,1,not_detected,infiltrate,1,1,pulmonary,smear_positive_ptb,0,failed
5047,33,M,24.8,0,0,0,0,1,0,0,0,1,0,1,0,0,N/A,normal,0,0,none,not_tb,0,not_applicable
5048,23,F,23.7,0,0,0,0,0,0,0,0,0,0,0,0,0,N/A,other_pathology,1,0,none,not_tb,0,not_applicable
5049,42,M,27.1,0,0,0,0,0,1,0,0,0,0,1,0,0,N/A,normal,0,0,none,not_tb,0,not_applicable
5050,55,F,22.1,0,0,0,0,0,0,0,0,1,0,0,0,0,N/A,normal,0,0,none,not_tb,0,not_applicable
5051,49,M,17.3,0,0,0,1,0,0,0,0,0,0,1,0,0,N/A,old_tb_scar,1,0,none,not_tb,0,not_applicable
5052,55,M,25.8,0,1,6,1,1,0,0,1,1,1,3,0,0,N/A,normal,0,0,none,not_tb,0,not_applicable
5053,16,M,17.9,0,0,0,1,0,0,0,0,1,0,1,1,1,not_detected,normal,0,1,extrapulmonary,extrapulmonary_tb,0,failed
5054,32,M,16.6,0,1,4,0,1,0,0,0,1,1,2,1,1,not_detected,pleural_effusion,1,1,pulmonary,smear_positive_ptb,0,cured
5055,60,F,24.5,0,0,0,0,0,0,0,0,0,1,0,0,0,N/A,normal,0,0,none,not_tb,0,not_applicable
5056,39,M,23.3,0,0,0,0,0,0,0,0,0,0,0,0,0,N/A,infiltrate,1,0,none,not_tb,0,not_applicable
5057,40,M,17.5,0,0,0,0,0,0,0,0,1,0,0,0,0,N/A,normal,0,0,none,not_tb,0,not_applicable
5058,34,M,20.2,0,1,4,0,1,0,0,0,1,0,2,1,1,not_detected,infiltrate,1,1,pulmonary,smear_positive_ptb,0,cured
5059,15,F,23.2,1,1,6,1,0,0,0,1,1,1,2,0,1,not_detected,cavity,1,1,pulmonary,smear_negative_ptb,0,cured
5060,29,M,23.1,1,0,0,0,0,0,0,0,0,0,0,0,0,N/A,normal,0,0,none,not_tb,0,not_applicable
5061,32,M,21.1,0,0,0,1,0,0,0,1,0,0,1,0,0,N/A,old_tb_scar,1,0,none,not_tb,0,not_applicable
5062,18,M,14.3,0,1,6,0,1,1,0,1,1,0,3,0,1,not_detected,cavity,1,1,pulmonary,smear_negative_ptb,0,cured
5063,35,M,23.6,1,1,3,1,0,1,0,0,1,1,3,0,0,N/A,cavity,1,1,pulmonary,smear_negative_ptb,0,cured
5064,49,M,20.2,0,0,0,0,0,0,0,1,0,0,0,0,0,N/A,normal,0,0,none,not_tb,0,not_applicable
5065,61,F,17.1,0,0,0,0,0,0,0,1,0,0,0,1,0,N/A,infiltrate,1,0,none,not_tb,0,not_applicable
5066,38,M,22.4,0,0,0,1,0,0,0,0,0,0,1,0,0,N/A,normal,0,0,none,not_tb,0,not_applicable
5067,43,F,21.0,0,1,7,0,0,1,0,1,1,1,2,0,1,not_detected,infiltrate,1,1,pulmonary,smear_negative_ptb,0,completed
5068,38,M,26.3,1,0,0,0,0,0,0,0,1,1,0,0,0,N/A,normal,0,0,none,not_tb,0,not_applicable
5069,48,M,16.8,0,1,5,1,0,1,0,1,1,0,3,1,1,not_detected,cavity,1,1,pulmonary,smear_positive_ptb,0,completed
5070,37,M,18.3,1,0,0,1,0,1,0,1,1,0,2,0,0,N/A,normal,0,1,extrapulmonary,extrapulmonary_tb,0,cured
5071,55,M,18.5,0,1,2,1,0,1,0,0,1,0,3,0,1,detected,infiltrate,1,1,pulmonary,smear_negative_ptb,0,cured
5072,58,M,20.9,1,1,7,1,0,0,0,0,1,1,2,1,1,not_detected,cavity,1,1,pulmonary,smear_positive_ptb,0,died
5073,26,M,24.1,0,0,0,0,0,0,0,0,0,0,0,0,0,N/A,normal,0,0,none,not_tb,0,not_applicable
5074,35,M,22.9,0,0,0,0,1,0,0,1,0,0,1,0,0,N/A,normal,0,0,none,not_tb,0,not_applicable
5075,70,F,25.2,0,0,0,0,0,0,0,0,0,0,0,0,0,N/A,normal,0,0,none,not_tb,0,not_applicable
5076,31,M,17.2,0,0,0,0,0,0,0,0,0,0,0,0,0,N/A,normal,0,0,none,not_tb,0,not_applicable
5077,50,M,19.6,0,1,5,0,0,1,1,0,1,0,2,1,1,detected,pleural_effusion,1,1,pulmonary,smear_positive_ptb,1,cured
5078,30,M,22.8,0,0,0,1,0,0,0,0,0,0,1,0,0,N/A,normal,0,0,none,not_tb,0,not_applicable
5079,53,M,18.4,1,0,0,1,0,1,0,0,1,0,2,0,1,detected,pleural_effusion,1,1,pulmonary,smear_negative_ptb,1,lost_to_followup
5080,39,F,21.1,0,0,0,0,0,0,0,0,0,0,0,0,0,N/A,normal,0,0,none,not_tb,0,not_applicable
5081,28,M,18.8,0,0,0,1,0,1,0,0,1,0,2,1,1,not_detected,infiltrate,1,1,pulmonary,smear_positive_ptb,0,cured
5082,35,F,17.1,1,0,0,0,1,1,0,1,1,1,2,0,1,not_detected,infiltrate,1,1,pulmonary,smear_negative_ptb,0,died
5083,49,M,31.5,0,0,0,0,0,0,0,0,0,0,0,0,0,N/A,normal,0,0,none,not_tb,0,not_applicable
5084,41,M,26.8,0,0,0,0,0,1,0,0,1,0,1,0,0,N/A,normal,0,0,none,not_tb,0,not_applicable
5085,35,F,25.8,0,0,0,0,1,0,0,0,0,0,1,0,0,N/A,normal,0,0,none,not_tb,0,not_applicable
5086,54,M,17.2,1,1,7,1,0,1,0,1,1,0,3,1,1,not_detected,normal,0,1,extrapulmonary,extrapulmonary_tb,0,cured
5087,38,F,18.6,0,0,0,0,0,0,0,0,0,0,0,0,0,N/A,normal,0,0,none,not_tb,0,not_applicable
5088,33,M,18.0,1,1,6,1,1,0,1,0,1,0,3,1,1,not_detected,pleural_effusion,1,1,pulmonary,smear_positive_ptb,0,cured
5089,70,F,18.8,0,1,2,1,1,0,0,0,1,1,3,0,1,not_detected,infiltrate,1,1,pulmonary,smear_negative_ptb,0,cured
5090,43,M,16.9,0,0,0,1,0,0,0,0,0,0,1,0,0,N/A,other_pathology,1,0,none,not_tb,0,not_applicable
5091,57,M,19.7,0,1,3,0,0,0,0,0,1,1,1,0,1,not_detected,infiltrate,1,1,pulmonary,smear_negative_ptb,0,cured
5092,34,F,21.2,1,0,0,0,1,1,0,0,0,1,2,0,1,not_detected,miliary,1,1,pulmonary,smear_negative_ptb,0,completed
5093,31,M,12.9,0,0,0,1,1,1,0,1,1,1,3,1,1,not_detected,cavity,1,1,pulmonary,smear_positive_ptb,0,lost_to_followup
5094,27,M,18.8,0,0,0,0,0,0,0,0,1,0,0,0,0,N/A,normal,0,0,none,not_tb,0,not_applicable
5095,43,F,26.3,0,0,0,0,0,0,0,0,0,0,0,0,0,N/A,normal,0,0,none,not_tb,0,not_applicable
5096,37,M,23.3,0,0,0,0,0,0,0,0,0,0,0,0,0,N/A,normal,0,0,none,not_tb,0,not_applicable
5097,54,F,19.0,0,0,0,0,0,1,0,0,0,1,1,0,0,N/A,normal,0,0,none,not_tb,0,not_applicable
5098,39,F,24.6,0,0,0,0,0,0,0,0,0,0,0,0,0,N/A,infiltrate,1,0,none,not_tb,0,not_applicable
5099,28,F,19.9,1,0,0,1,0,0,0,0,0,1,1,0,0,N/A,normal,0,0,none,not_tb,0,not_applicable
5100,62,F,21.2,0,0,0,0,0,1,0,0,0,0,1,0,0,N/A,normal,0,0,none,not_tb,0,not_applicable
5101,28,M,18.0,0,0,0,1,1,0,0,0,0,0,2,0,0,N/A,normal,0,0,none,not_tb,0,not_applicable
5102,49,M,18.5,0,0,0,1,1,1,0,0,0,1,3,0,1,not_detected,normal,0,1,extrapulmonary,extrapulmonary_tb,0,cured
5103,43,M,21.0,1,1,6,1,1,1,0,0,1,1,4,1,1,not_detected,infiltrate,1,1,pulmonary,smear_positive_ptb,0,completed
5104,56,F,20.3,0,0,0,1,0,0,0,0,0,0,1,0,0,N/A,normal,0,0,none,not_tb,0,not_applicable
5105,49,F,24.3,0,0,0,0,0,0,0,1,0,0,0,0,0,N/A,normal,0,0,none,not_tb,0,not_applicable
5106,46,M,21.8,0,0,0,0,0,0,0,0,0,0,0,0,0,N/A,old_tb_scar,1,0,none,not_tb,0,not_applicable
5107,36,M,25.8,1,0,0,0,0,1,0,0,0,0,1,0,0,N/A,old_tb_scar,1,0,none,not_tb,0,not_applicable
5108,54,M,20.4,0,0,0,0,0,0,0,0,1,0,0,0,0,N/A,infiltrate,1,0,none,not_tb,0,not_applicable
5109,41,M,27.4,0,0,0,0,0,0,0,0,0,0,0,0,0,N/A,normal,0,0,none,not_tb,0,not_applicable
5110,41,F,24.4,1,0,0,0,0,0,0,0,0,0,0,0,0,N/A,normal,0,0,none,not_tb,0,not_applicable
5111,34,M,22.9,0,0,0,0,0,0,0,0,0,0,0,0,0,N/A,normal,0,0,none,not_tb,0,not_applicable
5112,47,F,23.0,0,0,0,0,0,0,0,0,0,0,0,0,0,N/A,infiltrate,1,0,none,not_tb,0,not_applicable
5113,51,F,20.4,0,0,0,0,0,0,0,0,0,0,0,0,0,N/A,normal,0,0,none,not_tb,0,not_applicable
5114,38,F,17.2,1,1,4,1,0,0,0,0,1,0,2,1,1,not_detected,infiltrate,1,1,pulmonary,smear_positive_ptb,0,cured
5115,38,M,22.9,0,0,0,0,0,0,0,0,0,0,0,0,0,N/A,normal,0,0,none,not_tb,0,not_applicable
5116,39,F,15.5,1,1,8,0,0,0,1,0,1,1,1,0,1,not_detected,miliary,1,1,pulmonary,smear_negative_ptb,0,cured
5117,34,F,19.9,0,0,0,0,0,0,0,1,0,0,0,0,0,N/A,normal,0,0,none,not_tb,0,not_applicable
5118,41,F,18.7,0,0,0,0,0,0,0,0,0,0,0,0,0,N/A,old_tb_scar,1,0,none,not_tb,0,not_applicable
5119,55,M,19.9,0,0,0,1,0,1,0,0,0,0,2,1,1,not_detected,cavity,1,1,pulmonary,smear_positive_ptb,0,cured
5120,35,M,20.0,1,0,0,1,0,0,0,0,1,0,1,0,1,not_detected,infiltrate,1,1,pulmonary,smear_negative_ptb,0,died
5121,49,F,26.4,0,0,0,0,0,0,0,1,0,0,0,0,0,N/A,normal,0,0,none,not_tb,0,not_applicable
5122,32,M,20.8,1,0,0,0,0,0,0,0,0,0,0,0,0,N/A,normal,0,0,none,not_tb,0,not_applicable
5123,65,M,19.2,0,0,0,0,0,1,0,0,0,0,1,0,0,N/A,normal,0,0,none,not_tb,0,not_applicable
5124,51,M,16.9,0,0,0,0,0,0,0,0,0,0,0,0,0,N/A,normal,0,0,none,not_tb,0,not_applicable
5125,39,M,19.2,0,1,2,0,1,1,0,0,1,1,3,0,1,not_detected,miliary,1,1,pulmonary,smear_negative_ptb,0,cured
5126,28,M,22.0,0,1,4,0,1,1,0,0,1,1,3,1,1,detected,normal,0,1,extrapulmonary,extrapulmonary_tb,1,cured
5127,46,M,18.3,1,1,7,1,0,1,0,0,0,0,3,1,1,not_detected,normal,0,1,pulmonary,smear_positive_ptb,0,died
5128,56,M,18.6,1,1,6,1,1,1,0,0,1,1,4,0,1,not_detected,pleural_effusion,1,1,pulmonary,smear_negative_ptb,0,completed
5129,22,F,22.0,0,0,0,0,0,0,0,1,0,0,0,0,0,N/A,normal,0,0,none,not_tb,0,not_applicable
5130,48,F,22.9,0,0,0,0,0,0,0,0,1,0,0,0,0,N/A,normal,0,0,none,not_tb,0,not_applicable
5131,19,M,25.5,1,1,2,0,0,0,0,1,0,0,1,0,0,N/A,normal,0,0,none,not_tb,0,not_applicable
5132,45,M,28.7,0,0,0,0,0,0,0,0,0,0,0,0,0,N/A,other_pathology,1,0,none,not_tb,0,not_applicable
5133,48,M,23.7,0,1,2,1,0,0,0,0,0,0,2,0,0,N/A,normal,0,0,none,not_tb,0,not_applicable
5134,32,M,24.0,0,0,0,0,1,0,0,0,0,0,1,0,0,N/A,normal,0,0,none,not_tb,0,not_applicable
5135,37,F,21.2,0,0,0,0,0,0,0,1,1,0,0,0,0,N/A,normal,0,0,none,not_tb,0,not_applicable
5136,15,M,21.6,1,0,0,0,0,0,0,1,0,0,0,0,0,N/A,other_pathology,1,0,none,not_tb,0,not_applicable
5137,37,M,21.6,1,0,0,0,0,0,0,0,1,0,0,0,0,N/A,normal,0,0,none,not_tb,0,not_applicable
5138,37,M,20.7,0,0,0,1,0,0,0,0,0,0,1,0,0,N/A,infiltrate,1,0,none,not_tb,0,not_applicable
5139,43,M,22.4,0,0,0,1,0,0,0,0,1,0,1,0,0,N/A,normal,0,0,none,not_tb,0,not_applicable
5140,36,F,24.2,0,0,0,0,0,0,0,0,0,0,0,0,0,N/A,normal,0,0,none,not_tb,0,not_applicable
5141,36,F,22.2,0,0,0,0,0,0,0,0,0,0,0,0,0,N/A,normal,0,0,none,not_tb,0,not_applicable
5142,30,M,21.0,1,0,0,0,0,0,0,0,0,0,0,0,0,N/A,normal,0,0,none,not_tb,0,not_applicable
5143,56,M,22.4,0,0,0,0,0,0,0,0,0,1,0,0,0,N/A,normal,0,0,none,not_tb,0,not_applicable
5144,37,F,18.6,0,0,0,0,0,0,0,0,0,0,0,0,0,N/A,other_pathology,1,0,none,not_tb,0,not_applicable
5145,45,M,20.5,1,1,6,0,1,1,0,1,0,1,3,0,1,not_detected,normal,0,1,extrapulmonary,extrapulmonary_tb,0,completed
5146,23,F,17.5,0,1,5,1,1,1,0,0,1,1,4,0,0,N/A,cavity,1,1,pulmonary,smear_negative_ptb,0,lost_to_followup
5147,27,F,18.0,0,0,0,1,0,0,0,0,0,0,1,0,0,N/A,normal,0,0,none,not_tb,0,not_applicable
5148,23,M,23.6,0,0,0,0,0,0,0,0,1,0,0,0,0,N/A,normal,0,0,none,not_tb,0,not_applicable
5149,40,F,23.8,0,0,0,0,0,0,0,0,0,0,0,0,0,N/A,normal,0,0,none,not_tb,0,not_applicable
5150,61,M,16.4,1,1,4,0,1,1,0,0,0,0,3,1,1,not_detected,miliary,1,1,pulmonary,smear_positive_ptb,0,failed
5151,49,F,20.1,0,1,7,1,1,1,0,0,1,1,4,1,1,detected,infiltrate,1,1,pulmonary,smear_positive_ptb,1,died
5152,22,M,24.2,0,0,0,0,0,0,0,0,0,0,0,0,0,N/A,normal,0,0,none,not_tb,0,not_applicable
5153,23,M,23.4,1,1,4,1,1,1,0,1,1,0,4,1,1,not_detected,infiltrate,1,1,pulmonary,smear_positive_ptb,0,cured
5154,29,M,21.2,0,1,3,0,0,0,0,0,0,0,1,0,0,N/A,normal,0,0,none,not_tb,0,not_applicable
5155,47,M,18.4,0,1,6,1,1,0,1,1,0,1,3,1,1,not_detected,miliary,1,1,pulmonary,smear_positive_ptb,0,cured
5156,49,M,17.0,0,0,0,1,1,0,0,0,1,1,2,1,1,not_detected,infiltrate,1,1,pulmonary,smear_positive_ptb,0,cured
5157,26,M,19.7,0,1,4,1,1,1,0,0,1,1,4,0,0,N/A,normal,0,1,extrapulmonary,extrapulmonary_tb,0,cured
5158,36,F,18.5,0,0,0,0,0,1,1,0,1,1,1,0,1,not_detected,normal,0,1,pulmonary,smear_negative_ptb,0,cured
5159,41,M,25.5,1,0,0,0,0,0,0,0,0,0,0,0,0,N/A,normal,0,0,none,not_tb,0,not_applicable
5160,35,M,20.5,1,0,0,0,0,0,0,0,0,0,0,0,0,N/A,normal,0,0,none,not_tb,0,not_applicable
5161,47,F,23.7,0,0,0,0,0,0,0,0,0,0,0,0,0,N/A,normal,0,0,none,not_tb,0,not_applicable
5162,32,F,21.2,0,0,0,0,0,0,0,0,0,0,0,0,0,N/A,old_tb_scar,1,0,none,not_tb,0,not_applicable
5163,42,M,13.9,0,1,5,1,0,1,1,0,1,0,3,1,1,not_detected,infiltrate,1,1,pulmonary,smear_positive_ptb,0,cured
5164,24,M,24.2,0,0,0,1,1,0,0,1,1,0,2,0,0,N/A,normal,0,0,none,not_tb,0,not_applicable
5165,35,F,14.1,1,1,6,1,1,0,0,0,1,0,3,0,1,not_detected,miliary,1,1,pulmonary,smear_negative_ptb,0,cured
5166,44,F,21.4,1,0,0,0,0,0,0,0,1,0,0,0,0,N/A,normal,0,0,none,not_tb,0,not_applicable
5167,46,M,21.5,0,0,0,0,0,0,0,0,0,0,0,0,0,N/A,old_tb_scar,1,0,none,not_tb,0,not_applicable
5168,26,F,18.5,1,0,0,1,1,0,0,0,1,0,2,0,1,detected,cavity,1,1,pulmonary,smear_negative_ptb,1,cured
5169,21,M,22.2,0,0,0,0,0,0,0,0,0,0,0,0,0,N/A,normal,0,0,none,not_tb,0,not_applicable
5170,36,M,18.6,0,1,5,0,1,0,0,0,0,1,2,0,0,N/A,normal,0,1,extrapulmonary,extrapulmonary_tb,0,cured
5171,28,F,23.3,0,0,0,0,0,0,0,0,0,0,0,0,0,N/A,normal,0,0,none,not_tb,0,not_applicable
5172,41,F,21.6,0,0,0,0,0,0,0,0,0,0,0,0,0,N/A,other_pathology,1,0,none,not_tb,0,not_applicable
5173,30,F,31.2,0,0,0,0,0,0,0,0,1,0,0,0,0,N/A,normal,0,0,none,not_tb,0,not_applicable
5174,48,M,17.6,1,0,0,1,0,0,0,1,1,0,1,1,1,not_detected,pleural_effusion,1,1,extrapulmonary,extrapulmonary_tb,0,cured
5175,51,M,17.7,0,0,0,0,0,0,0,0,0,0,0,0,0,N/A,normal,0,0,none,not_tb,0,not_applicable
5176,56,M,17.1,0,0,0,0,0,0,0,0,0,0,0,0,0,N/A,normal,0,0,none,not_tb,0,not_applicable
5177,19,M,20.1,1,1,9,0,1,1,0,1,1,1,3,0,0,N/A,normal,0,1,extrapulmonary,extrapulmonary_tb,0,lost_to_followup
5178,18,M,16.4,0,0,0,0,0,0,0,0,0,1,0,0,0,N/A,normal,0,0,none,not_tb,0,not_applicable
5179,45,M,15.5,1,1,11,1,0,1,0,0,0,0,3,1,1,not_detected,infiltrate,1,1,pulmonary,smear_positive_ptb,0,cured
5180,41,M,17.3,0,0,0,0,0,0,0,0,0,0,0,0,0,N/A,old_tb_scar,1,0,none,not_tb,0,not_applicable
5181,64,F,19.6,0,0,0,1,1,1,0,1,1,0,3,1,1,not_detected,infiltrate,1,1,pulmonary,smear_positive_ptb,0,cured
5182,16,M,21.8,0,1,6,0,0,0,0,1,1,1,1,1,1,detected,miliary,1,1,pulmonary,smear_positive_ptb,1,failed
5183,44,M,18.7,0,0,0,0,0,0,0,0,0,0,0,0,0,N/A,normal,0,0,none,not_tb,0,not_applicable
5184,55,F,23.5,0,0,0,0,0,0,0,1,0,0,0,0,0,N/A,old_tb_scar,1,0,none,not_tb,0,not_applicable
5185,19,M,12.8,0,0,0,0,0,0,0,0,0,0,0,0,0,N/A,old_tb_scar,1,0,none,not_tb,0,not_applicable
5186,37,F,16.6,1,1,3,1,0,1,0,0,1,0,3,1,1,not_detected,pleural_effusion,1,1,pulmonary,smear_positive_ptb,0,cured
5187,40,M,24.1,0,0,0,1,0,0,0,0,0,0,1,0,0,N/A,other_pathology,1,0,none,not_tb,0,not_applicable
5188,28,M,20.9,1,0,0,0,0,0,0,0,0,0,0,0,0,N/A,normal,0,0,none,not_tb,0,not_applicable
5189,23,F,21.0,1,1,8,0,0,1,0,1,1,1,2,0,1,not_detected,pleural_effusion,1,1,pulmonary,smear_negative_ptb,0,cured
5190,22,M,12.9,1,0,0,1,0,0,0,0,1,1,1,0,1,detected,cavity,1,1,pulmonary,smear_negative_ptb,0,cured
5191,62,F,16.7,0,1,7,0,0,1,0,1,1,1,2,1,1,detected,normal,0,1,pulmonary,smear_positive_ptb,1,died
5192,31,F,19.6,1,1,4,1,0,1,0,0,1,1,3,0,1,detected,infiltrate,1,1,pulmonary,smear_negative_ptb,1,cured
5193,23,M,23.5,0,0,0,0,0,0,0,0,1,0,0,0,0,N/A,infiltrate,1,0,none,not_tb,0,not_applicable
5194,51,F,23.8,0,0,0,0,0,0,0,0,0,0,0,0,0,N/A,normal,0,0,none,not_tb,0,not_applicable
5195,43,F,22.7,0,0,0,0,0,0,0,0,0,0,0,0,0,N/A,normal,0,0,none,not_tb,0,not_applicable
5196,31,F,18.0,0,0,0,1,0,0,0,0,0,0,1,0,0,N/A,old_tb_scar,1,0,none,not_tb,0,not_applicable
5197,50,M,19.3,1,0,0,0,0,0,0,0,0,0,0,0,0,N/A,normal,0,0,none,not_tb,0,not_applicable
5198,18,M,24.3,1,0,0,0,1,1,1,0,1,1,2,0,1,not_detected,cavity,1,1,pulmonary,smear_negative_ptb,0,failed
5199,39,F,15.4,0,1,2,1,0,0,1,1,0,0,2,1,1,not_detected,cavity,1,1,pulmonary,smear_positive_ptb,0,completed
5200,35,M,15.0,1,1,6,1,0,1,0,1,1,1,3,0,1,not_detected,cavity,1,1,pulmonary,smear_negative_ptb,0,cured
5201,49,M,24.4,0,0,0,0,0,0,0,0,0,0,0,0,0,N/A,normal,0,0,none,not_tb,0,not_applicable
5202,45,M,18.3,0,0,0,0,0,0,0,0,0,0,0,0,0,N/A,normal,0,0,none,not_tb,0,not_applicable
5203,43,M,28.3,0,0,0,0,0,0,0,0,0,0,0,0,0,N/A,normal,0,0,none,not_tb,0,not_applicable
5204,33,M,31.6,1,0,0,0,0,0,0,0,0,0,0,0,0,N/A,normal,0,0,none,not_tb,0,not_applicable
5205,29,M,17.9,0,1,4,1,0,1,0,0,1,1,3,0,1,not_detected,normal,0,1,extrapulmonary,extrapulmonary_tb,0,cured
5206,52,M,23.1,0,0,0,0,0,0,0,0,0,0,0,0,0,N/A,normal,0,0,none,not_tb,0,not_applicable
5207,22,M,15.6,0,0,0,1,0,0,0,0,0,0,1,0,0,N/A,other_pathology,1,0,none,not_tb,0,not_applicable
5208,40,F,25.6,0,0,0,0,0,0,0,0,0,0,0,0,0,N/A,normal,0,0,none,not_tb,0,not_applicable
5209,41,M,14.2,0,0,0,0,0,0,0,0,0,0,0,0,0,N/A,other_pathology,1,0,none,not_tb,0,not_applicable
5210,31,M,15.2,0,1,4,1,0,1,0,1,1,0,3,0,1,detected,infiltrate,1,1,pulmonary,smear_negative_ptb,1,failed
5211,55,M,22.4,0,0,0,0,0,0,0,0,0,0,0,0,0,N/A,infiltrate,1,0,none,not_tb,0,not_applicable
5212,45,M,23.9,0,0,0,0,0,0,0,0,0,1,0,0,0,N/A,normal,0,0,none,not_tb,0,not_applicable
5213,36,F,16.8,0,0,0,0,0,0,0,0,0,1,0,0,0,N/A,normal,0,0,none,not_tb,0,not_applicable
5214,38,F,17.1,1,1,6,0,1,0,0,1,1,1,2,0,1,not_detected,cavity,1,1,pulmonary,smear_negative_ptb,0,lost_to_followup
5215,41,M,14.3,0,1,6,1,0,1,0,1,1,1,3,0,1,not_detected,cavity,1,1,pulmonary,smear_negative_ptb,0,cured
5216,50,M,20.9,0,0,0,0,0,0,0,0,0,0,0,0,0,N/A,normal,0,0,none,not_tb,0,not_applicable
5217,42,M,19.2,0,0,0,0,0,0,0,0,0,0,0,0,0,N/A,normal,0,0,none,not_tb,0,not_applicable
5218,62,M,16.9,1,1,5,0,1,1,0,1,1,0,3,0,1,not_detected,miliary,1,1,pulmonary,smear_negative_ptb,0,cured
5219,39,M,20.1,0,1,4,1,1,0,0,1,1,1,3,1,1,not_detected,infiltrate,1,1,pulmonary,smear_positive_ptb,0,completed
5220,49,M,19.2,1,1,8,0,1,0,1,0,0,0,2,0,1,not_detected,infiltrate,1,1,pulmonary,smear_negative_ptb,0,died
5221,49,M,24.0,0,0,0,0,0,0,0,0,0,0,0,0,0,N/A,normal,0,0,none,not_tb,0,not_applicable
5222,55,M,18.2,0,1,9,0,0,1,0,0,1,1,2,0,1,not_detected,cavity,1,1,pulmonary,smear_negative_ptb,0,died
5223,40,M,20.3,0,0,0,1,0,0,0,0,1,0,1,1,1,detected,infiltrate,1,1,pulmonary,smear_positive_ptb,0,cured
5224,27,M,21.9,0,0,0,0,0,1,0,0,0,0,1,0,0,N/A,other_pathology,1,0,none,not_tb,0,not_applicable
5225,24,M,20.3,0,1,3,1,1,0,0,0,0,0,3,0,0,N/A,normal,0,0,none,not_tb,0,not_applicable
5226,28,M,24.0,0,0,0,0,0,0,0,0,1,0,0,0,0,N/A,normal,0,0,none,not_tb,0,not_applicable
5227,38,M,20.5,0,0,0,0,0,0,0,1,0,1,0,0,0,N/A,normal,0,0,none,not_tb,0,not_applicable
5228,18,M,20.8,1,0,0,0,0,0,0,0,0,0,0,0,0,N/A,old_tb_scar,1,0,none,not_tb,0,not_applicable
5229,58,M,21.2,0,0,0,1,0,1,0,0,1,1,2,1,1,not_detected,pleural_effusion,1,1,pulmonary,smear_positive_ptb,0,cured
5230,33,M,25.4,0,0,0,0,1,0,0,0,0,0,1,0,0,N/A,other_pathology,1,0,none,not_tb,0,not_applicable
5231,37,F,21.0,0,0,0,0,0,0,0,0,0,0,0,0,0,N/A,other_pathology,1,0,none,not_tb,0,not_applicable
5232,28,F,20.7,1,1,3,0,0,1,0,0,1,1,2,1,1,not_detected,cavity,1,1,pulmonary,smear_positive_ptb,0,cured
5233,53,M,17.5,0,0,0,0,0,0,0,0,0,1,0,0,0,N/A,normal,0,0,none,not_tb,0,not_applicable
5234,52,M,17.8,1,0,0,1,1,1,0,0,1,0,3,1,1,not_detected,infiltrate,1,1,pulmonary,smear_positive_ptb,0,cured
5235,47,F,19.4,0,0,0,0,0,0,0,1,0,0,0,0,0,N/A,old_tb_scar,1,0,none,not_tb,0,not_applicable
5236,46,F,22.0,0,0,0,0,0,0,0,0,0,0,0,0,0,N/A,normal,0,0,none,not_tb,0,not_applicable
5237,62,M,20.3,0,1,8,0,1,1,0,0,1,0,3,0,0,N/A,pleural_effusion,1,1,extrapulmonary,extrapulmonary_tb,0,lost_to_followup
5238,42,M,23.9,0,0,0,0,0,0,0,0,0,0,0,0,0,N/A,other_pathology,1,0,none,not_tb,0,not_applicable
5239,44,M,23.5,1,0,0,0,0,0,0,0,0,0,0,0,0,N/A,other_pathology,1,0,none,not_tb,0,not_applicable
5240,52,M,22.5,0,0,0,0,0,0,0,0,0,0,0,0,0,N/A,other_pathology,1,0,none,not_tb,0,not_applicable
5241,49,M,21.4,0,0,0,0,0,0,0,0,0,0,0,0,0,N/A,other_pathology,1,0,none,not_tb,0,not_applicable
5242,53,M,21.5,1,1,4,1,1,1,0,1,1,1,4,0,1,not_detected,normal,0,1,pulmonary,smear_negative_ptb,0,cured
5243,57,M,16.6,0,0,0,1,0,0,0,0,0,0,1,0,0,N/A,normal,0,0,none,not_tb,0,not_applicable
5244,45,M,16.8,0,1,2,1,1,0,1,0,1,0,3,1,1,not_detected,infiltrate,1,1,pulmonary,smear_positive_ptb,0,cured
5245,35,M,23.4,0,0,0,1,0,0,0,0,0,0,1,0,0,N/A,normal,0,0,none,not_tb,0,not_applicable
5246,42,F,27.3,0,0,0,0,0,0,0,0,0,0,0,0,0,N/A,old_tb_scar,1,0,none,not_tb,0,not_applicable
5247,44,M,20.8,1,0,0,0,0,0,0,0,0,0,0,0,0,N/A,normal,0,0,none,not_tb,0,not_applicable
5248,48,M,17.8,0,1,4,1,1,1,0,0,1,1,4,1,1,not_detected,infiltrate,1,1,pulmonary,smear_positive_ptb,0,completed
5249,15,M,17.5,1,0,0,1,0,0,0,0,0,0,1,0,0,N/A,normal,0,0,none,not_tb,0,not_applicable
5250,21,F,20.1,0,0,0,0,0,0,0,0,0,0,0,0,0,N/A,normal,0,0,none,not_tb,0,not_applicable
5251,37,M,24.5,1,0,0,0,0,0,0,0,0,0,0,0,0,N/A,old_tb_scar,1,0,none,not_tb,0,not_applicable
5252,43,M,27.5,0,0,0,0,0,0,0,0,0,0,0,0,0,N/A,normal,0,0,none,not_tb,0,not_applicable
5253,35,M,17.8,1,1,6,1,1,1,1,0,1,0,4,1,0,N/A,pleural_effusion,1,1,extrapulmonary,extrapulmonary_tb,0,cured
5254,46,F,16.5,1,0,0,0,1,0,0,1,1,1,1,1,1,not_detected,pleural_effusion,1,1,pulmonary,smear_positive_ptb,0,cured
5255,39,F,18.7,1,1,6,1,1,1,0,0,1,0,4,0,0,N/A,pleural_effusion,1,1,pulmonary,smear_negative_ptb,0,completed
5256,29,F,14.5,0,1,6,0,1,0,0,0,0,0,2,1,1,not_detected,infiltrate,1,1,pulmonary,smear_positive_ptb,0,cured
5257,40,F,21.6,1,0,0,0,1,0,1,0,1,0,1,0,0,N/A,cavity,1,1,pulmonary,smear_negative_ptb,0,completed
5258,17,M,17.7,1,0,0,1,0,0,0,0,0,0,1,0,0,N/A,normal,0,0,none,not_tb,0,not_applicable
5259,17,M,19.3,1,1,5,0,1,0,0,0,1,0,2,0,0,N/A,normal,0,1,extrapulmonary,extrapulmonary_tb,0,cured
5260,58,M,19.2,0,1,12,1,1,0,0,0,0,0,3,1,1,not_detected,infiltrate,1,1,pulmonary,smear_positive_ptb,0,cured
5261,32,F,20.1,0,1,3,0,1,1,0,0,1,0,3,0,1,not_detected,normal,0,1,pulmonary,smear_negative_ptb,0,cured
5262,41,F,22.9,0,0,0,0,0,0,0,0,0,0,0,0,0,N/A,normal,0,0,none,not_tb,0,not_applicable
5263,20,M,22.0,1,1,4,0,0,0,0,0,0,0,1,0,0,N/A,normal,0,0,none,not_tb,0,not_applicable
5264,20,F,19.6,1,0,0,1,1,0,0,1,1,1,2,0,0,N/A,normal,0,1,pulmonary,smear_negative_ptb,0,died
5265,29,M,24.9,1,0,0,0,0,1,0,0,1,0,1,0,0,N/A,old_tb_scar,1,0,none,not_tb,0,not_applicable
5266,39,M,28.3,0,0,0,0,0,0,0,0,0,1,0,0,0,N/A,normal,0,0,none,not_tb,0,not_applicable
5267,52,M,18.1,1,0,0,0,0,1,0,0,0,0,1,0,0,N/A,other_pathology,1,0,none,not_tb,0,not_applicable
5268,67,F,15.6,1,0,0,0,0,0,0,0,0,0,0,0,0,N/A,normal,0,0,none,not_tb,0,not_applicable
5269,32,F,16.6,1,0,0,0,0,1,0,0,0,0,1,0,0,N/A,old_tb_scar,1,0,none,not_tb,0,not_applicable
5270,38,M,15.7,0,0,0,0,0,1,0,0,1,0,1,0,0,N/A,normal,0,0,none,not_tb,0,not_applicable
5271,32,F,17.8,0,0,0,0,0,0,0,0,0,0,0,0,0,N/A,old_tb_scar,1,0,none,not_tb,0,not_applicable
5272,43,F,17.4,1,0,0,0,0,0,0,0,0,0,0,0,0,N/A,normal,0,0,none,not_tb,0,not_applicable
5273,39,F,20.5,0,0,0,0,0,0,0,0,0,0,0,0,0,N/A,infiltrate,1,0,none,not_tb,0,not_applicable
5274,28,F,20.6,0,1,4,1,0,0,0,1,0,1,2,1,1,not_detected,normal,0,1,pulmonary,smear_positive_ptb,0,completed
5275,47,M,24.2,0,0,0,0,0,0,0,0,0,0,0,0,0,N/A,normal,0,0,none,not_tb,0,not_applicable
5276,33,F,19.8,1,1,2,0,0,0,0,0,0,0,1,0,0,N/A,infiltrate,1,0,none,not_tb,0,not_applicable
5277,49,M,20.1,0,0,0,0,0,0,0,0,0,0,0,0,0,N/A,normal,0,0,none,not_tb,0,not_applicable
5278,20,F,29.0,0,0,0,0,0,0,0,0,1,0,0,0,0,N/A,other_pathology,1,0,none,not_tb,0,not_applicable
5279,48,M,24.1,0,0,0,0,0,0,0,0,0,0,0,0,0,N/A,normal,0,0,none,not_tb,0,not_applicable
5280,47,F,22.6,0,0,0,1,0,0,0,0,1,1,1,0,0,N/A,normal,0,0,none,not_tb,0,not_applicable
5281,32,F,22.4,1,0,0,0,0,0,0,0,0,0,0,0,0,N/A,normal,0,0,none,not_tb,0,not_applicable
5282,41,M,17.8,0,1,5,1,1,1,0,1,1,1,4,1,1,not_detected,normal,0,1,pulmonary,smear_positive_ptb,0,lost_to_followup
5283,45,F,23.5,0,0,0,1,1,0,0,1,1,1,2,0,1,not_detected,pleural_effusion,1,1,pulmonary,smear_negative_ptb,0,lost_to_followup
5284,35,M,18.0,1,1,5,0,1,0,1,0,1,1,2,0,1,not_detected,infiltrate,1,1,pulmonary,smear_negative_ptb,0,died
5285,49,M,18.9,1,0,0,1,0,1,0,0,1,0,2,0,1,detected,infiltrate,1,1,pulmonary,smear_negative_ptb,1,cured
5286,32,M,16.2,0,0,0,0,0,0,0,0,0,0,0,0,0,N/A,normal,0,0,none,not_tb,0,not_applicable
5287,51,F,19.8,1,0,0,0,1,1,0,0,0,0,2,0,0,N/A,normal,0,0,none,not_tb,0,not_applicable
5288,42,M,17.1,0,1,6,1,1,1,0,0,0,1,4,0,1,not_detected,normal,0,1,extrapulmonary,extrapulmonary_tb,0,completed
5289,43,M,23.7,0,0,0,1,0,0,0,0,0,0,1,0,0,N/A,normal,0,0,none,not_tb,0,not_applicable
5290,25,F,19.3,0,0,0,0,0,0,0,1,1,0,0,0,0,N/A,normal,0,0,none,not_tb,0,not_applicable
5291,49,M,22.2,1,0,0,1,0,0,0,1,0,0,1,0,0,N/A,normal,0,0,none,not_tb,0,not_applicable
5292,58,M,19.9,0,0,0,0,0,0,0,0,0,1,0,0,0,N/A,normal,0,0,none,not_tb,0,not_applicable
5293,54,F,18.1,0,1,2,0,0,0,0,0,1,0,1,0,0,N/A,normal,0,0,none,not_tb,0,not_applicable
5294,34,F,18.0,0,0,0,0,1,0,0,0,1,1,1,0,0,N/A,infiltrate,1,0,none,not_tb,0,not_applicable
5295,60,F,18.1,1,1,2,1,1,0,1,0,1,0,3,0,1,not_detected,infiltrate,1,1,pulmonary,smear_negative_ptb,0,cured
5296,25,F,18.8,1,1,7,0,1,1,0,1,0,1,3,0,1,not_detected,infiltrate,1,1,pulmonary,smear_negative_ptb,0,completed
5297,35,F,18.0,1,0,0,0,1,0,0,0,1,0,1,0,1,not_detected,pleural_effusion,1,1,pulmonary,smear_negative_ptb,0,completed
5298,34,M,16.4,1,0,0,1,1,1,0,1,1,1,3,0,1,not_detected,infiltrate,1,1,pulmonary,smear_negative_ptb,0,died
5299,49,M,21.5,0,0,0,0,0,0,0,0,0,1,0,0,0,N/A,normal,0,0,none,not_tb,0,not_applicable
5300,42,M,20.9,1,0,0,0,0,0,0,0,0,0,0,0,0,N/A,old_tb_scar,1,0,none,not_tb,0,not_applicable
5301,27,M,15.9,1,0,0,1,1,1,0,0,0,1,3,0,1,not_detected,normal,0,1,extrapulmonary,extrapulmonary_tb,0,failed
5302,16,F,22.3,0,0,0,0,0,1,0,0,0,1,1,0,0,N/A,normal,0,0,none,not_tb,0,not_applicable
5303,48,F,23.0,0,1,9,1,1,0,0,0,0,1,3,0,1,not_detected,pleural_effusion,1,1,pulmonary,smear_negative_ptb,0,cured
5304,24,M,18.1,1,1,3,1,1,1,0,0,1,1,4,1,1,not_detected,cavity,1,1,pulmonary,smear_positive_ptb,0,lost_to_followup
5305,33,M,16.9,0,0,0,0,0,0,0,0,0,0,0,0,0,N/A,normal,0,0,none,not_tb,0,not_applicable
5306,38,F,27.1,0,0,0,0,0,0,0,0,0,0,0,0,0,N/A,old_tb_scar,1,0,none,not_tb,0,not_applicable
5307,18,F,26.4,0,0,0,0,0,0,0,0,0,0,0,0,0,N/A,normal,0,0,none,not_tb,0,not_applicable
5308,36,M,27.0,0,0,0,1,0,1,0,0,0,0,2,0,0,N/A,normal,0,0,none,not_tb,0,not_applicable
5309,43,M,21.9,1,0,0,0,0,0,0,0,0,0,0,0,0,N/A,normal,0,0,none,not_tb,0,not_applicable
5310,19,M,19.3,0,0,0,0,0,0,0,1,0,0,0,0,0,N/A,old_tb_scar,1,0,none,not_tb,0,not_applicable
5311,22,M,18.9,0,0,0,0,0,0,0,0,1,0,0,0,0,N/A,normal,0,0,none,not_tb,0,not_applicable
5312,35,M,26.0,0,0,0,0,0,0,0,1,0,0,0,0,0,N/A,normal,0,0,none,not_tb,0,not_applicable
5313,24,M,22.5,0,1,2,1,1,1,0,1,0,1,4,0,1,not_detected,miliary,1,1,pulmonary,smear_negative_ptb,0,cured
5314,47,F,18.8,0,0,0,0,0,0,0,0,0,0,0,0,0,N/A,normal,0,0,none,not_tb,0,not_applicable
5315,36,M,13.2,0,0,0,1,0,0,0,1,0,0,1,0,0,N/A,normal,0,0,none,not_tb,0,not_applicable
5316,43,M,18.5,0,1,8,1,1,0,0,1,1,1,3,1,1,not_detected,cavity,1,1,pulmonary,smear_positive_ptb,0,lost_to_followup
5317,32,M,16.2,1,1,7,0,0,1,0,1,0,0,2,1,1,not_detected,infiltrate,1,1,pulmonary,smear_positive_ptb,0,lost_to_followup
5318,24,F,19.5,0,0,0,0,0,0,0,0,0,0,0,0,0,N/A,normal,0,0,none,not_tb,0,not_applicable
5319,54,M,17.9,1,0,0,1,0,0,1,1,1,0,1,0,1,not_detected,infiltrate,1,1,pulmonary,smear_negative_ptb,0,died
5320,33,M,23.4,0,0,0,0,0,0,0,0,1,0,0,0,0,N/A,normal,0,0,none,not_tb,0,not_applicable
5321,33,M,19.3,0,0,0,0,0,0,0,0,0,0,0,0,0,N/A,other_pathology,1,0,none,not_tb,0,not_applicable
5322,24,F,22.5,1,0,0,0,0,0,0,0,0,0,0,0,0,N/A,other_pathology,1,0,none,not_tb,0,not_applicable
5323,53,F,18.2,1,1,4,1,1,0,0,0,1,1,3,0,1,not_detected,miliary,1,1,pulmonary,smear_negative_ptb,0,cured
5324,37,M,13.9,0,0,0,0,0,0,0,0,0,1,0,0,0,N/A,normal,0,0,none,not_tb,0,not_applicable
5325,55,M,23.9,0,1,4,0,0,0,0,0,0,0,1,0,0,N/A,other_pathology,1,0,none,not_tb,0,not_applicable
5326,37,M,17.4,1,1,2,1,0,0,0,0,0,1,2,0,1,not_detected,infiltrate,1,1,pulmonary,smear_negative_ptb,0,cured
5327,38,F,17.6,1,0,0,0,0,0,0,1,1,0,0,0,0,N/A,old_tb_scar,1,0,none,not_tb,0,not_applicable
5328,25,F,16.7,0,0,0,1,0,1,0,1,1,1,2,0,1,not_detected,normal,0,1,extrapulmonary,extrapulmonary_tb,0,cured
5329,29,M,22.7,1,0,0,0,0,0,0,0,0,0,0,0,0,N/A,normal,0,0,none,not_tb,0,not_applicable
5330,57,M,22.2,0,0,0,0,0,0,0,0,0,0,0,0,0,N/A,normal,0,0,none,not_tb,0,not_applicable
5331,24,F,24.3,0,1,2,0,0,0,0,0,0,0,1,0,0,N/A,normal,0,0,none,not_tb,0,not_applicable
5332,33,F,23.5,1,0,0,0,0,0,0,0,0,1,0,0,0,N/A,normal,0,0,none,not_tb,0,not_applicable
5333,52,M,17.9,0,1,2,0,0,0,0,0,0,0,1,0,0,N/A,normal,0,0,none,not_tb,0,not_applicable
5334,44,M,12.0,1,0,0,0,0,0,0,0,0,0,0,0,0,N/A,normal,0,0,none,not_tb,0,not_applicable
5335,51,M,22.4,1,0,0,0,0,0,0,0,0,0,0,0,0,N/A,normal,0,0,none,not_tb,0,not_applicable
5336,36,F,20.1,0,1,2,1,0,1,0,0,1,0,3,1,1,not_detected,pleural_effusion,1,1,pulmonary,smear_positive_ptb,0,completed
5337,61,F,21.3,0,1,4,0,0,0,0,0,0,0,1,0,0,N/A,normal,0,0,none,not_tb,0,not_applicable
5338,50,F,24.3,0,0,0,0,0,0,0,0,1,0,0,0,0,N/A,other_pathology,1,0,none,not_tb,0,not_applicable
5339,38,F,18.5,0,0,0,0,0,0,0,1,0,0,0,0,0,N/A,normal,0,0,none,not_tb,0,not_applicable
5340,57,M,20.8,0,0,0,0,0,0,0,1,0,0,0,0,0,N/A,normal,0,0,none,not_tb,0,not_applicable
5341,28,M,16.2,0,1,9,1,0,0,0,0,0,0,2,1,1,detected,infiltrate,1,1,pulmonary,smear_positive_ptb,0,completed
5342,33,M,20.2,0,0,0,1,1,1,1,0,1,1,3,0,0,N/A,pleural_effusion,1,1,pulmonary,smear_negative_ptb,0,cured
5343,30,F,16.2,1,1,6,0,1,0,0,0,0,1,2,0,1,not_detected,normal,0,1,pulmonary,smear_negative_ptb,0,failed
5344,41,F,29.2,0,0,0,0,0,1,0,0,1,0,1,0,0,N/A,other_pathology,1,0,none,not_tb,0,not_applicable
5345,35,M,17.2,0,0,0,1,0,1,1,0,1,1,2,1,1,not_detected,infiltrate,1,1,pulmonary,smear_positive_ptb,0,failed
5346,16,M,20.5,0,0,0,1,0,1,0,0,1,1,2,0,1,detected,pleural_effusion,1,1,pulmonary,smear_negative_ptb,1,failed
5347,20,F,20.3,0,0,0,1,0,0,0,0,0,0,1,0,0,N/A,other_pathology,1,0,none,not_tb,0,not_applicable
5348,34,F,26.7,0,0,0,0,0,0,0,0,1,0,0,0,0,N/A,normal,0,0,none,not_tb,0,not_applicable
5349,19,F,26.5,0,0,0,0,0,0,0,0,0,1,0,0,0,N/A,old_tb_scar,1,0,none,not_tb,0,not_applicable
5350,29,M,17.7,1,0,0,1,0,0,0,0,1,0,1,0,1,not_detected,infiltrate,1,1,pulmonary,smear_negative_ptb,0,failed
5351,29,F,19.2,0,0,0,1,1,1,0,0,1,0,3,1,1,not_detected,infiltrate,1,1,pulmonary,smear_positive_ptb,0,cured
5352,35,F,26.5,0,0,0,0,0,0,0,0,0,0,0,0,0,N/A,normal,0,0,none,not_tb,0,not_applicable
5353,25,F,23.1,0,0,0,0,0,0,0,0,1,0,0,0,0,N/A,normal,0,0,none,not_tb,0,not_applicable
5354,41,F,16.2,1,1,3,1,1,1,0,0,1,0,4,0,0,N/A,normal,0,1,extrapulmonary,extrapulmonary_tb,0,cured
5355,32,F,22.2,0,0,0,0,0,0,0,0,0,0,0,0,0,N/A,normal,0,0,none,not_tb,0,not_applicable
5356,50,F,16.6,1,0,0,1,0,0,0,0,1,1,1,0,1,not_detected,infiltrate,1,1,pulmonary,smear_negative_ptb,0,failed
5357,32,F,18.9,1,1,3,0,0,1,0,1,1,1,2,0,1,not_detected,miliary,1,1,pulmonary,smear_negative_ptb,0,cured
5358,23,M,19.2,0,0,0,0,0,0,1,0,0,0,0,0,0,N/A,infiltrate,1,0,none,not_tb,0,not_applicable
5359,35,M,19.4,1,0,0,1,1,0,0,1,0,1,2,0,1,not_detected,normal,0,1,extrapulmonary,extrapulmonary_tb,0,cured
5360,46,F,15.7,0,0,0,0,0,0,0,0,0,0,0,0,0,N/A,normal,0,0,none,not_tb,0,not_applicable
5361,48,F,18.1,0,0,0,1,0,0,0,0,0,0,1,0,0,N/A,normal,0,0,none,not_tb,0,not_applicable
5362,58,M,16.5,0,1,9,1,1,0,0,0,1,1,3,1,1,not_detected,cavity,1,1,pulmonary,smear_positive_ptb,0,failed
5363,44,M,21.4,0,0,0,0,0,0,0,0,1,0,0,0,0,N/A,normal,0,0,none,not_tb,0,not_applicable
5364,28,F,16.7,0,0,0,1,0,0,0,0,0,0,1,0,0,N/A,normal,0,0,none,not_tb,0,not_applicable
5365,40,F,18.9,0,0,0,0,0,0,0,0,0,0,0,0,0,N/A,old_tb_scar,1,0,none,not_tb,0,not_applicable
5366,39,F,24.7,0,0,0,0,0,0,0,0,0,0,0,0,0,N/A,normal,0,0,none,not_tb,0,not_applicable
5367,22,M,25.1,0,0,0,0,0,0,0,0,0,0,0,0,0,N/A,normal,0,0,none,not_tb,0,not_applicable
5368,21,F,12.2,1,0,0,1,0,1,1,0,0,1,2,1,1,detected,infiltrate,1,1,pulmonary,smear_positive_ptb,1,failed
5369,44,F,19.9,1,0,0,0,0,0,0,0,0,0,0,0,0,N/A,normal,0,0,none,not_tb,0,not_applicable
5370,54,M,26.5,0,0,0,0,0,0,0,0,0,0,0,0,0,N/A,normal,0,0,none,not_tb,0,not_applicable
5371,19,M,19.5,1,0,0,0,1,1,0,1,0,1,2,0,1,not_detected,cavity,1,1,pulmonary,smear_negative_ptb,0,cured
5372,28,F,19.5,0,1,5,1,1,1,0,0,0,1,4,0,1,not_detected,infiltrate,1,1,pulmonary,smear_negative_ptb,0,cured
5373,34,M,19.9,0,0,0,0,0,1,0,0,1,0,1,0,1,not_detected,normal,0,1,pulmonary,smear_negative_ptb,0,cured
5374,49,F,16.1,0,0,0,1,1,1,0,0,1,1,3,0,1,detected,miliary,1,1,pulmonary,smear_negative_ptb,0,cured
5375,32,F,19.0,1,1,3,1,0,1,0,0,0,1,3,0,1,not_detected,infiltrate,1,1,pulmonary,smear_negative_ptb,0,cured
5376,36,F,23.7,0,0,0,0,0,0,0,0,0,0,0,0,0,N/A,old_tb_scar,1,0,none,not_tb,0,not_applicable
5377,35,M,22.4,1,0,0,0,0,0,0,0,0,0,0,0,0,N/A,old_tb_scar,1,0,none,not_tb,0,not_applicable
5378,58,F,20.6,0,0,0,0,0,0,0,0,1,0,0,0,0,N/A,normal,0,0,none,not_tb,0,not_applicable
5379,29,M,18.4,0,1,6,1,0,0,0,0,1,1,2,0,1,not_detected,infiltrate,1,1,extrapulmonary,extrapulmonary_tb,0,cured
5380,30,F,18.0,1,0,0,1,0,0,0,0,0,0,1,0,0,N/A,normal,0,0,none,not_tb,0,not_applicable
5381,30,M,20.0,1,1,4,1,1,1,0,1,1,1,4,1,1,detected,infiltrate,1,1,pulmonary,smear_positive_ptb,0,completed
5382,40,F,14.9,0,1,2,1,0,1,0,0,0,1,3,0,1,not_detected,infiltrate,1,1,extrapulmonary,extrapulmonary_tb,0,cured
5383,23,F,16.5,0,1,5,0,1,1,0,1,0,1,3,1,1,not_detected,infiltrate,1,1,pulmonary,smear_positive_ptb,0,lost_to_followup
5384,35,M,24.4,1,0,0,0,0,1,0,0,0,0,1,0,0,N/A,normal,0,0,none,not_tb,0,not_applicable
5385,34,M,23.0,0,0,0,0,0,0,0,0,1,0,0,0,0,N/A,normal,0,0,none,not_tb,0,not_applicable
5386,53,F,20.3,0,0,0,0,0,0,0,0,0,0,0,0,0,N/A,normal,0,0,none,not_tb,0,not_applicable
5387,46,M,16.0,0,0,0,1,0,0,0,0,1,0,1,0,0,N/A,old_tb_scar,1,0,none,not_tb,0,not_applicable
5388,34,M,21.8,0,0,0,0,0,0,0,0,0,0,0,0,0,N/A,normal,0,0,none,not_tb,0,not_applicable
5389,38,M,19.8,1,0,0,0,0,0,0,0,0,1,0,0,0,N/A,infiltrate,1,0,none,not_tb,0,not_applicable
5390,47,F,23.7,0,0,0,0,0,0,0,0,0,0,0,0,0,N/A,normal,0,0,none,not_tb,0,not_applicable
5391,26,M,20.2,1,0,0,1,0,1,0,0,0,0,2,1,0,N/A,normal,0,0,none,not_tb,0,not_applicable
5392,43,M,14.1,0,0,0,1,1,0,0,1,1,1,2,1,1,not_detected,cavity,1,1,pulmonary,smear_positive_ptb,0,cured
5393,28,F,17.2,0,0,0,1,0,0,0,0,1,0,1,0,0,N/A,other_pathology,1,0,none,not_tb,0,not_applicable
5394,24,M,17.4,1,1,9,1,0,1,0,0,1,0,3,0,1,not_detected,normal,0,1,pulmonary,smear_negative_ptb,0,cured
5395,27,M,22.4,0,0,0,1,0,0,0,0,0,0,1,0,0,N/A,other_pathology,1,0,none,not_tb,0,not_applicable
5396,31,M,17.9,0,0,0,0,0,0,0,0,0,0,0,0,0,N/A,normal,0,0,none,not_tb,0,not_applicable
5397,54,M,19.3,0,0,0,0,0,0,0,0,0,0,0,0,0,N/A,old_tb_scar,1,0,none,not_tb,0,not_applicable
5398,16,M,24.8,0,0,0,0,0,0,0,0,0,1,0,0,0,N/A,old_tb_scar,1,0,none,not_tb,0,not_applicable
5399,58,F,25.9,0,0,0,0,0,0,0,0,0,0,0,0,0,N/A,normal,0,0,none,not_tb,0,not_applicable
5400,41,M,19.2,1,1,2,0,1,1,0,0,1,1,3,1,1,not_detected,infiltrate,1,1,pulmonary,smear_positive_ptb,0,cured
5401,28,F,21.0,1,0,0,0,0,0,0,0,0,1,0,0,0,N/A,normal,0,0,none,not_tb,0,not_applicable
5402,33,M,16.9,1,0,0,1,0,1,0,0,1,0,2,0,0,N/A,normal,0,1,pulmonary,smear_negative_ptb,0,cured
5403,23,M,23.9,0,0,0,0,0,0,0,0,1,0,0,0,1,not_detected,normal,0,0,none,not_tb,0,not_applicable
5404,42,M,20.9,0,0,0,0,0,0,0,0,0,0,0,0,0,N/A,normal,0,0,none,not_tb,0,not_applicable
5405,30,M,25.2,0,0,0,1,0,0,0,0,0,0,1,0,0,N/A,normal,0,0,none,not_tb,0,not_applicable
5406,53,F,25.4,0,0,0,0,0,0,0,0,0,0,0,0,0,N/A,normal,0,0,none,not_tb,0,not_applicable
5407,41,M,23.4,1,0,0,1,0,0,0,0,0,0,1,0,0,N/A,normal,0,0,none,not_tb,0,not_applicable
5408,58,M,20.3,0,0,0,1,0,0,0,0,0,1,1,0,0,N/A,normal,0,0,none,not_tb,0,not_applicable
5409,20,M,20.5,1,0,0,0,0,0,0,0,0,0,0,1,0,N/A,normal,0,0,none,not_tb,0,not_applicable
5410,49,F,16.2,0,0,0,0,0,0,0,0,0,0,0,0,0,N/A,normal,0,0,none,not_tb,0,not_applicable
5411,32,M,21.8,0,0,0,0,0,0,0,1,0,0,0,0,0,N/A,normal,0,0,none,not_tb,0,not_applicable
5412,53,F,21.7,0,0,0,0,0,0,0,0,1,0,0,0,0,N/A,normal,0,0,none,not_tb,0,not_applicable
5413,44,M,17.2,0,0,0,0,1,0,0,0,0,0,1,1,0,N/A,normal,0,0,none,not_tb,0,not_applicable
5414,56,M,30.3,0,0,0,0,0,0,0,0,0,0,0,0,0,N/A,other_pathology,1,0,none,not_tb,0,not_applicable
5415,22,F,23.9,1,0,0,0,0,0,0,0,0,0,0,0,0,N/A,infiltrate,1,0,none,not_tb,0,not_applicable
5416,32,M,19.1,0,0,0,0,0,0,0,0,0,1,0,0,0,N/A,normal,0,0,none,not_tb,0,not_applicable
5417,26,M,29.2,0,0,0,0,1,0,0,0,0,0,1,0,0,N/A,normal,0,0,none,not_tb,0,not_applicable
5418,27,F,17.3,1,0,0,0,0,1,0,1,1,1,1,1,1,not_detected,pleural_effusion,1,1,pulmonary,smear_positive_ptb,0,cured
5419,61,M,24.9,1,1,2,0,0,0,0,0,0,0,1,0,0,N/A,normal,0,0,none,not_tb,0,not_applicable
5420,36,M,22.3,0,1,2,0,0,0,0,0,0,0,1,0,0,N/A,normal,0,0,none,not_tb,0,not_applicable
5421,42,M,20.4,1,0,0,1,0,0,0,0,0,0,1,0,0,N/A,normal,0,0,none,not_tb,0,not_applicable
5422,46,M,20.8,0,0,0,0,0,0,0,1,0,0,0,0,1,not_detected,normal,0,0,none,not_tb,0,not_applicable
5423,40,F,22.1,1,0,0,1,0,0,0,0,1,0,1,1,1,not_detected,pleural_effusion,1,1,pulmonary,smear_positive_ptb,0,cured
5424,40,M,20.7,0,1,2,0,0,0,0,0,1,1,1,0,0,N/A,normal,0,1,extrapulmonary,extrapulmonary_tb,0,completed
5425,35,F,21.6,0,0,0,0,0,0,0,0,0,0,0,0,0,N/A,normal,0,0,none,not_tb,0,not_applicable
5426,59,F,14.8,0,0,0,0,0,1,0,0,0,0,1,0,0,N/A,other_pathology,1,0,none,not_tb,0,not_applicable
5427,36,F,23.1,0,0,0,0,0,0,0,0,0,0,0,0,0,N/A,normal,0,0,none,not_tb,0,not_applicable
5428,35,F,15.4,1,1,8,0,1,0,0,1,1,1,2,1,0,N/A,cavity,1,1,pulmonary,smear_positive_ptb,0,cured
5429,33,F,23.9,0,0,0,1,0,0,0,0,0,0,1,0,0,N/A,normal,0,0,none,not_tb,0,not_applicable
5430,25,F,19.5,0,0,0,0,0,0,0,0,0,1,0,0,0,N/A,normal,0,0,none,not_tb,0,not_applicable
5431,29,M,17.0,0,1,4,1,1,1,0,1,1,1,4,1,1,detected,infiltrate,1,1,pulmonary,smear_positive_ptb,1,lost_to_followup
5432,40,M,19.8,0,0,0,0,0,1,0,0,1,0,1,0,0,N/A,normal,0,0,none,not_tb,0,not_applicable
5433,40,F,25.6,0,0,0,1,0,0,0,0,0,0,1,0,0,N/A,normal,0,0,none,not_tb,0,not_applicable
5434,45,M,15.8,1,0,0,0,0,0,0,0,0,1,0,0,0,N/A,normal,0,0,none,not_tb,0,not_applicable
5435,35,F,24.6,1,0,0,0,0,0,0,0,0,0,0,0,0,N/A,other_pathology,1,0,none,not_tb,0,not_applicable
5436,74,M,19.4,0,1,6,0,0,1,0,0,0,0,2,0,1,detected,cavity,1,1,pulmonary,smear_negative_ptb,1,failed
5437,22,F,21.7,0,0,0,0,0,0,0,0,0,0,0,0,0,N/A,other_pathology,1,0,none,not_tb,0,not_applicable
5438,28,M,17.4,0,1,5,0,1,1,0,0,1,1,3,0,1,detected,infiltrate,1,1,pulmonary,smear_negative_ptb,1,cured
5439,48,F,23.7,0,1,3,0,0,0,0,1,0,0,1,0,0,N/A,normal,0,0,none,not_tb,0,not_applicable
5440,41,M,17.4,0,1,3,1,0,1,0,0,1,0,3,0,1,not_detected,normal,0,1,pulmonary,smear_negative_ptb,0,completed
5441,29,M,17.4,0,1,6,0,1,1,0,0,1,1,3,0,1,detected,miliary,1,1,pulmonary,smear_negative_ptb,1,cured
5442,20,F,22.2,0,0,0,0,0,0,0,0,0,0,0,0,0,N/A,normal,0,0,none,not_tb,0,not_applicable
5443,63,F,28.0,0,0,0,0,0,0,0,0,0,0,0,0,0,N/A,normal,0,0,none,not_tb,0,not_applicable
5444,37,F,16.7,0,0,0,0,0,1,0,0,0,0,1,0,0,N/A,normal,0,0,none,not_tb,0,not_applicable
5445,16,F,23.8,0,0,0,0,0,0,0,0,0,0,0,0,0,N/A,old_tb_scar,1,0,none,not_tb,0,not_applicable
5446,28,M,21.5,0,0,0,1,0,0,0,0,1,1,1,0,0,N/A,normal,0,0,none,not_tb,0,not_applicable
5447,45,F,21.2,0,0,0,0,0,0,0,0,0,0,0,0,0,N/A,normal,0,0,none,not_tb,0,not_applicable
5448,51,M,14.7,0,1,6,1,0,1,0,0,0,0,3,1,1,not_detected,infiltrate,1,1,pulmonary,smear_positive_ptb,0,cured
5449,20,M,14.1,1,1,6,1,1,0,0,1,1,1,3,0,1,not_detected,cavity,1,1,pulmonary,smear_negative_ptb,0,cured
5450,21,M,19.3,0,0,0,1,0,1,0,0,1,0,2,0,0,N/A,infiltrate,1,1,pulmonary,smear_negative_ptb,0,cured
5451,24,M,15.3,0,1,12,0,1,1,1,0,1,0,3,1,1,not_detected,pleural_effusion,1,1,pulmonary,smear_positive_ptb,0,cured
5452,33,M,25.6,0,0,0,0,1,0,0,0,0,0,1,0,0,N/A,normal,0,0,none,not_tb,0,not_applicable
5453,36,F,16.0,1,1,10,1,1,0,0,1,0,0,3,1,1,not_detected,normal,0,1,pulmonary,smear_positive_ptb,0,died
5454,45,M,19.9,1,1,3,1,1,0,0,0,1,1,3,0,1,not_detected,pleural_effusion,1,1,extrapulmonary,extrapulmonary_tb,0,cured
5455,51,F,20.0,0,0,0,0,0,0,0,0,0,0,0,0,0,N/A,normal,0,0,none,not_tb,0,not_applicable
5456,31,M,19.8,0,0,0,0,0,0,0,0,1,0,0,0,0,N/A,normal,0,0,none,not_tb,0,not_applicable
5457,48,M,16.2,0,0,0,1,0,1,0,1,0,1,2,0,1,not_detected,normal,0,1,extrapulmonary,extrapulmonary_tb,0,cured
5458,27,F,19.6,1,1,3,0,1,0,0,0,1,0,2,0,1,not_detected,cavity,1,1,pulmonary,smear_negative_ptb,0,cured
5459,30,M,24.5,0,0,0,0,0,0,0,0,0,0,0,0,0,N/A,normal,0,0,none,not_tb,0,not_applicable
5460,35,M,20.9,0,0,0,1,1,0,0,0,0,0,2,0,0,N/A,normal,0,0,none,not_tb,0,not_applicable
5461,41,F,24.1,0,0,0,0,0,0,0,0,1,0,0,0,0,N/A,normal,0,0,none,not_tb,0,not_applicable
5462,49,M,18.5,0,1,5,0,1,0,0,0,0,1,2,0,1,not_detected,cavity,1,1,pulmonary,smear_negative_ptb,0,cured
5463,50,M,17.3,1,0,0,0,0,0,0,0,0,0,0,0,0,N/A,normal,0,0,none,not_tb,0,not_applicable
5464,57,F,19.4,0,1,4,1,0,0,0,0,1,1,2,1,1,detected,cavity,1,1,pulmonary,smear_positive_ptb,1,lost_to_followup
5465,20,M,17.7,1,0,0,0,1,1,0,1,0,1,2,0,1,not_detected,normal,0,1,pulmonary,smear_negative_ptb,0,died
5466,43,F,12.8,0,0,0,0,0,0,0,0,0,0,0,0,0,N/A,normal,0,0,none,not_tb,0,not_applicable
5467,48,F,20.6,1,0,0,0,0,0,0,0,0,0,0,0,0,N/A,normal,0,0,none,not_tb,0,not_applicable
5468,44,M,14.3,1,1,5,1,1,1,0,0,1,1,4,0,0,N/A,normal,0,1,extrapulmonary,extrapulmonary_tb,0,completed
5469,31,M,17.7,1,0,0,0,0,1,0,0,0,0,1,0,0,N/A,normal,0,0,none,not_tb,0,not_applicable
5470,38,M,21.1,1,0,0,0,0,0,0,1,0,0,0,0,0,N/A,normal,0,0,none,not_tb,0,not_applicable
5471,35,F,21.7,0,0,0,0,0,0,0,0,0,0,0,0,0,N/A,normal,0,0,none,not_tb,0,not_applicable
5472,54,M,16.4,0,1,6,0,1,1,0,0,1,0,3,0,1,not_detected,infiltrate,1,1,pulmonary,smear_negative_ptb,0,cured
5473,43,F,23.8,0,0,0,0,0,0,0,0,0,0,0,0,0,N/A,normal,0,0,none,not_tb,0,not_applicable
5474,56,M,21.6,0,1,4,0,0,0,0,0,0,0,1,0,0,N/A,old_tb_scar,1,0,none,not_tb,0,not_applicable
5475,26,F,17.4,0,1,6,0,1,1,0,0,1,1,3,1,1,not_detected,infiltrate,1,1,pulmonary,smear_positive_ptb,0,lost_to_followup
5476,39,M,22.2,0,0,0,0,0,0,0,0,1,0,0,0,0,N/A,normal,0,0,none,not_tb,0,not_applicable
5477,44,M,21.5,0,1,5,1,0,1,0,1,1,0,3,1,1,not_detected,normal,0,1,pulmonary,smear_positive_ptb,0,cured
5478,40,M,13.1,1,1,4,0,1,1,0,0,1,1,3,0,1,not_detected,normal,0,1,extrapulmonary,extrapulmonary_tb,0,died
5479,37,M,26.5,0,0,0,0,0,0,0,0,1,0,0,0,0,N/A,normal,0,0,none,not_tb,0,not_applicable
5480,27,F,17.0,1,1,4,1,1,0,0,1,0,0,3,0,1,not_detected,normal,0,1,pulmonary,smear_negative_ptb,0,cured
5481,44,M,16.6,1,1,8,1,1,1,0,1,0,1,4,0,0,N/A,pleural_effusion,1,1,extrapulmonary,extrapulmonary_tb,0,died
5482,19,M,17.5,0,0,0,1,1,1,0,0,1,1,3,1,1,not_detected,infiltrate,1,1,pulmonary,smear_positive_ptb,0,cured
5483,54,M,16.3,1,1,3,1,1,1,1,1,1,0,4,1,1,detected,miliary,1,1,pulmonary,smear_positive_ptb,0,cured
5484,47,M,15.9,1,1,7,0,1,1,0,1,0,1,3,1,1,not_detected,infiltrate,1,1,pulmonary,smear_positive_ptb,0,died
5485,48,F,20.6,0,1,7,1,0,1,0,1,1,0,3,1,1,not_detected,pleural_effusion,1,1,pulmonary,smear_positive_ptb,0,cured
5486,48,F,22.6,1,0,0,1,0,0,0,0,0,0,1,0,0,N/A,normal,0,0,none,not_tb,0,not_applicable
5487,26,F,13.7,0,0,0,1,1,1,0,0,1,1,3,0,0,N/A,infiltrate,1,1,pulmonary,smear_negative_ptb,0,completed
5488,34,M,24.4,0,0,0,0,0,0,0,0,0,0,0,0,0,N/A,normal,0,0,none,not_tb,0,not_applicable
5489,55,M,23.8,0,0,0,1,0,0,0,0,1,0,1,0,0,N/A,normal,0,0,none,not_tb,0,not_applicable
5490,69,F,16.8,0,0,0,0,0,1,0,0,0,0,1,0,0,N/A,normal,0,0,none,not_tb,0,not_applicable
5491,55,M,22.6,1,0,0,0,1,0,0,0,1,0,1,0,0,N/A,infiltrate,1,0,none,not_tb,0,not_applicable
5492,39,F,24.2,0,0,0,0,0,0,0,0,0,0,0,0,0,N/A,old_tb_scar,1,0,none,not_tb,0,not_applicable
5493,40,M,16.4,0,0,0,0,0,0,1,0,0,0,0,0,0,N/A,normal,0,0,none,not_tb,0,not_applicable
5494,32,M,19.2,1,1,2,0,0,0,0,0,1,1,1,0,0,N/A,normal,0,1,extrapulmonary,extrapulmonary_tb,1,cured
5495,45,F,16.8,0,1,8,1,0,1,0,1,1,0,3,0,0,N/A,infiltrate,1,1,pulmonary,smear_negative_ptb,0,cured
5496,33,M,19.9,0,1,5,0,1,1,0,1,1,0,3,1,1,not_detected,cavity,1,1,pulmonary,smear_positive_ptb,0,completed
5497,35,F,18.7,1,0,0,0,0,0,0,0,1,0,0,0,0,N/A,normal,0,0,none,not_tb,0,not_applicable
5498,38,M,25.6,0,0,0,0,1,0,0,0,0,0,1,0,0,N/A,old_tb_scar,1,0,none,not_tb,0,not_applicable
5499,42,M,21.1,1,0,0,0,0,0,0,0,0,0,0,0,0,N/A,normal,0,0,none,not_tb,0,not_applicable
5500,49,M,19.8,0,0,0,0,0,0,0,0,0,0,0,0,0,N/A,normal,0,0,none,not_tb,0,not_applicable
5501,32,M,19.5,0,0,0,0,0,0,0,0,0,0,0,0,0,N/A,normal,0,0,none,not_tb,0,not_applicable
5502,54,M,25.1,0,0,0,0,0,0,0,0,0,0,0,0,0,N/A,normal,0,0,none,not_tb,0,not_applicable
5503,50,M,19.5,0,1,2,1,0,0,0,0,0,0,2,0,1,not_detected,normal,0,0,none,not_tb,0,not_applicable
5504,25,F,21.2,1,1,4,1,1,0,0,1,0,0,3,1,1,detected,pleural_effusion,1,1,pulmonary,smear_positive_ptb,1,lost_to_followup
5505,61,F,19.0,0,0,0,0,1,0,0,0,1,1,1,0,1,not_detected,cavity,1,1,pulmonary,smear_negative_ptb,0,lost_to_followup
5506,34,M,17.2,0,0,0,0,0,1,0,0,0,0,1,0,0,N/A,infiltrate,1,0,none,not_tb,0,not_applicable
5507,38,M,22.1,0,0,0,0,0,0,0,0,0,0,0,0,0,N/A,old_tb_scar,1,0,none,not_tb,0,not_applicable
5508,50,M,22.2,1,0,0,0,0,0,0,0,0,0,0,0,0,N/A,infiltrate,1,0,none,not_tb,0,not_applicable
5509,27,F,15.0,1,1,5,0,0,0,0,1,0,1,1,1,1,detected,infiltrate,1,1,pulmonary,smear_positive_ptb,0,lost_to_followup
5510,21,F,22.0,1,0,0,0,0,0,0,1,1,0,0,0,0,N/A,normal,0,0,none,not_tb,0,not_applicable
5511,44,M,23.9,0,0,0,0,0,0,0,0,0,0,0,0,0,N/A,normal,0,0,none,not_tb,0,not_applicable
5512,43,M,25.9,0,0,0,1,0,0,0,0,0,0,1,0,0,N/A,normal,0,0,none,not_tb,0,not_applicable
5513,33,M,25.8,0,0,0,1,1,0,0,1,0,0,2,0,0,N/A,normal,0,0,none,not_tb,0,not_applicable
5514,19,M,24.5,1,1,3,0,1,1,1,0,0,1,3,0,0,N/A,infiltrate,1,1,extrapulmonary,extrapulmonary_tb,0,cured
5515,34,M,18.5,1,1,4,0,1,0,0,0,1,0,2,1,0,N/A,normal,0,1,extrapulmonary,extrapulmonary_tb,1,failed
5516,30,F,23.9,0,0,0,0,0,0,0,0,1,0,0,0,0,N/A,normal,0,0,none,not_tb,0,not_applicable
5517,39,M,19.9,0,0,0,0,0,0,0,0,0,0,0,0,0,N/A,infiltrate,1,0,none,not_tb,0,not_applicable
5518,50,M,23.2,0,0,0,1,0,1,0,1,1,0,2,0,1,not_detected,infiltrate,1,1,pulmonary,smear_negative_ptb,0,cured
5519,32,M,16.3,0,1,3,1,1,0,0,0,0,1,3,1,1,not_detected,cavity,1,1,pulmonary,smear_positive_ptb,0,cured
5520,45,M,23.1,1,0,0,0,0,0,0,0,1,1,0,0,1,not_detected,infiltrate,1,1,pulmonary,smear_negative_ptb,0,cured
5521,60,M,28.0,0,0,0,0,0,0,0,0,0,0,0,0,0,N/A,old_tb_scar,1,0,none,not_tb,0,not_applicable
5522,33,M,19.3,0,0,0,0,0,0,0,0,0,1,0,0,0,N/A,normal,0,0,none,not_tb,0,not_applicable
5523,35,M,21.1,1,0,0,1,1,1,0,1,1,1,3,0,1,not_detected,normal,0,1,pulmonary,smear_negative_ptb,0,cured
5524,59,F,19.6,0,1,2,1,1,1,0,0,1,0,4,0,0,N/A,infiltrate,1,1,pulmonary,smear_negative_ptb,0,cured
5525,21,M,17.5,0,1,7,1,1,0,0,0,0,1,3,1,1,not_detected,infiltrate,1,1,pulmonary,smear_positive_ptb,0,cured
5526,51,F,21.5,0,0,0,1,0,0,0,0,0,0,1,0,0,N/A,normal,0,0,none,not_tb,0,not_applicable
5527,38,M,22.9,0,0,0,0,0,0,0,0,1,0,0,0,0,N/A,other_pathology,1,0,none,not_tb,0,not_applicable
5528,31,M,19.4,0,0,0,1,1,1,0,1,1,0,3,1,1,not_detected,infiltrate,1,1,pulmonary,smear_positive_ptb,0,completed
5529,38,F,22.2,1,0,0,1,1,1,0,0,1,1,3,1,1,detected,infiltrate,1,1,pulmonary,smear_positive_ptb,1,cured
5530,41,F,24.0,0,1,2,0,0,0,0,0,0,0,1,0,0,N/A,normal,0,0,none,not_tb,0,not_applicable
5531,43,M,16.6,0,0,0,1,1,1,0,1,1,0,3,0,1,not_detected,infiltrate,1,1,pulmonary,smear_negative_ptb,0,cured
5532,44,F,20.4,1,0,0,1,1,1,1,0,1,1,3,0,1,not_detected,pleural_effusion,1,1,pulmonary,smear_negative_ptb,0,completed
5533,51,M,15.9,0,0,0,0,0,0,0,0,0,0,0,0,0,N/A,normal,0,0,none,not_tb,0,not_applicable
5534,37,M,17.5,0,1,6,0,0,0,1,1,1,1,1,1,1,not_detected,infiltrate,1,1,pulmonary,smear_positive_ptb,0,cured
5535,31,F,17.8,1,0,0,0,1,1,1,0,1,1,2,1,1,not_detected,infiltrate,1,1,pulmonary,smear_positive_ptb,0,cured
5536,28,F,24.3,0,0,0,0,0,0,0,0,0,0,0,0,0,N/A,normal,0,0,none,not_tb,0,not_applicable
5537,48,M,22.9,1,0,0,0,1,0,0,0,1,0,1,0,1,not_detected,pleural_effusion,1,1,extrapulmonary,extrapulmonary_tb,0,cured
5538,37,F,22.8,0,0,0,0,0,0,0,0,1,0,0,0,0,N/A,infiltrate,1,0,none,not_tb,0,not_applicable
5539,31,M,20.7,0,0,0,0,0,0,0,0,0,1,0,0,0,N/A,other_pathology,1,0,none,not_tb,0,not_applicable
5540,46,M,16.8,0,1,4,0,0,1,0,1,0,1,2,1,1,not_detected,infiltrate,1,1,pulmonary,smear_positive_ptb,0,cured
5541,28,F,24.9,0,0,0,0,0,0,0,0,0,0,0,0,0,N/A,old_tb_scar,1,0,none,not_tb,0,not_applicable
5542,48,M,18.0,0,1,8,1,0,1,0,0,0,1,3,0,1,not_detected,normal,0,1,extrapulmonary,extrapulmonary_tb,0,cured
5543,45,F,17.2,0,1,3,0,0,1,0,1,1,0,2,0,1,not_detected,normal,0,1,extrapulmonary,extrapulmonary_tb,0,cured
5544,27,F,20.9,0,1,6,1,0,0,0,0,1,0,2,0,1,not_detected,pleural_effusion,1,1,pulmonary,smear_negative_ptb,0,cured
5545,39,M,26.1,1,0,0,0,0,0,0,0,0,0,0,0,0,N/A,normal,0,0,none,not_tb,0,not_applicable
5546,40,M,18.6,0,0,0,1,0,0,0,0,0,0,1,0,0,N/A,normal,0,0,none,not_tb,0,not_applicable
5547,65,F,16.8,0,0,0,0,0,0,0,0,0,1,0,0,0,N/A,normal,0,0,none,not_tb,0,not_applicable
5548,53,F,18.3,0,0,0,1,0,1,0,0,1,1,2,1,1,not_detected,infiltrate,1,1,pulmonary,smear_positive_ptb,0,cured
5549,27,F,18.0,0,0,0,1,0,0,0,0,0,0,1,0,0,N/A,old_tb_scar,1,0,none,not_tb,0,not_applicable
5550,37,M,15.3,0,0,0,1,1,0,0,0,0,0,2,0,1,not_detected,cavity,1,1,pulmonary,smear_negative_ptb,0,cured
5551,27,M,15.9,0,1,5,1,0,1,0,0,1,0,3,1,1,not_detected,infiltrate,1,1,pulmonary,smear_positive_ptb,0,cured
5552,23,M,25.7,0,0,0,0,0,0,0,0,0,0,0,0,0,N/A,normal,0,0,none,not_tb,0,not_applicable
5553,64,M,20.1,0,0,0,1,0,1,0,0,1,1,2,1,1,not_detected,infiltrate,1,1,pulmonary,smear_positive_ptb,0,died
5554,47,M,30.6,0,0,0,0,0,0,0,0,1,0,0,0,0,N/A,infiltrate,1,0,none,not_tb,0,not_applicable
5555,30,F,19.8,0,0,0,0,0,0,0,0,0,1,0,0,0,N/A,normal,0,0,none,not_tb,0,not_applicable
5556,37,F,26.7,0,0,0,0,0,0,0,0,1,0,0,0,0,N/A,normal,0,0,none,not_tb,0,not_applicable
5557,30,M,23.7,1,0,0,1,0,0,0,0,1,0,1,0,0,N/A,normal,0,0,none,not_tb,0,not_applicable
5558,52,M,17.1,1,0,0,1,1,1,0,1,1,1,3,0,1,not_detected,normal,0,1,extrapulmonary,extrapulmonary_tb,0,cured
5559,26,F,18.1,0,0,0,1,1,1,0,1,0,1,3,1,1,detected,miliary,1,1,pulmonary,smear_positive_ptb,1,failed
5560,43,M,17.1,1,1,2,0,1,1,0,1,1,1,3,1,1,not_detected,cavity,1,1,pulmonary,smear_positive_ptb,0,died
5561,42,F,22.9,0,0,0,1,0,0,0,0,0,0,1,0,0,N/A,other_pathology,1,0,none,not_tb,0,not_applicable
5562,33,M,25.5,0,0,0,0,0,0,0,0,0,0,0,0,0,N/A,normal,0,0,none,not_tb,0,not_applicable
5563,30,M,20.7,0,0,0,0,0,0,0,0,0,0,0,0,0,N/A,normal,0,0,none,not_tb,0,not_applicable
5564,25,M,25.0,0,0,0,0,1,0,0,0,0,0,1,0,0,N/A,normal,0,0,none,not_tb,0,not_applicable
5565,36,F,26.4,0,0,0,0,0,0,0,0,0,0,0,0,0,N/A,normal,0,0,none,not_tb,0,not_applicable
5566,27,M,22.2,0,1,6,1,1,1,0,0,1,0,4,1,1,not_detected,normal,0,1,pulmonary,smear_positive_ptb,0,completed
5567,26,F,17.9,0,0,0,0,0,0,0,1,1,0,0,0,0,N/A,normal,0,0,none,not_tb,0,not_applicable
5568,37,M,21.8,0,0,0,0,0,0,0,1,0,0,0,0,0,N/A,normal,0,0,none,not_tb,0,not_applicable
5569,56,M,20.3,1,0,0,1,1,1,0,0,0,0,3,0,1,not_detected,infiltrate,1,1,pulmonary,smear_negative_ptb,0,cured
5570,67,F,18.2,0,0,0,0,0,0,0,0,0,0,0,1,0,N/A,other_pathology,1,0,none,not_tb,0,not_applicable
5571,17,M,15.2,0,0,0,0,1,0,0,0,1,0,1,0,0,N/A,normal,0,1,pulmonary,smear_negative_ptb,0,cured
5572,35,M,18.4,1,1,3,1,1,1,0,1,1,1,4,0,1,detected,miliary,1,1,pulmonary,smear_negative_ptb,1,died
5573,25,M,20.6,0,0,0,0,0,0,0,0,0,0,0,0,0,N/A,other_pathology,1,0,none,not_tb,0,not_applicable
5574,32,F,21.4,0,1,3,0,0,0,0,0,0,0,1,0,0,N/A,normal,0,0,none,not_tb,0,not_applicable
5575,29,M,17.3,0,1,5,1,0,1,0,1,1,0,3,1,1,not_detected,cavity,1,1,pulmonary,smear_positive_ptb,0,cured
5576,24,M,29.6,0,0,0,0,0,0,0,0,1,0,0,0,0,N/A,old_tb_scar,1,0,none,not_tb,0,not_applicable
5577,29,F,20.4,1,0,0,0,0,0,0,0,0,0,0,0,0,N/A,normal,0,0,none,not_tb,0,not_applicable
5578,28,F,24.0,0,0,0,0,0,1,0,0,0,0,1,0,0,N/A,normal,0,0,none,not_tb,0,not_applicable
5579,49,F,23.8,0,0,0,0,0,1,0,0,0,0,1,0,0,N/A,normal,0,0,none,not_tb,0,not_applicable
5580,23,F,16.1,1,0,0,0,0,0,0,1,0,0,0,0,0,N/A,normal,0,0,none,not_tb,0,not_applicable
5581,18,F,22.2,0,0,0,1,1,1,0,0,1,0,3,0,1,not_detected,infiltrate,1,1,pulmonary,smear_negative_ptb,0,cured
5582,38,M,24.2,0,0,0,0,0,0,0,0,0,0,0,0,0,N/A,normal,0,0,none,not_tb,0,not_applicable
5583,57,M,18.9,1,1,10,1,1,1,0,1,1,1,4,0,1,detected,normal,0,1,pulmonary,smear_negative_ptb,1,died
5584,61,F,25.7,0,0,0,0,0,0,0,0,0,0,0,0,0,N/A,other_pathology,1,0,none,not_tb,0,not_applicable
5585,40,F,21.8,0,0,0,1,0,0,0,0,0,0,1,0,0,N/A,normal,0,0,none,not_tb,0,not_applicable
5586,44,F,20.7,1,1,4,1,1,1,0,1,1,1,4,0,1,not_detected,pleural_effusion,1,1,pulmonary,smear_negative_ptb,0,cured
5587,31,M,15.4,1,0,0,0,0,0,0,0,0,0,0,0,0,N/A,normal,0,0,none,not_tb,0,not_applicable
5588,25,M,20.5,1,1,5,0,0,0,0,1,0,1,1,1,1,not_detected,infiltrate,1,1,pulmonary,smear_positive_ptb,0,completed
5589,17,M,19.0,0,1,9,1,0,0,0,1,1,0,2,0,1,detected,infiltrate,1,1,pulmonary,smear_negative_ptb,1,failed
5590,32,F,22.7,0,0,0,0,0,0,0,0,0,0,0,0,0,N/A,normal,0,0,none,not_tb,0,not_applicable
5591,44,M,16.4,1,1,5,0,0,0,0,1,0,1,1,0,1,not_detected,cavity,1,1,pulmonary,smear_negative_ptb,0,cured
5592,37,F,21.2,0,0,0,0,0,0,0,0,0,0,0,0,0,N/A,old_tb_scar,1,0,none,not_tb,0,not_applicable
5593,35,F,21.1,0,0,0,1,0,0,0,0,1,0,1,0,0,N/A,normal,0,0,none,not_tb,0,not_applicable
5594,30,M,15.7,0,1,3,1,0,1,0,1,1,0,3,1,1,not_detected,infiltrate,1,1,pulmonary,smear_positive_ptb,0,cured
5595,38,M,19.4,1,0,0,0,1,1,0,1,0,1,2,0,1,not_detected,cavity,1,1,pulmonary,smear_negative_ptb,0,lost_to_followup
5596,43,F,27.5,1,0,0,0,0,0,0,0,0,0,0,0,0,N/A,normal,0,0,none,not_tb,0,not_applicable
5597,51,F,17.0,0,1,3,0,0,0,0,0,0,0,1,0,0,N/A,normal,0,0,none,not_tb,0,not_applicable
5598,42,M,23.7,0,0,0,0,0,0,0,0,0,0,0,0,0,N/A,normal,0,0,none,not_tb,0,not_applicable
5599,43,M,20.5,0,0,0,0,0,0,1,0,1,0,0,0,0,N/A,normal,0,0,none,not_tb,0,not_applicable
5600,46,M,20.1,0,0,0,0,1,0,0,0,0,0,1,0,0,N/A,other_pathology,1,0,none,not_tb,0,not_applicable
5601,28,M,18.7,1,0,0,0,1,1,0,0,0,1,2,1,0,N/A,pleural_effusion,1,1,pulmonary,smear_positive_ptb,1,lost_to_followup
5602,46,M,22.3,0,0,0,1,0,0,0,0,0,1,1,0,0,N/A,normal,0,0,none,not_tb,0,not_applicable
5603,51,F,22.6,1,0,0,0,0,0,0,1,0,0,0,0,0,N/A,normal,0,0,none,not_tb,0,not_applicable
5604,41,F,18.0,0,0,0,0,0,0,0,0,1,0,0,1,0,N/A,normal,0,0,none,not_tb,0,not_applicable
5605,30,M,25.8,0,0,0,0,0,1,0,0,1,0,1,0,0,N/A,normal,0,0,none,not_tb,0,not_applicable
5606,63,M,22.3,0,0,0,0,0,0,0,0,0,0,0,0,0,N/A,normal,0,0,none,not_tb,0,not_applicable
5607,54,M,24.1,0,0,0,0,0,0,0,0,0,0,0,0,0,N/A,normal,0,0,none,not_tb,0,not_applicable
5608,58,F,26.3,0,0,0,0,0,0,0,0,0,0,0,0,0,N/A,normal,0,0,none,not_tb,0,not_applicable
5609,43,M,15.3,0,0,0,0,0,0,0,0,1,0,0,0,0,N/A,normal,0,0,none,not_tb,0,not_applicable
5610,40,F,24.2,1,1,3,0,1,0,0,0,0,0,2,0,0,N/A,normal,0,0,none,not_tb,0,not_applicable
5611,43,M,21.4,0,1,5,0,0,0,0,0,0,0,1,0,0,N/A,old_tb_scar,1,0,none,not_tb,0,not_applicable
5612,23,F,25.6,0,0,0,0,0,0,0,0,0,0,0,0,0,N/A,normal,0,0,none,not_tb,0,not_applicable
5613,39,M,19.2,1,0,0,0,0,0,0,0,0,0,0,0,0,N/A,old_tb_scar,1,0,none,not_tb,0,not_applicable
5614,40,F,25.3,0,0,0,0,0,0,0,0,0,0,0,0,0,N/A,normal,0,0,none,not_tb,0,not_applicable
5615,55,F,18.3,0,0,0,0,0,0,0,0,0,0,0,0,0,N/A,old_tb_scar,1,0,none,not_tb,0,not_applicable
5616,37,M,23.4,0,1,3,0,0,0,0,0,0,0,1,0,0,N/A,normal,0,0,none,not_tb,0,not_applicable
5617,63,M,23.0,0,0,0,0,0,0,0,0,1,0,0,0,0,N/A,normal,0,0,none,not_tb,0,not_applicable
5618,27,F,21.5,1,0,0,0,0,0,0,1,1,0,0,0,0,N/A,normal,0,0,none,not_tb,0,not_applicable
5619,45,F,18.4,0,0,0,0,0,0,0,0,0,0,0,0,0,N/A,normal,0,0,none,not_tb,0,not_applicable
5620,26,M,17.6,0,1,3,1,1,0,0,1,1,0,3,1,1,not_detected,pleural_effusion,1,1,pulmonary,smear_positive_ptb,0,died
5621,34,M,25.2,0,0,0,0,0,0,0,0,0,1,0,0,0,N/A,normal,0,0,none,not_tb,0,not_applicable
5622,26,M,22.2,0,1,3,1,1,1,0,0,1,1,4,0,1,not_detected,cavity,1,1,pulmonary,smear_negative_ptb,0,cured
5623,55,F,23.4,0,1,10,1,1,1,1,0,0,1,4,0,0,N/A,infiltrate,1,1,pulmonary,smear_negative_ptb,0,cured
5624,56,F,19.8,1,1,6,1,0,1,0,1,0,0,3,1,0,N/A,normal,0,1,extrapulmonary,extrapulmonary_tb,0,cured
5625,44,M,19.1,0,1,4,1,1,1,0,0,1,1,4,1,1,not_detected,infiltrate,1,1,pulmonary,smear_positive_ptb,0,cured
5626,49,F,23.6,0,1,3,0,0,0,0,0,0,0,1,0,1,not_detected,normal,0,0,none,not_tb,0,not_applicable
5627,40,F,28.7,0,0,0,0,0,0,0,0,0,0,0,0,0,N/A,other_pathology,1,0,none,not_tb,0,not_applicable
5628,21,F,19.8,0,0,0,1,0,1,0,1,1,1,2,0,0,N/A,cavity,1,1,pulmonary,smear_negative_ptb,0,lost_to_followup
5629,39,M,22.3,0,0,0,0,0,0,0,0,0,0,0,0,0,N/A,old_tb_scar,1,0,none,not_tb,0,not_applicable
5630,23,M,17.8,0,0,0,1,1,0,1,0,1,0,2,0,1,not_detected,infiltrate,1,1,pulmonary,smear_negative_ptb,0,cured
5631,45,M,21.4,0,0,0,0,0,1,0,0,0,0,1,0,0,N/A,normal,0,0,none,not_tb,0,not_applicable
5632,50,M,19.5,1,1,8,0,0,1,0,0,0,0,2,1,1,not_detected,infiltrate,1,1,pulmonary,smear_positive_ptb,0,cured
5633,33,M,19.4,0,0,0,0,0,0,0,1,0,0,0,0,0,N/A,normal,0,0,none,not_tb,0,not_applicable
5634,25,M,19.8,0,0,0,1,0,0,0,0,0,0,1,0,0,N/A,old_tb_scar,1,0,none,not_tb,0,not_applicable
5635,28,M,21.8,0,0,0,0,0,0,0,0,0,0,0,0,0,N/A,normal,0,0,none,not_tb,0,not_applicable
5636,35,F,20.4,0,0,0,0,0,1,0,0,1,0,1,0,0,N/A,infiltrate,1,0,none,not_tb,0,not_applicable
5637,51,M,24.1,0,0,0,0,0,1,0,1,1,0,1,0,0,N/A,normal,0,0,none,not_tb,0,not_applicable
5638,47,F,20.2,0,1,3,0,0,0,0,0,0,1,1,1,1,not_detected,pleural_effusion,1,1,pulmonary,smear_positive_ptb,0,cured
5639,38,M,22.9,0,0,0,0,0,1,0,0,0,1,1,0,0,N/A,other_pathology,1,0,none,not_tb,0,not_applicable
5640,36,M,19.7,1,0,0,1,1,1,0,0,0,1,3,0,0,N/A,infiltrate,1,1,extrapulmonary,extrapulmonary_tb,0,cured
5641,65,M,22.4,0,0,0,1,0,0,0,0,0,1,1,0,0,N/A,normal,0,0,none,not_tb,0,not_applicable
5642,30,F,12.0,1,0,0,1,0,0,0,0,0,1,1,0,0,N/A,cavity,1,1,pulmonary,smear_negative_ptb,0,completed
5643,44,F,16.3,1,1,5,0,1,1,0,0,1,1,3,0,1,not_detected,infiltrate,1,1,pulmonary,smear_negative_ptb,0,died
5644,35,M,24.5,0,0,0,0,0,0,0,0,1,0,0,0,0,N/A,normal,0,0,none,not_tb,0,not_applicable
5645,36,F,16.4,1,0,0,0,0,1,0,0,1,1,1,0,0,N/A,infiltrate,1,1,pulmonary,smear_negative_ptb,1,cured
5646,24,M,25.0,0,0,0,0,0,0,0,0,0,1,0,0,0,N/A,old_tb_scar,1,0,none,not_tb,0,not_applicable
5647,34,F,25.2,0,0,0,1,0,0,0,0,0,0,1,1,0,N/A,normal,0,0,none,not_tb,0,not_applicable
5648,25,M,21.1,0,1,5,0,0,0,0,0,1,0,1,0,0,N/A,normal,0,0,none,not_tb,0,not_applicable
5649,23,M,17.0,1,0,0,1,1,1,1,0,0,0,3,0,1,not_detected,infiltrate,1,1,pulmonary,smear_negative_ptb,0,cured
5650,28,M,22.0,0,0,0,0,0,0,0,0,1,0,0,1,0,N/A,old_tb_scar,1,0,none,not_tb,0,not_applicable
5651,28,F,21.8,0,1,3,0,0,0,0,0,0,0,1,0,0,N/A,infiltrate,1,0,none,not_tb,0,not_applicable
5652,37,M,24.2,0,0,0,1,0,0,0,0,0,0,1,0,0,N/A,old_tb_scar,1,0,none,not_tb,0,not_applicable
5653,52,F,12.6,0,0,0,1,1,0,0,1,1,0,2,1,1,not_detected,infiltrate,1,1,pulmonary,smear_positive_ptb,0,cured
5654,39,M,19.4,1,0,0,0,0,0,0,0,0,0,0,0,1,not_detected,normal,0,0,none,not_tb,0,not_applicable
5655,43,M,18.5,0,0,0,0,0,0,0,0,0,0,0,0,0,N/A,normal,0,0,none,not_tb,0,not_applicable
5656,46,M,12.2,0,1,4,0,1,1,1,1,1,1,3,0,1,not_detected,cavity,1,1,pulmonary,smear_negative_ptb,0,cured
5657,57,F,20.3,0,0,0,1,0,0,0,0,0,0,1,0,0,N/A,normal,0,0,none,not_tb,0,not_applicable
5658,50,F,16.8,0,0,0,0,0,0,0,0,0,0,0,0,0,N/A,normal,0,0,none,not_tb,0,not_applicable
5659,39,M,20.6,0,0,0,1,0,0,0,0,1,0,1,0,0,N/A,normal,0,0,none,not_tb,0,not_applicable
5660,33,F,17.3,0,0,0,1,1,1,0,1,1,0,3,0,0,N/A,pleural_effusion,1,1,extrapulmonary,extrapulmonary_tb,0,cured
5661,54,M,23.6,0,0,0,0,0,0,0,0,0,0,0,0,0,N/A,old_tb_scar,1,0,none,not_tb,0,not_applicable
5662,16,M,21.1,0,0,0,0,0,1,0,0,0,0,1,0,0,N/A,normal,0,0,none,not_tb,0,not_applicable
5663,34,M,16.1,0,0,0,0,0,0,0,0,0,0,0,0,0,N/A,normal,0,0,none,not_tb,0,not_applicable
5664,33,M,23.2,1,0,0,0,0,0,0,1,0,0,0,0,0,N/A,old_tb_scar,1,0,none,not_tb,0,not_applicable
5665,21,M,30.5,0,0,0,0,0,0,0,0,0,0,0,0,0,N/A,normal,0,0,none,not_tb,0,not_applicable
5666,45,F,25.8,0,0,0,0,0,0,0,1,0,0,0,0,0,N/A,normal,0,0,none,not_tb,0,not_applicable
5667,32,M,24.4,0,1,2,0,0,0,0,0,0,0,1,0,1,not_detected,normal,0,0,none,not_tb,0,not_applicable
5668,54,F,21.3,0,0,0,1,0,0,0,1,1,0,1,0,0,N/A,other_pathology,1,0,none,not_tb,0,not_applicable
5669,46,F,20.3,0,0,0,0,0,0,0,0,0,0,0,0,0,N/A,old_tb_scar,1,0,none,not_tb,0,not_applicable
5670,35,F,17.1,0,0,0,1,0,1,1,0,0,1,2,0,0,N/A,cavity,1,1,pulmonary,smear_negative_ptb,0,lost_to_followup
5671,17,F,22.8,1,0,0,0,0,1,0,1,0,1,1,0,0,N/A,normal,0,0,none,not_tb,0,not_applicable
5672,36,F,15.7,0,1,4,0,1,1,0,1,1,0,3,0,0,N/A,normal,0,1,pulmonary,smear_negative_ptb,0,cured
5673,44,M,22.8,0,1,3,0,0,0,0,0,0,0,1,0,0,N/A,normal,0,0,none,not_tb,0,not_applicable
5674,27,M,16.8,1,1,5,1,0,1,0,0,1,1,3,0,1,not_detected,infiltrate,1,1,pulmonary,smear_negative_ptb,0,cured
5675,46,M,14.2,1,0,0,1,0,1,0,1,1,1,2,1,1,not_detected,pleural_effusion,1,1,pulmonary,smear_positive_ptb,0,cured
5676,26,F,19.6,0,0,0,0,0,0,0,0,0,0,0,0,0,N/A,normal,0,0,none,not_tb,0,not_applicable
5677,37,M,26.4,1,0,0,0,0,0,0,0,0,0,0,0,0,N/A,normal,0,0,none,not_tb,0,not_applicable
5678,53,M,22.5,0,1,2,1,0,0,0,0,0,0,2,0,0,N/A,normal,0,0,none,not_tb,0,not_applicable
5679,36,F,12.0,0,0,0,0,0,0,0,0,0,0,0,0,0,N/A,normal,0,0,none,not_tb,0,not_applicable
5680,25,M,19.6,0,1,4,0,0,0,0,0,0,0,1,0,0,N/A,old_tb_scar,1,0,none,not_tb,0,not_applicable
5681,33,F,20.8,0,1,6,1,1,0,0,0,0,1,3,1,1,not_detected,infiltrate,1,1,pulmonary,smear_positive_ptb,0,cured
5682,47,M,17.8,1,0,0,1,1,1,0,1,1,1,3,1,1,not_detected,infiltrate,1,1,pulmonary,smear_positive_ptb,0,cured
5683,35,M,23.8,0,0,0,0,0,0,0,0,0,1,0,0,0,N/A,normal,0,0,none,not_tb,0,not_applicable
5684,59,F,17.5,1,1,10,1,1,1,0,0,1,0,4,0,1,not_detected,infiltrate,1,1,pulmonary,smear_negative_ptb,0,died
5685,54,M,22.6,0,0,0,0,0,0,0,0,0,0,0,0,0,N/A,other_pathology,1,0,none,not_tb,0,not_applicable
5686,22,M,22.1,0,0,0,0,0,0,0,0,0,0,0,0,0,N/A,normal,0,0,none,not_tb,0,not_applicable
5687,32,M,19.7,0,0,0,0,0,0,0,0,0,1,0,1,0,N/A,other_pathology,1,0,none,not_tb,0,not_applicable
5688,40,M,19.9,1,0,0,0,1,0,0,0,1,1,1,0,0,N/A,cavity,1,1,pulmonary,smear_negative_ptb,0,lost_to_followup
5689,26,F,27.4,0,0,0,0,0,0,0,0,0,0,0,0,0,N/A,normal,0,0,none,not_tb,0,not_applicable
5690,42,F,19.5,1,0,0,1,1,0,0,1,1,0,2,0,1,not_detected,pleural_effusion,1,1,extrapulmonary,extrapulmonary_tb,0,cured
5691,48,M,18.8,1,1,7,1,0,1,0,0,1,0,3,1,1,not_detected,infiltrate,1,1,extrapulmonary,extrapulmonary_tb,0,completed
5692,21,M,19.0,0,0,0,0,0,0,0,0,0,0,0,0,0,N/A,normal,0,0,none,not_tb,0,not_applicable
5693,37,M,25.3,0,0,0,1,0,0,0,0,0,0,1,0,0,N/A,normal,0,0,none,not_tb,0,not_applicable
5694,33,F,20.2,0,1,2,0,0,0,0,0,0,0,1,0,0,N/A,other_pathology,1,0,none,not_tb,0,not_applicable
5695,39,F,24.0,0,1,5,0,0,0,0,0,0,0,1,0,0,N/A,normal,0,0,none,not_tb,0,not_applicable
5696,33,M,24.7,0,0,0,0,0,0,0,0,0,0,0,0,0,N/A,normal,0,0,none,not_tb,0,not_applicable
5697,27,M,25.5,1,0,0,1,0,0,0,0,1,0,1,0,0,N/A,normal,0,0,none,not_tb,0,not_applicable
5698,36,F,25.5,0,0,0,0,0,0,0,0,0,1,0,0,0,N/A,normal,0,0,none,not_tb,0,not_applicable
5699,46,F,25.4,1,1,3,0,0,0,0,0,0,0,1,0,0,N/A,old_tb_scar,1,0,none,not_tb,0,not_applicable
5700,64,M,17.6,0,0,0,0,0,0,0,0,1,0,0,0,0,N/A,infiltrate,1,0,none,not_tb,0,not_applicable
5701,32,F,16.4,0,1,7,1,1,1,0,0,1,1,4,1,1,not_detected,infiltrate,1,1,pulmonary,smear_positive_ptb,0,cured
5702,38,M,17.2,0,0,0,0,1,0,0,0,0,0,1,0,0,N/A,normal,0,0,none,not_tb,0,not_applicable
5703,29,M,14.9,0,1,9,1,1,1,0,0,1,1,4,1,1,not_detected,miliary,1,1,pulmonary,smear_positive_ptb,0,cured
5704,27,F,22.3,0,1,2,0,0,1,0,1,1,0,2,1,1,detected,miliary,1,1,pulmonary,smear_positive_ptb,1,died
5705,31,M,18.5,1,0,0,0,0,0,0,0,0,0,0,0,0,N/A,normal,0,0,none,not_tb,0,not_applicable
5706,48,M,15.7,0,1,3,1,0,1,0,0,1,1,3,1,1,not_detected,cavity,1,1,pulmonary,smear_positive_ptb,0,cured
5707,48,F,18.4,0,0,0,1,0,1,0,0,1,1,2,1,1,not_detected,normal,0,1,pulmonary,smear_positive_ptb,0,cured
5708,38,F,19.4,0,0,0,0,0,0,0,0,0,0,0,0,0,N/A,normal,0,0,none,not_tb,0,not_applicable
5709,38,M,29.9,1,0,0,0,0,0,0,0,1,0,0,0,0,N/A,normal,0,0,none,not_tb,0,not_applicable
5710,23,F,21.0,0,0,0,0,0,0,0,0,0,0,0,0,0,N/A,normal,0,0,none,not_tb,0,not_applicable
5711,61,F,19.6,0,1,5,1,0,1,0,0,1,1,3,1,1,detected,infiltrate,1,1,pulmonary,smear_positive_ptb,1,cured
5712,46,M,19.3,0,0,0,0,0,0,0,0,0,0,0,0,0,N/A,old_tb_scar,1,0,none,not_tb,0,not_applicable
5713,71,F,16.2,0,0,0,0,0,0,0,0,0,0,0,0,0,N/A,normal,0,0,none,not_tb,0,not_applicable
5714,32,F,19.4,0,0,0,0,0,1,0,0,1,0,1,0,0,N/A,normal,0,0,none,not_tb,0,not_applicable
5715,47,M,16.7,0,1,5,1,0,0,0,0,0,0,2,1,1,not_detected,cavity,1,1,pulmonary,smear_positive_ptb,0,completed
5716,38,M,16.7,1,1,3,0,1,0,0,0,0,0,2,0,0,N/A,normal,0,1,extrapulmonary,extrapulmonary_tb,0,lost_to_followup
5717,21,F,16.4,0,0,0,0,0,0,0,0,0,1,0,0,0,N/A,normal,0,0,none,not_tb,0,not_applicable
5718,59,F,18.8,0,1,3,0,1,1,1,0,0,0,3,1,1,detected,infiltrate,1,1,pulmonary,smear_positive_ptb,0,cured
5719,21,M,20.8,0,0,0,1,0,0,0,0,0,0,1,0,0,N/A,normal,0,0,none,not_tb,0,not_applicable
5720,50,M,16.6,0,0,0,0,0,0,0,0,0,1,0,0,0,N/A,old_tb_scar,1,0,none,not_tb,0,not_applicable
5721,45,F,22.4,1,1,2,0,0,0,0,1,0,0,1,0,0,N/A,normal,0,0,none,not_tb,0,not_applicable
5722,76,M,24.7,0,0,0,0,1,0,0,1,0,0,1,0,0,N/A,normal,0,0,none,not_tb,0,not_applicable
5723,30,M,26.2,0,0,0,0,0,0,0,0,0,0,0,0,0,N/A,normal,0,0,none,not_tb,0,not_applicable
5724,38,F,13.5,0,0,0,1,0,0,0,0,0,0,1,0,0,N/A,normal,0,0,none,not_tb,0,not_applicable
5725,21,F,16.7,1,1,8,1,0,1,0,0,0,1,3,1,1,detected,cavity,1,1,pulmonary,smear_positive_ptb,1,cured
5726,53,F,15.1,0,1,7,0,1,1,0,0,0,0,3,0,1,not_detected,normal,0,1,pulmonary,smear_negative_ptb,0,cured
5727,40,F,19.7,0,0,0,0,0,0,0,0,0,1,0,0,0,N/A,normal,0,0,none,not_tb,0,not_applicable
5728,36,M,26.9,0,0,0,0,0,0,0,0,1,0,0,0,0,N/A,normal,0,0,none,not_tb,0,not_applicable
5729,24,F,19.5,0,0,0,0,0,0,0,0,1,0,0,0,0,N/A,normal,0,0,none,not_tb,0,not_applicable
5730,26,M,20.3,0,0,0,0,0,0,0,0,0,0,0,0,0,N/A,normal,0,0,none,not_tb,0,not_applicable
5731,18,M,19.1,0,0,0,0,0,0,0,0,0,0,0,0,0,N/A,infiltrate,1,0,none,not_tb,0,not_applicable
5732,34,F,22.6,1,1,2,1,1,1,0,0,1,1,4,0,1,not_detected,infiltrate,1,1,pulmonary,smear_negative_ptb,0,died
5733,37,F,12.8,0,1,3,1,0,1,0,0,1,1,3,0,0,N/A,normal,0,1,extrapulmonary,extrapulmonary_tb,0,completed
5734,41,F,20.1,0,0,0,0,0,1,0,0,0,0,1,0,0,N/A,normal,0,0,none,not_tb,0,not_applicable
5735,43,M,19.0,0,0,0,0,0,0,0,0,0,0,0,0,0,N/A,old_tb_scar,1,0,none,not_tb,0,not_applicable
5736,47,F,16.0,0,0,0,0,0,0,0,0,0,0,0,0,0,N/A,normal,0,0,none,not_tb,0,not_applicable
5737,27,F,25.9,0,0,0,0,0,1,0,0,0,0,1,0,0,N/A,normal,0,0,none,not_tb,0,not_applicable
5738,58,F,15.7,1,0,0,0,0,0,0,0,0,0,0,0,0,N/A,normal,0,0,none,not_tb,0,not_applicable
5739,55,F,17.4,0,1,4,1,0,1,1,1,1,0,3,0,1,not_detected,pleural_effusion,1,1,pulmonary,smear_negative_ptb,0,cured
5740,22,M,18.3,0,1,4,0,1,1,0,0,1,1,3,0,1,not_detected,normal,0,1,extrapulmonary,extrapulmonary_tb,0,cured
5741,19,F,16.6,0,1,2,0,0,0,0,0,0,0,1,0,1,not_detected,normal,0,1,extrapulmonary,extrapulmonary_tb,0,cured
5742,48,F,14.2,0,0,0,1,0,0,0,0,0,0,1,1,1,not_detected,infiltrate,1,1,pulmonary,smear_positive_ptb,0,cured
5743,38,F,21.4,0,0,0,0,0,0,0,0,0,0,0,0,0,N/A,normal,0,0,none,not_tb,0,not_applicable
5744,34,F,16.6,1,1,8,1,0,1,1,0,1,1,3,1,1,not_detected,cavity,1,1,pulmonary,smear_positive_ptb,0,failed
5745,29,F,24.8,1,0,0,0,0,0,0,0,0,0,0,0,0,N/A,infiltrate,1,0,none,not_tb,0,not_applicable
5746,27,M,23.8,0,0,0,0,0,1,0,1,0,0,1,0,0,N/A,other_pathology,1,0,none,not_tb,0,not_applicable
5747,34,M,28.8,0,0,0,0,1,1,0,0,1,1,2,0,0,N/A,old_tb_scar,1,0,none,not_tb,0,not_applicable
5748,35,F,18.8,0,1,5,1,1,0,0,0,0,1,3,0,1,not_detected,infiltrate,1,1,pulmonary,smear_negative_ptb,0,completed
5749,40,F,24.1,0,0,0,0,0,0,0,0,1,0,0,0,0,N/A,normal,0,0,none,not_tb,0,not_applicable
5750,27,F,17.6,1,1,3,0,0,0,0,0,1,1,1,0,0,N/A,infiltrate,1,1,pulmonary,smear_negative_ptb,0,died
5751,41,M,22.8,0,0,0,1,1,1,0,1,0,1,3,1,1,not_detected,infiltrate,1,1,pulmonary,smear_positive_ptb,0,completed
5752,42,M,22.0,0,0,0,1,0,0,0,0,0,0,1,0,0,N/A,normal,0,0,none,not_tb,0,not_applicable
5753,54,F,21.6,0,0,0,0,0,0,0,0,0,0,0,0,0,N/A,normal,0,0,none,not_tb,0,not_applicable
5754,47,F,23.9,0,0,0,1,0,0,0,1,0,0,1,0,0,N/A,other_pathology,1,0,none,not_tb,0,not_applicable
5755,33,M,19.7,1,0,0,0,0,0,0,0,0,0,0,0,0,N/A,normal,0,0,none,not_tb,0,not_applicable
5756,44,F,17.3,1,1,2,1,1,1,0,0,1,1,4,1,1,not_detected,cavity,1,1,pulmonary,smear_positive_ptb,0,died
5757,45,M,23.9,1,0,0,0,0,1,0,0,0,0,1,0,0,N/A,normal,0,0,none,not_tb,0,not_applicable
5758,39,M,20.3,0,0,0,1,0,1,0,0,1,1,2,0,1,not_detected,pleural_effusion,1,1,pulmonary,smear_negative_ptb,0,cured
5759,47,M,24.1,0,0,0,0,0,0,0,0,0,0,0,0,0,N/A,normal,0,0,none,not_tb,0,not_applicable
5760,33,M,21.7,1,0,0,0,0,0,0,0,0,0,0,0,0,N/A,normal,0,0,none,not_tb,0,not_applicable
5761,31,M,19.2,0,0,0,1,1,1,1,1,1,1,3,1,1,not_detected,infiltrate,1,1,pulmonary,smear_positive_ptb,0,cured
5762,55,F,25.4,0,0,0,1,0,0,0,0,1,0,1,0,0,N/A,normal,0,0,none,not_tb,0,not_applicable
5763,26,F,18.2,0,0,0,1,0,0,0,0,0,0,1,0,0,N/A,normal,0,0,none,not_tb,0,not_applicable
5764,18,F,22.0,0,0,0,0,0,0,0,0,0,0,0,0,0,N/A,other_pathology,1,0,none,not_tb,0,not_applicable
5765,48,M,12.0,0,1,7,1,0,1,1,1,1,0,3,0,0,N/A,infiltrate,1,1,pulmonary,smear_negative_ptb,1,failed
5766,34,M,24.6,1,0,0,0,0,0,0,0,0,1,0,0,0,N/A,normal,0,0,none,not_tb,0,not_applicable
5767,36,M,19.3,0,0,0,0,0,0,0,0,0,0,0,0,0,N/A,old_tb_scar,1,0,none,not_tb,0,not_applicable
5768,56,F,19.4,0,0,0,0,0,0,0,0,0,0,0,0,0,N/A,normal,0,0,none,not_tb,0,not_applicable
5769,16,M,21.6,0,0,0,0,0,1,0,0,0,0,1,0,0,N/A,normal,0,0,none,not_tb,0,not_applicable
5770,44,F,24.2,0,0,0,0,0,0,0,0,0,0,0,0,0,N/A,infiltrate,1,0,none,not_tb,0,not_applicable
5771,40,F,30.4,1,0,0,0,0,0,0,0,0,0,0,0,0,N/A,infiltrate,1,0,none,not_tb,0,not_applicable
5772,29,F,14.6,0,1,9,1,0,1,0,1,0,0,3,1,1,not_detected,infiltrate,1,1,pulmonary,smear_positive_ptb,0,cured
5773,53,M,16.4,1,1,3,0,0,1,0,1,0,0,2,0,0,N/A,infiltrate,1,1,pulmonary,smear_negative_ptb,0,cured
5774,49,M,22.8,0,0,0,0,0,0,0,0,0,0,0,0,0,N/A,normal,0,0,none,not_tb,0,not_applicable
5775,39,M,19.5,0,0,0,0,0,0,0,0,1,0,0,0,0,N/A,infiltrate,1,0,none,not_tb,0,not_applicable
5776,49,M,24.9,1,0,0,0,0,0,0,0,0,0,0,0,0,N/A,normal,0,0,none,not_tb,0,not_applicable
5777,49,F,21.4,0,1,2,0,0,0,0,0,0,0,1,0,0,N/A,other_pathology,1,0,none,not_tb,0,not_applicable
5778,33,M,25.1,0,0,0,0,0,0,0,0,0,0,0,0,0,N/A,normal,0,0,none,not_tb,0,not_applicable
5779,39,F,21.1,0,0,0,0,0,0,0,0,0,0,0,0,0,N/A,normal,0,0,none,not_tb,0,not_applicable
5780,56,M,23.9,1,0,0,1,0,0,0,0,0,0,1,0,0,N/A,normal,0,0,none,not_tb,0,not_applicable
5781,38,F,16.1,0,1,5,1,0,1,0,1,0,1,3,0,1,not_detected,pleural_effusion,1,1,pulmonary,smear_negative_ptb,0,cured
5782,15,F,23.3,0,1,6,0,1,1,0,0,0,1,3,1,1,not_detected,infiltrate,1,1,pulmonary,smear_positive_ptb,0,cured
5783,24,M,16.1,1,0,0,0,0,0,0,0,0,0,0,0,0,N/A,normal,0,0,none,not_tb,0,not_applicable
5784,24,F,19.5,0,1,4,0,1,0,0,0,1,1,2,0,0,N/A,old_tb_scar,1,0,none,not_tb,0,not_applicable
5785,45,M,17.0,1,0,0,1,0,0,0,0,0,1,1,0,0,N/A,old_tb_scar,1,0,none,not_tb,0,not_applicable
5786,58,F,24.8,0,0,0,1,0,0,0,1,0,0,1,0,0,N/A,normal,0,0,none,not_tb,0,not_applicable
5787,70,F,19.8,0,0,0,0,1,1,0,1,1,1,2,1,0,N/A,infiltrate,1,1,pulmonary,smear_positive_ptb,0,completed
5788,27,F,17.7,0,0,0,0,0,0,0,1,1,0,0,0,0,N/A,normal,0,0,none,not_tb,0,not_applicable
5789,29,F,25.5,0,0,0,0,0,0,0,0,1,0,0,0,0,N/A,old_tb_scar,1,0,none,not_tb,0,not_applicable
5790,52,M,19.6,0,1,6,0,0,0,0,0,0,0,1,0,0,N/A,normal,0,0,none,not_tb,0,not_applicable
5791,52,F,23.4,0,0,0,0,1,1,0,0,0,0,2,0,0,N/A,normal,0,0,none,not_tb,0,not_applicable
5792,31,F,24.2,0,1,4,0,1,0,0,0,1,1,2,0,0,N/A,normal,0,0,none,not_tb,0,not_applicable
5793,55,M,17.9,1,0,0,1,0,1,0,1,1,0,2,0,1,not_detected,normal,0,1,extrapulmonary,extrapulmonary_tb,0,cured
5794,56,M,25.2,0,0,0,0,0,0,0,0,0,0,0,0,0,N/A,normal,0,0,none,not_tb,0,not_applicable
5795,44,F,21.5,0,0,0,0,0,0,0,1,0,0,0,0,0,N/A,normal,0,0,none,not_tb,0,not_applicable
5796,29,F,19.3,1,1,5,1,1,0,0,0,1,0,3,0,0,N/A,infiltrate,1,1,pulmonary,smear_negative_ptb,1,failed
5797,46,M,21.0,0,0,0,0,0,0,0,0,1,0,0,0,0,N/A,normal,0,0,none,not_tb,0,not_applicable
5798,41,F,13.8,1,1,3,0,1,1,0,1,1,1,3,1,1,not_detected,cavity,1,1,pulmonary,smear_positive_ptb,0,completed
5799,53,F,21.6,0,0,0,0,0,0,0,0,0,0,0,0,0,N/A,old_tb_scar,1,0,none,not_tb,0,not_applicable
5800,49,M,18.9,0,0,0,0,0,0,0,0,0,0,0,0,0,N/A,normal,0,0,none,not_tb,0,not_applicable
5801,27,M,26.9,0,0,0,1,0,0,0,0,0,0,1,0,0,N/A,normal,0,0,none,not_tb,0,not_applicable
5802,44,F,17.2,0,0,0,0,0,0,0,0,0,1,0,0,0,N/A,normal,0,0,none,not_tb,0,not_applicable
5803,55,F,26.3,0,0,0,0,0,0,0,1,0,0,0,0,0,N/A,normal,0,0,none,not_tb,0,not_applicable
5804,21,M,21.4,0,0,0,0,0,0,0,0,0,1,0,0,0,N/A,normal,0,0,none,not_tb,0,not_applicable
5805,47,M,23.4,0,0,0,0,1,0,0,0,0,0,1,0,0,N/A,normal,0,0,none,not_tb,0,not_applicable
5806,18,F,17.2,0,1,6,0,0,0,0,0,0,0,1,0,0,N/A,normal,0,0,none,not_tb,0,not_applicable
5807,59,F,17.7,1,1,3,1,1,0,0,0,1,1,3,1,0,N/A,pleural_effusion,1,1,extrapulmonary,extrapulmonary_tb,0,cured
5808,46,F,16.8,1,1,2,1,0,1,0,0,0,0,3,0,1,not_detected,normal,0,1,extrapulmonary,extrapulmonary_tb,0,cured
5809,23,M,23.8,1,1,3,1,0,0,0,0,1,0,2,0,1,detected,infiltrate,1,1,pulmonary,smear_negative_ptb,1,died
5810,35,F,16.8,0,1,5,0,0,1,0,1,1,1,2,0,0,N/A,normal,0,1,extrapulmonary,extrapulmonary_tb,0,completed
5811,33,M,21.4,0,1,3,1,1,1,0,0,1,1,4,1,1,not_detected,pleural_effusion,1,1,pulmonary,smear_positive_ptb,0,completed
5812,16,M,26.1,0,0,0,0,0,0,0,0,0,0,0,0,0,N/A,normal,0,0,none,not_tb,0,not_applicable
5813,24,F,26.0,0,0,0,0,0,0,0,1,1,0,0,0,0,N/A,normal,0,0,none,not_tb,0,not_applicable
5814,52,F,17.0,1,1,4,0,1,1,0,0,1,1,3,0,0,N/A,miliary,1,1,pulmonary,smear_negative_ptb,0,completed
5815,26,M,23.0,0,0,0,1,0,1,0,0,0,1,2,1,1,not_detected,pleural_effusion,1,1,pulmonary,smear_positive_ptb,0,cured
5816,43,F,29.0,0,0,0,0,0,0,0,0,0,0,0,0,0,N/A,normal,0,0,none,not_tb,0,not_applicable
5817,49,M,23.3,0,1,2,0,0,0,0,0,0,0,1,0,0,N/A,other_pathology,1,0,none,not_tb,0,not_applicable
5818,53,M,17.3,1,0,0,1,0,1,0,0,1,1,2,0,1,not_detected,normal,0,1,extrapulmonary,extrapulmonary_tb,0,cured
5819,68,M,19.0,0,0,0,0,0,0,0,0,1,0,0,0,0,N/A,infiltrate,1,0,none,not_tb,0,not_applicable
5820,47,M,23.7,0,0,0,0,0,0,0,0,0,0,0,0,0,N/A,normal,0,0,none,not_tb,0,not_applicable
5821,76,F,22.2,0,1,2,0,0,0,0,0,1,0,1,0,0,N/A,normal,0,0,none,not_tb,0,not_applicable
5822,46,F,22.6,0,0,0,0,0,0,0,0,0,0,0,0,0,N/A,normal,0,0,none,not_tb,0,not_applicable
5823,25,F,17.3,0,0,0,0,0,0,0,0,0,0,0,0,1,not_detected,normal,0,0,none,not_tb,0,not_applicable
5824,18,M,18.6,0,0,0,0,1,0,0,1,1,0,1,0,1,detected,normal,0,1,extrapulmonary,extrapulmonary_tb,1,cured
5825,42,M,21.4,0,1,5,0,1,0,1,1,1,1,2,0,0,N/A,miliary,1,1,pulmonary,smear_negative_ptb,0,cured
5826,32,M,20.5,0,1,2,1,0,0,0,0,1,1,2,1,1,not_detected,infiltrate,1,1,pulmonary,smear_positive_ptb,0,cured
5827,34,F,20.6,0,0,0,0,0,0,0,0,0,1,0,0,0,N/A,normal,0,0,none,not_tb,0,not_applicable
5828,40,M,21.6,0,0,0,0,0,0,0,0,0,0,0,0,0,N/A,normal,0,0,none,not_tb,0,not_applicable
5829,34,M,16.9,1,1,2,0,0,0,0,0,0,0,1,0,0,N/A,old_tb_scar,1,0,none,not_tb,0,not_applicable
5830,39,F,19.7,0,0,0,1,0,0,0,0,0,0,1,0,0,N/A,other_pathology,1,0,none,not_tb,0,not_applicable
5831,39,F,20.8,0,0,0,0,0,0,0,0,1,0,0,0,0,N/A,infiltrate,1,0,none,not_tb,0,not_applicable
5832,54,M,20.1,0,1,4,1,1,1,0,0,1,1,4,1,1,not_detected,infiltrate,1,1,pulmonary,smear_positive_ptb,0,lost_to_followup
5833,65,M,16.7,0,1,6,1,1,1,0,1,0,0,4,1,1,detected,cavity,1,1,pulmonary,smear_positive_ptb,0,cured
5834,50,F,18.4,1,0,0,1,0,1,0,0,0,0,2,0,0,N/A,normal,0,0,none,not_tb,0,not_applicable
5835,45,M,24.7,0,0,0,0,0,1,0,0,0,0,1,0,1,not_detected,infiltrate,1,0,none,not_tb,0,not_applicable
5836,70,M,17.4,1,0,0,1,1,1,0,0,0,0,3,0,1,not_detected,pleural_effusion,1,1,pulmonary,smear_negative_ptb,0,died
5837,59,F,19.1,0,0,0,0,0,0,0,0,0,1,0,0,0,N/A,normal,0,0,none,not_tb,0,not_applicable
5838,31,M,24.8,0,0,0,0,0,0,0,1,1,0,0,0,0,N/A,normal,0,0,none,not_tb,0,not_applicable
5839,53,M,23.6,0,0,0,0,0,0,1,0,1,0,0,0,0,N/A,old_tb_scar,1,0,none,not_tb,0,not_applicable
5840,61,M,21.3,0,0,0,0,0,0,0,0,0,0,0,0,0,N/A,infiltrate,1,0,none,not_tb,0,not_applicable
5841,34,M,20.8,0,0,0,0,0,0,0,0,0,0,0,0,0,N/A,other_pathology,1,0,none,not_tb,0,not_applicable
5842,31,M,23.3,0,0,0,0,0,0,0,0,0,0,0,1,0,N/A,normal,0,0,none,not_tb,0,not_applicable
5843,52,M,19.8,1,1,9,1,1,1,1,1,1,0,4,1,1,detected,infiltrate,1,1,pulmonary,smear_positive_ptb,1,completed
5844,26,M,22.7,0,0,0,0,0,0,0,0,0,0,0,0,0,N/A,normal,0,0,none,not_tb,0,not_applicable
5845,48,M,22.4,0,0,0,0,0,0,0,0,1,0,0,0,0,N/A,other_pathology,1,0,none,not_tb,0,not_applicable
5846,56,F,19.9,0,0,0,0,0,0,0,0,0,1,0,0,0,N/A,normal,0,0,none,not_tb,0,not_applicable
5847,28,F,20.1,1,0,0,0,0,0,0,0,0,0,0,0,0,N/A,normal,0,0,none,not_tb,0,not_applicable
5848,72,M,21.4,0,0,0,0,0,0,0,0,0,0,0,0,0,N/A,normal,0,0,none,not_tb,0,not_applicable
5849,47,M,18.6,0,0,0,0,0,1,0,0,1,0,1,0,0,N/A,other_pathology,1,0,none,not_tb,0,not_applicable
5850,17,F,15.8,0,1,2,0,0,1,0,0,0,0,2,0,1,not_detected,pleural_effusion,1,1,pulmonary,smear_negative_ptb,0,cured
5851,32,F,18.3,1,0,0,1,0,1,0,0,0,0,2,0,1,not_detected,infiltrate,1,1,pulmonary,smear_negative_ptb,0,cured
5852,36,F,25.5,0,0,0,0,0,0,0,0,0,0,0,0,0,N/A,normal,0,0,none,not_tb,0,not_applicable
5853,29,M,14.7,0,0,0,0,0,0,0,0,0,0,0,0,0,N/A,old_tb_scar,1,0,none,not_tb,0,not_applicable
5854,38,M,20.6,0,0,0,0,0,0,0,0,0,0,0,0,0,N/A,infiltrate,1,0,none,not_tb,0,not_applicable
5855,32,M,19.2,0,1,4,1,0,1,0,0,1,1,3,1,1,not_detected,cavity,1,1,pulmonary,smear_positive_ptb,0,cured
5856,20,F,25.8,0,0,0,0,1,0,0,0,0,1,1,0,0,N/A,infiltrate,1,0,none,not_tb,0,not_applicable
5857,33,F,23.0,1,1,14,1,1,0,0,0,1,0,3,0,0,N/A,pleural_effusion,1,1,extrapulmonary,extrapulmonary_tb,0,cured
5858,19,M,21.1,0,0,0,0,0,0,0,1,0,0,0,0,1,not_detected,normal,0,0,none,not_tb,0,not_applicable
5859,20,M,28.9,0,0,0,0,0,0,0,0,0,0,0,0,0,N/A,old_tb_scar,1,0,none,not_tb,0,not_applicable
5860,42,M,19.6,0,1,4,0,1,1,0,0,0,0,3,0,0,N/A,normal,0,1,extrapulmonary,extrapulmonary_tb,0,cured
5861,42,F,24.8,0,0,0,1,0,0,0,0,0,0,1,0,0,N/A,old_tb_scar,1,0,none,not_tb,0,not_applicable
5862,27,M,18.3,0,0,0,0,0,0,0,0,0,0,0,0,0,N/A,old_tb_scar,1,0,none,not_tb,0,not_applicable
5863,50,F,23.6,0,0,0,0,0,0,0,0,0,0,0,0,0,N/A,old_tb_scar,1,0,none,not_tb,0,not_applicable
5864,26,F,25.2,0,0,0,0,0,0,0,0,0,0,0,0,0,N/A,normal,0,0,none,not_tb,0,not_applicable
5865,47,F,19.6,1,0,0,1,0,0,0,1,0,0,1,0,0,N/A,old_tb_scar,1,0,none,not_tb,0,not_applicable
5866,23,M,12.9,0,0,0,0,0,0,0,0,0,1,0,0,0,N/A,normal,0,0,none,not_tb,0,not_applicable
5867,26,F,22.5,1,0,0,1,0,0,0,0,0,0,1,0,0,N/A,normal,0,0,none,not_tb,0,not_applicable
5868,40,F,21.2,0,0,0,1,0,0,0,0,0,0,1,0,0,N/A,normal,0,0,none,not_tb,0,not_applicable
5869,32,M,26.7,0,0,0,0,0,0,0,0,0,0,0,0,0,N/A,normal,0,0,none,not_tb,0,not_applicable
5870,27,M,20.1,1,0,0,0,0,0,0,1,0,0,0,0,0,N/A,normal,0,0,none,not_tb,0,not_applicable
5871,41,F,16.7,0,1,7,0,0,1,0,1,1,0,2,1,1,not_detected,infiltrate,1,1,pulmonary,smear_positive_ptb,0,cured
5872,28,M,15.6,1,0,0,0,0,1,0,1,1,1,1,0,0,N/A,infiltrate,1,1,pulmonary,smear_negative_ptb,0,cured
5873,31,M,19.8,0,0,0,0,0,0,0,0,0,0,0,0,0,N/A,normal,0,0,none,not_tb,0,not_applicable
5874,25,M,31.3,0,0,0,0,0,0,0,0,0,0,0,0,0,N/A,old_tb_scar,1,0,none,not_tb,0,not_applicable
5875,21,M,16.4,0,0,0,1,0,0,0,0,0,0,1,0,0,N/A,old_tb_scar,1,0,none,not_tb,0,not_applicable
5876,35,M,17.3,0,0,0,0,0,0,0,0,0,0,0,0,0,N/A,normal,0,0,none,not_tb,0,not_applicable
5877,59,F,18.4,0,1,7,1,0,1,0,0,0,1,3,1,1,not_detected,infiltrate,1,1,pulmonary,smear_positive_ptb,0,completed
5878,51,M,28.9,0,0,0,0,0,1,0,0,0,0,1,0,0,N/A,normal,0,0,none,not_tb,0,not_applicable
5879,60,F,24.6,0,0,0,0,0,0,0,1,1,0,0,0,0,N/A,old_tb_scar,1,0,none,not_tb,0,not_applicable
5880,20,M,27.4,1,0,0,0,0,0,1,0,0,0,0,0,0,N/A,other_pathology,1,0,none,not_tb,0,not_applicable
5881,46,M,20.7,0,0,0,0,0,0,0,0,0,0,0,0,0,N/A,normal,0,0,none,not_tb,0,not_applicable
5882,39,M,15.0,1,1,6,1,1,1,0,0,1,0,4,0,1,not_detected,infiltrate,1,1,pulmonary,smear_negative_ptb,0,cured
5883,39,F,20.4,0,0,0,0,0,0,0,0,1,0,0,0,0,N/A,normal,0,0,none,not_tb,0,not_applicable
5884,46,F,21.6,0,0,0,0,0,0,0,0,0,0,0,0,0,N/A,old_tb_scar,1,0,none,not_tb,0,not_applicable
5885,31,M,18.5,0,1,3,0,0,1,0,0,1,1,2,1,1,not_detected,normal,0,1,pulmonary,smear_positive_ptb,0,completed
5886,45,M,21.3,0,0,0,0,0,0,0,0,0,0,0,0,0,N/A,normal,0,0,none,not_tb,0,not_applicable
5887,36,M,20.0,1,1,7,1,1,1,0,0,1,0,4,0,1,not_detected,infiltrate,1,1,pulmonary,smear_negative_ptb,0,cured
5888,54,M,16.7,0,1,9,1,1,0,0,0,1,1,3,1,1,not_detected,infiltrate,1,1,pulmonary,smear_positive_ptb,0,cured
5889,26,F,18.8,1,1,6,0,0,0,0,0,0,0,1,0,0,N/A,normal,0,0,none,not_tb,0,not_applicable
5890,41,M,17.8,0,0,0,0,0,0,0,0,0,0,0,0,0,N/A,normal,0,0,none,not_tb,0,not_applicable
5891,35,F,22.7,0,0,0,1,0,0,0,1,1,1,1,0,0,N/A,other_pathology,1,0,none,not_tb,0,not_applicable
5892,36,F,22.4,0,0,0,0,0,0,0,0,0,1,0,0,0,N/A,normal,0,0,none,not_tb,0,not_applicable
5893,51,M,25.8,0,0,0,1,0,0,0,0,0,0,1,0,0,N/A,normal,0,0,none,not_tb,0,not_applicable
5894,37,F,27.4,0,0,0,0,0,0,0,0,1,0,0,0,0,N/A,normal,0,0,none,not_tb,0,not_applicable
5895,21,M,17.8,0,0,0,0,0,0,0,1,0,0,0,0,0,N/A,infiltrate,1,0,none,not_tb,0,not_applicable
5896,57,F,18.6,1,0,0,1,1,1,0,0,1,0,3,0,1,not_detected,cavity,1,1,pulmonary,smear_negative_ptb,0,completed
5897,36,M,21.3,1,0,0,0,0,0,0,0,0,0,0,0,0,N/A,old_tb_scar,1,0,none,not_tb,0,not_applicable
5898,15,F,14.7,1,0,0,1,1,1,1,0,0,0,3,0,0,N/A,normal,0,1,pulmonary,smear_negative_ptb,0,cured
5899,49,M,20.2,0,0,0,0,0,0,0,0,0,0,0,0,0,N/A,other_pathology,1,0,none,not_tb,0,not_applicable
5900,15,M,22.4,1,1,3,0,1,1,0,1,0,0,3,1,1,not_detected,pleural_effusion,1,1,pulmonary,smear_positive_ptb,0,completed
5901,50,F,16.9,0,1,4,1,0,1,0,1,0,0,3,0,1,not_detected,infiltrate,1,1,pulmonary,smear_negative_ptb,0,cured
5902,50,M,19.2,0,0,0,0,0,0,0,0,0,0,0,0,0,N/A,normal,0,0,none,not_tb,0,not_applicable
5903,43,M,21.8,0,0,0,1,0,0,1,1,0,0,1,0,0,N/A,old_tb_scar,1,0,none,not_tb,0,not_applicable
5904,31,F,25.2,0,0,0,0,0,0,0,0,0,1,0,0,0,N/A,normal,0,0,none,not_tb,0,not_applicable
5905,36,M,17.7,1,1,8,1,1,1,0,0,1,1,4,0,0,N/A,infiltrate,1,1,pulmonary,smear_negative_ptb,0,cured
5906,33,F,18.8,0,1,3,1,0,0,0,0,1,1,2,0,1,not_detected,infiltrate,1,1,pulmonary,smear_negative_ptb,0,completed
5907,58,F,12.8,1,0,0,1,1,1,1,0,1,0,3,1,1,detected,infiltrate,1,1,pulmonary,smear_positive_ptb,1,died
5908,57,F,19.9,0,1,2,0,0,1,0,0,1,0,2,1,1,not_detected,infiltrate,1,1,pulmonary,smear_positive_ptb,0,cured
5909,46,M,22.8,0,0,0,0,0,1,0,0,0,0,1,0,0,N/A,old_tb_scar,1,0,none,not_tb,0,not_applicable
5910,15,M,25.1,0,0,0,0,0,1,0,0,0,0,1,0,0,N/A,other_pathology,1,0,none,not_tb,0,not_applicable
5911,23,F,15.5,0,0,0,0,0,0,0,0,0,0,0,0,0,N/A,normal,0,0,none,not_tb,0,not_applicable
5912,61,M,20.9,0,0,0,0,0,0,0,0,0,0,0,0,0,N/A,normal,0,0,none,not_tb,0,not_applicable
5913,50,M,25.4,0,0,0,0,0,0,0,0,0,0,0,0,0,N/A,infiltrate,1,0,none,not_tb,0,not_applicable
5914,64,M,17.1,0,1,3,1,0,0,0,0,1,1,2,0,1,detected,infiltrate,1,1,pulmonary,smear_negative_ptb,1,cured
5915,27,M,18.6,1,1,6,1,1,1,0,1,0,1,4,1,1,detected,normal,0,1,extrapulmonary,extrapulmonary_tb,0,died
5916,37,F,20.6,0,0,0,0,0,0,0,0,0,0,0,0,0,N/A,normal,0,0,none,not_tb,0,not_applicable
5917,42,F,17.5,1,0,0,0,1,1,0,1,0,0,2,1,1,not_detected,normal,0,1,pulmonary,smear_positive_ptb,0,completed
5918,33,F,26.1,1,0,0,0,0,0,0,0,1,0,0,0,0,N/A,normal,0,0,none,not_tb,0,not_applicable
5919,42,F,17.0,0,0,0,1,0,0,0,0,1,0,1,0,0,N/A,normal,0,0,none,not_tb,0,not_applicable
5920,68,M,18.4,1,1,2,0,0,0,0,1,0,1,1,0,1,not_detected,normal,0,1,extrapulmonary,extrapulmonary_tb,0,failed
5921,28,M,22.9,0,0,0,0,0,0,0,0,0,0,0,0,0,N/A,normal,0,0,none,not_tb,0,not_applicable
5922,54,M,25.3,1,0,0,0,0,0,0,1,1,0,0,0,0,N/A,normal,0,0,none,not_tb,0,not_applicable
5923,23,F,21.6,0,0,0,1,0,0,0,1,0,0,1,0,0,N/A,infiltrate,1,0,none,not_tb,0,not_applicable
5924,42,M,25.4,0,1,2,0,0,0,0,0,0,0,1,0,0,N/A,normal,0,0,none,not_tb,0,not_applicable
5925,45,M,18.4,0,1,7,0,0,1,0,0,1,0,2,1,1,not_detected,infiltrate,1,1,pulmonary,smear_positive_ptb,0,cured
5926,27,M,22.4,0,0,0,1,0,0,0,1,0,0,1,0,0,N/A,old_tb_scar,1,0,none,not_tb,0,not_applicable
5927,60,F,18.7,0,1,7,1,1,1,0,0,1,1,4,0,1,not_detected,miliary,1,1,pulmonary,smear_negative_ptb,0,cured
5928,28,F,20.1,1,0,0,0,0,1,1,0,1,1,1,0,1,not_detected,miliary,1,1,pulmonary,smear_negative_ptb,0,cured
5929,38,F,23.9,1,0,0,1,0,0,0,0,0,0,1,0,0,N/A,normal,0,0,none,not_tb,0,not_applicable
5930,52,M,15.7,0,1,5,0,0,1,0,0,1,0,2,0,1,not_detected,infiltrate,1,1,pulmonary,smear_negative_ptb,0,cured
5931,20,F,19.0,0,1,2,0,0,0,1,0,1,1,1,0,1,not_detected,infiltrate,1,1,pulmonary,smear_negative_ptb,0,lost_to_followup
5932,41,M,19.9,1,0,0,1,0,1,0,0,1,1,2,1,1,not_detected,cavity,1,1,pulmonary,smear_positive_ptb,0,failed
5933,31,M,27.1,0,1,2,0,0,0,0,0,0,0,1,0,0,N/A,normal,0,0,none,not_tb,0,not_applicable
5934,32,M,18.5,0,0,0,0,0,0,0,0,1,0,0,0,0,N/A,normal,0,0,none,not_tb,0,not_applicable
5935,37,M,19.8,1,1,4,0,1,1,0,1,1,1,3,1,1,not_detected,infiltrate,1,1,pulmonary,smear_positive_ptb,0,died
5936,38,M,20.8,0,0,0,0,0,0,0,0,0,1,0,0,0,N/A,normal,0,0,none,not_tb,0,not_applicable
5937,17,M,22.7,0,0,0,1,0,0,0,0,0,0,1,0,0,N/A,infiltrate,1,0,none,not_tb,0,not_applicable
5938,32,M,18.2,0,0,0,0,0,0,0,0,0,0,0,0,0,N/A,normal,0,0,none,not_tb,0,not_applicable
5939,38,F,18.5,1,1,4,0,0,0,0,0,1,1,1,0,1,not_detected,infiltrate,1,1,pulmonary,smear_negative_ptb,0,completed
5940,20,F,23.1,0,0,0,0,0,0,0,0,0,0,0,0,0,N/A,other_pathology,1,0,none,not_tb,0,not_applicable
5941,55,F,18.6,0,0,0,0,0,0,0,0,0,0,0,0,0,N/A,old_tb_scar,1,0,none,not_tb,0,not_applicable
5942,22,F,22.1,1,1,4,1,0,0,0,0,0,0,2,0,1,not_detected,miliary,1,1,pulmonary,smear_negative_ptb,0,failed
5943,60,M,14.6,0,0,0,1,1,0,0,0,1,0,2,0,0,N/A,pleural_effusion,1,1,pulmonary,smear_negative_ptb,0,cured
5944,37,F,23.9,1,1,4,0,0,1,0,0,0,1,2,0,0,N/A,normal,0,0,none,not_tb,0,not_applicable
5945,17,M,13.5,0,0,0,0,0,0,0,0,1,0,0,0,0,N/A,old_tb_scar,1,0,none,not_tb,0,not_applicable
5946,46,M,17.9,1,0,0,1,0,1,0,0,1,1,2,0,0,N/A,normal,0,1,extrapulmonary,extrapulmonary_tb,0,completed
5947,46,M,23.7,0,0,0,1,0,0,0,0,1,0,1,0,0,N/A,normal,0,0,none,not_tb,0,not_applicable
5948,48,F,20.3,0,0,0,0,0,1,0,1,1,1,1,0,1,not_detected,infiltrate,1,1,pulmonary,smear_negative_ptb,0,cured
5949,17,M,18.2,0,1,5,1,1,0,0,1,1,1,3,0,1,not_detected,infiltrate,1,1,pulmonary,smear_negative_ptb,0,cured
5950,17,F,21.2,0,0,0,0,0,0,0,0,1,0,0,0,0,N/A,old_tb_scar,1,0,none,not_tb,0,not_applicable
5951,38,M,24.0,1,0,0,0,0,0,0,0,0,0,0,0,0,N/A,normal,0,0,none,not_tb,0,not_applicable
5952,33,M,25.3,0,0,0,0,0,0,0,0,0,0,0,0,0,N/A,normal,0,0,none,not_tb,0,not_applicable
5953,37,M,21.9,1,1,8,1,0,1,1,0,1,0,3,0,1,not_detected,cavity,1,1,pulmonary,smear_negative_ptb,0,completed
5954,52,M,15.3,0,1,8,1,0,1,0,1,0,1,3,1,1,not_detected,infiltrate,1,1,pulmonary,smear_positive_ptb,0,cured
5955,24,M,21.3,0,0,0,0,0,0,0,0,0,0,0,0,0,N/A,normal,0,0,none,not_tb,0,not_applicable
5956,43,F,14.3,0,0,0,0,0,0,0,0,0,0,0,0,0,N/A,normal,0,0,none,not_tb,0,not_applicable
5957,23,M,17.2,0,0,0,1,0,0,0,0,0,0,1,0,0,N/A,normal,0,0,none,not_tb,0,not_applicable
5958,36,M,16.7,1,1,3,1,0,0,0,1,1,0,2,1,1,not_detected,infiltrate,1,1,pulmonary,smear_positive_ptb,0,cured
5959,48,F,20.7,1,1,4,1,0,1,1,1,0,1,3,0,1,not_detected,normal,0,1,extrapulmonary,extrapulmonary_tb,0,cured
5960,47,M,20.3,0,0,0,0,0,0,0,0,1,0,0,0,0,N/A,normal,0,0,none,not_tb,0,not_applicable
5961,54,M,21.0,0,0,0,1,0,1,0,0,0,1,2,0,0,N/A,normal,0,0,none,not_tb,0,not_applicable
5962,46,M,23.1,0,0,0,0,0,0,0,1,0,0,0,0,0,N/A,normal,0,0,none,not_tb,0,not_applicable
5963,25,M,16.8,0,1,2,0,0,1,0,1,0,1,2,1,1,not_detected,cavity,1,1,pulmonary,smear_positive_ptb,0,cured
5964,25,M,15.0,0,0,0,0,0,0,0,1,0,0,0,0,0,N/A,normal,0,0,none,not_tb,0,not_applicable
5965,52,F,19.4,0,0,0,0,0,0,0,0,0,0,0,0,0,N/A,normal,0,0,none,not_tb,0,not_applicable
5966,30,M,21.6,0,0,0,0,0,0,0,0,0,0,0,0,0,N/A,infiltrate,1,0,none,not_tb,0,not_applicable
5967,40,F,19.7,1,1,5,1,0,1,0,1,1,0,3,0,0,N/A,pleural_effusion,1,1,extrapulmonary,extrapulmonary_tb,0,cured
5968,42,M,18.0,1,1,3,1,0,0,0,0,1,0,2,1,0,N/A,infiltrate,1,1,extrapulmonary,extrapulmonary_tb,0,died
5969,34,F,23.6,0,0,0,0,0,1,0,0,0,0,1,0,0,N/A,normal,0,0,none,not_tb,0,not_applicable
5970,45,F,20.8,1,1,6,1,1,1,0,0,0,0,4,0,1,not_detected,infiltrate,1,1,extrapulmonary,extrapulmonary_tb,0,failed
5971,26,M,21.3,0,0,0,0,0,1,0,0,1,0,1,0,0,N/A,infiltrate,1,1,pulmonary,smear_negative_ptb,0,lost_to_followup
5972,58,M,18.9,0,1,7,0,1,1,0,0,1,1,3,0,0,N/A,pleural_effusion,1,1,pulmonary,smear_negative_ptb,0,cured
5973,54,M,18.0,0,0,0,0,0,0,0,0,0,0,0,0,0,N/A,old_tb_scar,1,0,none,not_tb,0,not_applicable
5974,63,F,15.4,0,1,2,1,1,0,0,0,1,1,3,0,1,not_detected,cavity,1,1,pulmonary,smear_negative_ptb,0,cured
5975,38,F,18.0,0,0,0,0,0,0,0,0,1,0,0,0,0,N/A,normal,0,0,none,not_tb,0,not_applicable
5976,37,M,18.2,0,0,0,0,0,0,0,1,1,0,0,0,0,N/A,normal,0,0,none,not_tb,0,not_applicable
5977,64,F,22.3,0,0,0,0,0,0,0,0,0,0,0,0,0,N/A,normal,0,0,none,not_tb,0,not_applicable
5978,39,M,28.6,1,0,0,0,0,0,0,0,0,0,0,0,0,N/A,infiltrate,1,0,none,not_tb,0,not_applicable
5979,25,M,22.7,0,0,0,1,0,0,0,0,0,0,1,0,0,N/A,normal,0,0,none,not_tb,0,not_applicable
5980,23,F,21.7,1,0,0,0,0,0,0,0,0,0,0,0,0,N/A,normal,0,0,none,not_tb,0,not_applicable
5981,53,M,25.4,0,0,0,0,0,0,0,0,0,0,0,0,0,N/A,normal,0,0,none,not_tb,0,not_applicable
5982,47,M,19.1,0,0,0,0,0,0,0,0,0,0,0,0,0,N/A,normal,0,0,none,not_tb,0,not_applicable
5983,68,F,21.1,1,0,0,1,0,0,0,0,1,0,1,0,0,N/A,normal,0,1,extrapulmonary,extrapulmonary_tb,0,failed
5984,21,M,20.9,1,1,4,1,1,0,1,0,0,0,3,0,1,not_detected,pleural_effusion,1,1,pulmonary,smear_negative_ptb,0,cured
5985,41,F,22.2,1,0,0,0,0,0,0,0,0,0,0,0,0,N/A,normal,0,0,none,not_tb,0,not_applicable
5986,19,M,29.3,0,0,0,0,0,0,0,0,1,0,0,0,0,N/A,normal,0,0,none,not_tb,0,not_applicable
5987,35,M,25.9,0,0,0,0,0,0,0,0,0,0,0,0,0,N/A,other_pathology,1,0,none,not_tb,0,not_applicable
5988,47,M,18.6,1,1,5,0,1,0,0,1,0,0,2,1,1,not_detected,miliary,1,1,pulmonary,smear_positive_ptb,0,cured
5989,35,F,21.5,0,0,0,1,0,0,0,1,0,0,1,0,0,N/A,old_tb_scar,1,0,none,not_tb,0,not_applicable
5990,51,M,20.5,0,0,0,0,1,0,0,0,0,0,1,0,0,N/A,old_tb_scar,1,0,none,not_tb,0,not_applicable
5991,46,M,21.5,0,0,0,0,0,0,0,0,0,0,0,0,0,N/A,normal,0,0,none,not_tb,0,not_applicable
5992,33,F,18.2,1,0,0,0,1,1,1,1,1,0,2,0,1,not_detected,cavity,1,1,pulmonary,smear_negative_ptb,0,cured
5993,39,F,20.9,0,0,0,0,0,0,0,0,0,0,0,0,0,N/A,normal,0,0,none,not_tb,0,not_applicable
5994,35,F,21.3,0,0,0,0,0,0,0,0,1,0,0,0,0,N/A,normal,0,0,none,not_tb,0,not_applicable
5995,43,M,15.5,0,1,3,1,1,1,0,0,1,1,4,0,0,N/A,infiltrate,1,1,pulmonary,smear_negative_ptb,0,cured
5996,53,M,20.0,0,0,0,0,0,0,0,0,1,0,0,0,0,N/A,normal,0,0,none,not_tb,0,not_applicable
5997,31,F,14.5,1,1,6,0,1,1,0,1,0,1,3,0,1,not_detected,normal,0,1,pulmonary,smear_negative_ptb,0,died
5998,61,F,23.5,0,0,0,0,0,0,0,0,1,0,0,0,0,N/A,normal,0,0,none,not_tb,0,not_applicable
5999,32,F,18.7,0,1,7,0,1,1,0,1,1,1,3,1,1,not_detected,infiltrate,1,1,pulmonary,smear_positive_ptb,0,cured
6000,55,F,18.2,0,1,2,0,0,0,0,0,0,1,1,1,1,not_detected,normal,0,1,pulmonary,smear_positive_ptb,0,completed
6001,23,M,25.1,0,0,0,0,0,0,0,0,0,0,0,0,0,N/A,normal,0,0,none,not_tb,0,not_applicable
6002,40,M,16.3,1,1,2,0,0,0,0,1,1,1,1,0,1,not_detected,infiltrate,1,1,pulmonary,smear_negative_ptb,0,died
6003,30,M,19.5,1,0,0,1,0,0,0,0,1,0,1,0,0,N/A,normal,0,0,none,not_tb,0,not_applicable
6004,40,M,16.8,1,0,0,0,0,0,0,0,1,0,0,0,0,N/A,normal,0,0,none,not_tb,0,not_applicable
6005,21,M,21.1,0,0,0,0,0,0,0,0,1,0,0,0,1,not_detected,normal,0,1,extrapulmonary,extrapulmonary_tb,0,completed
6006,22,M,24.1,0,0,0,0,0,0,0,0,0,0,0,0,0,N/A,normal,0,0,none,not_tb,0,not_applicable
6007,55,F,21.8,0,1,9,0,0,1,0,0,1,1,2,1,1,not_detected,normal,0,1,pulmonary,smear_positive_ptb,0,cured
6008,70,F,27.5,0,0,0,1,0,0,0,0,0,0,1,0,0,N/A,old_tb_scar,1,0,none,not_tb,0,not_applicable
6009,27,F,20.5,0,0,0,0,0,0,0,0,0,0,0,0,0,N/A,normal,0,0,none,not_tb,0,not_applicable
6010,28,F,19.5,1,0,0,0,0,0,0,0,0,0,0,0,0,N/A,normal,0,0,none,not_tb,0,not_applicable
6011,40,F,15.7,0,0,0,0,0,0,0,0,0,0,0,0,0,N/A,normal,0,0,none,not_tb,0,not_applicable
6012,61,F,18.2,0,1,2,0,0,0,0,0,0,1,1,0,0,N/A,old_tb_scar,1,0,none,not_tb,0,not_applicable
6013,49,M,20.9,0,1,6,0,0,0,0,0,0,0,1,0,0,N/A,normal,0,0,none,not_tb,0,not_applicable
6014,57,F,14.8,0,0,0,0,0,0,0,0,0,0,0,0,0,N/A,normal,0,0,none,not_tb,0,not_applicable
6015,31,M,18.2,1,0,0,0,0,0,0,0,0,0,0,0,0,N/A,normal,0,0,none,not_tb,0,not_applicable
6016,34,M,18.3,1,1,6,1,0,0,0,0,1,0,2,0,1,not_detected,normal,0,1,pulmonary,smear_negative_ptb,0,cured
6017,39,M,25.1,0,0,0,0,0,0,0,0,0,0,0,0,0,N/A,normal,0,0,none,not_tb,0,not_applicable
6018,41,F,19.5,0,1,2,0,0,0,0,0,0,0,1,0,0,N/A,normal,0,0,none,not_tb,0,not_applicable
6019,45,F,18.8,0,1,4,1,1,0,0,0,1,1,3,0,0,N/A,infiltrate,1,1,pulmonary,smear_negative_ptb,0,completed
6020,58,F,28.5,1,0,0,0,0,0,0,1,0,0,0,0,0,N/A,normal,0,0,none,not_tb,0,not_applicable
6021,25,F,14.0,0,1,13,1,1,0,1,1,0,1,3,1,1,detected,pleural_effusion,1,1,pulmonary,smear_positive_ptb,1,lost_to_followup
6022,31,F,21.2,0,1,4,1,0,0,0,1,1,1,2,1,1,not_detected,cavity,1,1,pulmonary,smear_positive_ptb,0,completed
6023,47,M,23.3,0,0,0,0,0,1,0,0,0,0,1,0,0,N/A,normal,0,0,none,not_tb,0,not_applicable
6024,50,F,21.7,0,1,2,1,1,1,0,0,0,1,4,0,0,N/A,infiltrate,1,1,extrapulmonary,extrapulmonary_tb,0,cured
6025,56,F,25.4,0,0,0,0,0,0,0,0,0,0,0,0,0,N/A,normal,0,0,none,not_tb,0,not_applicable
6026,50,F,19.7,0,0,0,0,0,0,0,0,0,0,0,0,0,N/A,old_tb_scar,1,0,none,not_tb,0,not_applicable
6027,17,M,18.5,0,1,8,1,0,1,0,0,1,0,3,0,1,not_detected,cavity,1,1,pulmonary,smear_negative_ptb,0,lost_to_followup
6028,30,M,14.8,0,1,8,1,1,0,1,0,0,0,3,0,1,not_detected,infiltrate,1,1,pulmonary,smear_negative_ptb,0,cured
6029,59,F,17.2,0,1,6,0,1,1,0,0,1,0,3,1,1,not_detected,cavity,1,1,pulmonary,smear_positive_ptb,0,completed
6030,60,M,22.1,0,1,5,0,1,0,0,0,0,0,2,0,0,N/A,normal,0,0,none,not_tb,0,not_applicable
6031,43,M,23.1,0,0,0,1,0,0,0,0,0,0,1,0,0,N/A,normal,0,0,none,not_tb,0,not_applicable
6032,44,M,24.8,1,0,0,0,0,0,0,0,0,0,0,0,0,N/A,normal,0,0,none,not_tb,0,not_applicable
6033,50,M,27.5,0,0,0,0,0,1,0,0,0,0,1,0,0,N/A,normal,0,0,none,not_tb,0,not_applicable
6034,46,M,20.5,0,0,0,1,0,0,0,0,0,0,1,1,0,N/A,normal,0,0,none,not_tb,0,not_applicable
6035,51,F,21.4,0,0,0,1,0,0,0,1,1,1,1,0,0,N/A,infiltrate,1,1,pulmonary,smear_negative_ptb,0,completed
6036,56,F,22.9,0,0,0,1,0,0,0,1,0,0,1,0,0,N/A,normal,0,0,none,not_tb,0,not_applicable
6037,23,F,15.2,1,1,2,1,1,1,0,1,0,0,4,0,1,not_detected,pleural_effusion,1,1,pulmonary,smear_negative_ptb,0,lost_to_followup
6038,29,M,21.5,0,0,0,0,0,0,0,0,0,0,0,0,0,N/A,normal,0,0,none,not_tb,0,not_applicable
6039,49,M,22.4,1,0,0,0,0,0,0,0,0,0,0,0,0,N/A,normal,0,0,none,not_tb,0,not_applicable
6040,45,M,16.4,0,0,0,1,0,1,0,0,0,0,2,1,1,not_detected,infiltrate,1,1,pulmonary,smear_positive_ptb,0,lost_to_followup
6041,34,M,18.4,0,0,0,0,0,0,0,0,0,1,0,0,0,N/A,normal,0,0,none,not_tb,0,not_applicable
6042,32,M,18.2,1,0,0,0,0,0,0,0,1,0,0,0,0,N/A,normal,0,0,none,not_tb,0,not_applicable
6043,34,F,20.1,1,0,0,0,0,0,0,0,0,0,0,0,0,N/A,old_tb_scar,1,0,none,not_tb,0,not_applicable
6044,24,F,19.0,0,0,0,0,1,0,0,0,0,0,1,0,0,N/A,normal,0,0,none,not_tb,0,not_applicable
6045,36,M,26.3,0,1,5,0,0,0,0,0,0,0,1,0,0,N/A,normal,0,0,none,not_tb,0,not_applicable
6046,15,M,12.4,0,1,6,0,0,1,0,0,1,0,2,0,1,not_detected,infiltrate,1,1,pulmonary,smear_negative_ptb,0,cured
6047,28,M,22.4,0,0,0,1,0,0,0,1,0,0,1,0,0,N/A,normal,0,0,none,not_tb,0,not_applicable
6048,30,M,23.8,0,0,0,1,0,0,0,0,0,0,1,0,0,N/A,old_tb_scar,1,0,none,not_tb,0,not_applicable
6049,54,M,18.6,0,0,0,1,0,0,0,0,0,0,1,0,0,N/A,normal,0,0,none,not_tb,0,not_applicable
6050,41,M,21.2,0,0,0,1,0,0,0,0,1,0,1,0,0,N/A,normal,0,0,none,not_tb,0,not_applicable
6051,69,M,20.8,0,1,2,0,0,0,0,0,0,1,1,0,0,N/A,old_tb_scar,1,0,none,not_tb,0,not_applicable
6052,29,M,21.7,0,0,0,0,0,0,0,1,1,0,0,0,0,N/A,normal,0,0,none,not_tb,0,not_applicable
6053,52,F,20.2,0,1,6,1,1,0,0,0,1,0,3,1,1,not_detected,infiltrate,1,1,pulmonary,smear_positive_ptb,0,lost_to_followup
6054,46,M,24.0,0,0,0,0,0,1,0,0,0,0,1,0,0,N/A,normal,0,0,none,not_tb,0,not_applicable
6055,49,M,17.0,0,1,5,0,0,1,0,0,0,0,2,0,1,not_detected,infiltrate,1,1,pulmonary,smear_negative_ptb,0,cured
6056,37,M,16.7,0,0,0,0,0,0,0,0,0,0,0,0,0,N/A,normal,0,0,none,not_tb,0,not_applicable
6057,31,M,18.9,0,0,0,1,0,0,0,0,1,0,1,1,1,not_detected,infiltrate,1,1,pulmonary,smear_positive_ptb,0,lost_to_followup
6058,23,M,19.7,0,0,0,0,0,1,0,1,0,0,1,0,0,N/A,old_tb_scar,1,0,none,not_tb,0,not_applicable
6059,48,F,20.2,0,0,0,0,0,0,0,0,0,0,0,0,0,N/A,infiltrate,1,0,none,not_tb,0,not_applicable
6060,40,F,22.8,0,0,0,1,0,0,0,0,1,0,1,0,0,N/A,normal,0,0,none,not_tb,0,not_applicable
6061,45,F,17.4,1,0,0,0,0,0,0,0,1,0,0,1,1,not_detected,miliary,1,1,pulmonary,smear_positive_ptb,0,completed
6062,49,M,23.1,0,1,2,0,0,0,0,0,0,0,1,0,0,N/A,normal,0,0,none,not_tb,0,not_applicable
6063,45,M,30.8,0,0,0,0,0,0,0,1,0,0,0,0,0,N/A,normal,0,0,none,not_tb,0,not_applicable
6064,62,M,24.4,0,0,0,1,0,0,0,0,0,0,1,0,0,N/A,normal,0,0,none,not_tb,0,not_applicable
6065,35,M,21.9,0,1,5,1,0,1,1,1,1,0,3,0,1,not_detected,miliary,1,1,pulmonary,smear_negative_ptb,0,cured
6066,42,F,19.8,1,1,2,0,1,1,0,1,0,1,3,1,1,not_detected,normal,0,1,pulmonary,smear_positive_ptb,0,cured
6067,27,M,22.3,0,0,0,0,0,0,0,0,0,1,0,0,0,N/A,other_pathology,1,0,none,not_tb,0,not_applicable
6068,19,M,19.8,0,1,6,1,1,0,0,0,1,1,3,1,1,not_detected,pleural_effusion,1,1,pulmonary,smear_positive_ptb,0,cured
6069,53,M,23.7,1,0,0,0,0,0,0,0,0,0,0,0,0,N/A,other_pathology,1,0,none,not_tb,0,not_applicable
6070,26,M,25.0,1,0,0,0,0,0,0,0,1,0,0,0,0,N/A,old_tb_scar,1,0,none,not_tb,0,not_applicable
6071,28,F,22.2,0,0,0,0,0,0,0,0,0,0,0,0,0,N/A,normal,0,0,none,not_tb,0,not_applicable
6072,37,M,15.2,0,0,0,1,1,1,0,1,0,0,3,0,1,not_detected,infiltrate,1,1,pulmonary,smear_negative_ptb,0,completed
6073,39,M,16.9,0,0,0,0,0,0,0,0,1,0,0,0,0,N/A,normal,0,0,none,not_tb,0,not_applicable
6074,25,M,23.6,0,0,0,0,0,0,0,0,0,0,0,0,0,N/A,normal,0,0,none,not_tb,0,not_applicable
6075,35,F,18.1,0,0,0,1,1,0,0,0,0,0,2,0,0,N/A,normal,0,0,none,not_tb,0,not_applicable
6076,25,M,20.2,1,0,0,0,1,1,0,1,1,1,2,0,0,N/A,infiltrate,1,1,pulmonary,smear_negative_ptb,0,died
6077,51,F,26.7,0,0,0,0,0,0,0,0,1,0,0,0,0,N/A,normal,0,0,none,not_tb,0,not_applicable
6078,28,M,17.9,1,0,0,1,1,0,0,1,0,1,2,0,0,N/A,normal,0,1,extrapulmonary,extrapulmonary_tb,0,lost_to_followup
6079,58,M,21.5,1,0,0,1,1,1,1,1,1,0,3,0,1,not_detected,infiltrate,1,1,extrapulmonary,extrapulmonary_tb,0,cured
6080,23,F,19.1,1,1,6,1,0,0,0,0,1,1,2,0,1,not_detected,normal,0,1,extrapulmonary,extrapulmonary_tb,0,lost_to_followup
6081,30,M,22.1,0,0,0,1,0,0,0,0,0,0,1,0,0,N/A,normal,0,0,none,not_tb,0,not_applicable
6082,25,M,22.3,0,0,0,0,0,0,0,0,0,0,0,0,0,N/A,normal,0,0,none,not_tb,0,not_applicable
6083,56,M,16.4,0,1,7,1,1,1,0,0,1,1,4,1,1,detected,infiltrate,1,1,pulmonary,smear_positive_ptb,1,cured
6084,42,M,18.6,0,0,0,1,0,0,0,0,0,0,1,0,0,N/A,old_tb_scar,1,0,none,not_tb,0,not_applicable
6085,36,M,16.2,0,0,0,0,0,0,0,0,1,0,0,0,0,N/A,old_tb_scar,1,0,none,not_tb,0,not_applicable
6086,49,F,16.7,0,0,0,1,0,1,0,1,1,0,2,0,0,N/A,normal,0,1,extrapulmonary,extrapulmonary_tb,0,completed
6087,47,M,23.8,1,1,4,0,0,1,0,0,1,1,2,0,1,not_detected,infiltrate,1,1,pulmonary,smear_negative_ptb,0,died
6088,48,M,16.8,0,0,0,0,0,1,0,0,0,0,1,0,0,N/A,normal,0,0,none,not_tb,0,not_applicable
6089,19,M,17.9,0,0,0,0,0,0,0,0,0,0,0,0,0,N/A,normal,0,0,none,not_tb,0,not_applicable
6090,29,F,16.5,1,1,3,1,1,1,0,1,0,0,4,0,1,not_detected,infiltrate,1,1,pulmonary,smear_negative_ptb,0,died
6091,52,M,19.3,0,0,0,0,0,0,0,0,0,1,0,0,0,N/A,other_pathology,1,0,none,not_tb,0,not_applicable
6092,24,M,22.9,1,0,0,0,0,0,0,0,0,1,0,0,1,not_detected,normal,0,0,none,not_tb,0,not_applicable
6093,62,F,17.0,1,0,0,1,1,0,1,0,0,0,2,0,1,not_detected,cavity,1,1,pulmonary,smear_negative_ptb,0,died
6094,41,F,21.3,0,0,0,1,0,1,0,0,1,1,2,0,0,N/A,normal,0,0,none,not_tb,0,not_applicable
6095,32,F,16.4,1,1,4,1,0,1,0,1,0,0,3,0,0,N/A,normal,0,1,extrapulmonary,extrapulmonary_tb,0,cured
6096,52,M,20.3,0,0,0,0,0,0,0,0,0,0,0,0,0,N/A,other_pathology,1,0,none,not_tb,0,not_applicable
6097,41,M,18.4,1,0,0,1,0,1,0,1,1,0,2,1,0,N/A,normal,0,1,extrapulmonary,extrapulmonary_tb,0,failed
6098,39,M,21.5,0,0,0,1,0,0,0,0,1,0,1,0,0,N/A,normal,0,0,none,not_tb,0,not_applicable
6099,56,F,23.5,0,1,11,1,0,1,0,0,1,0,3,0,0,N/A,infiltrate,1,1,pulmonary,smear_negative_ptb,0,cured
6100,37,M,18.4,0,1,6,0,1,1,0,1,1,1,3,1,1,not_detected,cavity,1,1,pulmonary,smear_positive_ptb,0,cured
6101,16,M,21.3,0,0,0,0,0,0,0,0,1,0,0,0,0,N/A,normal,0,0,none,not_tb,0,not_applicable
6102,24,M,13.3,0,0,0,0,0,0,0,0,0,1,0,0,0,N/A,normal,0,0,none,not_tb,0,not_applicable
6103,24,F,19.1,1,0,0,1,1,0,0,1,0,1,2,0,1,not_detected,normal,0,1,extrapulmonary,extrapulmonary_tb,0,cured
6104,21,F,15.1,0,0,0,0,1,1,0,0,0,0,2,0,0,N/A,normal,0,0,none,not_tb,0,not_applicable
6105,58,M,23.9,0,0,0,0,0,0,0,0,0,0,0,0,0,N/A,old_tb_scar,1,0,none,not_tb,0,not_applicable
6106,65,F,18.9,1,1,6,1,1,1,0,0,1,0,4,0,0,N/A,normal,0,1,extrapulmonary,extrapulmonary_tb,0,completed
6107,27,F,20.5,0,1,4,1,1,0,0,1,1,1,3,1,1,not_detected,pleural_effusion,1,1,pulmonary,smear_positive_ptb,0,completed
6108,37,M,19.8,0,0,0,1,0,0,0,0,0,0,1,1,0,N/A,normal,0,0,none,not_tb,0,not_applicable
6109,28,M,18.6,0,1,4,1,1,1,0,0,1,0,4,1,1,not_detected,cavity,1,1,pulmonary,smear_positive_ptb,0,lost_to_followup
6110,55,F,20.2,0,1,4,0,1,0,0,0,1,0,2,0,1,not_detected,infiltrate,1,1,pulmonary,smear_negative_ptb,0,cured
6111,45,M,18.7,0,0,0,0,0,0,0,1,0,0,0,0,0,N/A,normal,0,0,none,not_tb,0,not_applicable
6112,30,M,24.1,0,0,0,0,0,0,0,0,1,0,0,0,0,N/A,normal,0,0,none,not_tb,0,not_applicable
6113,45,M,24.0,0,0,0,1,0,0,0,0,0,0,1,0,0,N/A,normal,0,0,none,not_tb,0,not_applicable
6114,42,F,18.2,1,0,0,1,0,0,0,1,0,1,1,1,1,not_detected,infiltrate,1,1,pulmonary,smear_positive_ptb,0,died
6115,44,M,27.5,0,0,0,0,0,0,0,0,0,0,0,0,0,N/A,normal,0,0,none,not_tb,0,not_applicable
6116,46,F,23.8,0,1,2,0,0,0,0,0,1,0,1,0,0,N/A,normal,0,0,none,not_tb,0,not_applicable
6117,50,M,16.1,0,0,0,1,0,0,0,0,0,0,1,0,0,N/A,normal,0,0,none,not_tb,0,not_applicable
6118,37,M,25.5,0,1,5,1,0,0,0,0,0,0,2,0,0,N/A,normal,0,0,none,not_tb,0,not_applicable
6119,42,F,19.7,0,0,0,0,0,0,0,0,0,0,0,0,0,N/A,normal,0,0,none,not_tb,0,not_applicable
6120,28,M,24.8,1,1,2,0,0,0,0,0,0,1,1,0,0,N/A,other_pathology,1,0,none,not_tb,0,not_applicable
6121,31,M,23.0,0,0,0,0,0,0,0,0,1,0,0,0,0,N/A,normal,0,0,none,not_tb,0,not_applicable
6122,30,M,12.8,1,0,0,0,0,0,0,0,0,0,0,0,0,N/A,normal,0,0,none,not_tb,0,not_applicable
6123,37,F,20.0,1,1,9,1,1,1,0,0,1,1,4,0,0,N/A,normal,0,1,extrapulmonary,extrapulmonary_tb,0,died
6124,23,M,21.2,0,0,0,1,1,0,0,0,0,0,2,0,0,N/A,old_tb_scar,1,0,none,not_tb,0,not_applicable
6125,49,M,17.4,0,0,0,0,0,1,0,0,1,1,1,0,1,not_detected,miliary,1,1,pulmonary,smear_negative_ptb,0,completed
6126,34,M,20.5,0,1,2,0,0,0,0,1,0,0,1,0,0,N/A,normal,0,0,none,not_tb,0,not_applicable
6127,38,M,24.8,0,0,0,0,0,0,0,0,0,0,0,0,0,N/A,other_pathology,1,0,none,not_tb,0,not_applicable
6128,44,M,16.2,0,1,5,0,1,1,0,1,1,1,3,1,1,not_detected,infiltrate,1,1,pulmonary,smear_positive_ptb,0,cured
6129,42,M,25.9,0,1,3,0,1,0,0,0,0,0,2,0,0,N/A,normal,0,0,none,not_tb,0,not_applicable
6130,30,M,14.7,1,1,5,1,0,0,0,1,0,0,2,0,0,N/A,cavity,1,1,pulmonary,smear_negative_ptb,0,cured
6131,23,M,23.0,0,0,0,0,0,0,0,0,0,1,0,0,0,N/A,normal,0,0,none,not_tb,0,not_applicable
6132,55,F,24.7,0,0,0,0,1,0,0,0,0,0,1,0,0,N/A,old_tb_scar,1,0,none,not_tb,0,not_applicable
6133,34,F,24.6,1,0,0,0,0,0,0,0,0,1,0,0,0,N/A,infiltrate,1,0,none,not_tb,0,not_applicable
6134,60,M,22.6,0,1,2,0,0,0,0,0,0,0,1,0,0,N/A,old_tb_scar,1,0,none,not_tb,0,not_applicable
6135,33,M,18.0,0,0,0,0,0,1,0,1,1,1,1,0,1,not_detected,infiltrate,1,1,pulmonary,smear_negative_ptb,0,died
6136,55,M,17.1,0,1,5,0,1,0,1,1,0,1,2,0,0,N/A,infiltrate,1,1,extrapulmonary,extrapulmonary_tb,0,cured
6137,61,F,15.4,0,1,7,1,0,1,0,1,1,1,3,1,1,not_detected,infiltrate,1,1,pulmonary,smear_positive_ptb,0,cured
6138,48,M,16.8,1,1,4,1,1,1,1,1,1,1,4,1,1,not_detected,cavity,1,1,pulmonary,smear_positive_ptb,0,cured
6139,31,M,18.6,0,0,0,0,0,0,0,0,0,0,0,0,0,N/A,normal,0,0,none,not_tb,0,not_applicable
6140,48,M,15.7,0,0,0,1,1,1,0,0,1,0,3,0,1,detected,infiltrate,1,1,pulmonary,smear_negative_ptb,1,died
6141,32,M,23.0,0,1,5,1,1,1,0,0,1,1,4,0,0,N/A,infiltrate,1,1,pulmonary,smear_negative_ptb,0,cured
6142,27,M,14.2,1,1,3,1,0,0,0,0,1,1,2,1,1,not_detected,infiltrate,1,1,pulmonary,smear_positive_ptb,0,failed
6143,28,M,25.9,0,0,0,0,0,0,0,0,0,0,0,0,0,N/A,old_tb_scar,1,0,none,not_tb,0,not_applicable
6144,21,F,15.4,0,1,6,1,1,1,0,1,1,0,4,1,1,not_detected,normal,0,1,pulmonary,smear_positive_ptb,0,cured
6145,22,F,15.9,1,0,0,1,1,0,1,0,0,1,2,0,1,not_detected,miliary,1,1,pulmonary,smear_negative_ptb,0,completed
6146,16,F,15.9,1,0,0,1,1,0,0,0,1,0,2,0,1,not_detected,infiltrate,1,1,pulmonary,smear_negative_ptb,0,cured
6147,45,F,15.7,1,1,2,1,1,1,0,0,0,0,4,0,0,N/A,cavity,1,1,pulmonary,smear_negative_ptb,0,cured
6148,55,M,25.2,0,1,2,0,0,0,0,0,1,0,1,0,0,N/A,old_tb_scar,1,0,none,not_tb,0,not_applicable
6149,17,F,24.1,1,0,0,0,1,0,0,0,0,0,1,0,0,N/A,normal,0,0,none,not_tb,0,not_applicable
6150,19,F,17.9,0,0,0,0,0,0,0,0,1,0,0,0,0,N/A,cavity,1,1,pulmonary,smear_negative_ptb,0,completed
6151,29,F,25.3,1,0,0,0,0,1,0,1,0,1,1,0,1,not_detected,normal,0,1,extrapulmonary,extrapulmonary_tb,0,failed
6152,39,F,21.9,0,0,0,0,0,0,0,0,0,0,0,0,0,N/A,other_pathology,1,0,none,not_tb,0,not_applicable
6153,39,M,22.2,0,0,0,0,0,0,0,0,1,0,0,0,0,N/A,normal,0,0,none,not_tb,0,not_applicable
6154,31,M,19.6,0,0,0,0,0,0,0,0,0,0,0,0,0,N/A,normal,0,0,none,not_tb,0,not_applicable
6155,53,M,19.2,0,0,0,0,0,0,0,0,0,0,0,0,0,N/A,normal,0,0,none,not_tb,0,not_applicable
6156,49,M,20.1,0,0,0,0,0,0,0,0,0,0,0,0,0,N/A,normal,0,0,none,not_tb,0,not_applicable
6157,38,M,25.0,0,0,0,0,0,0,0,0,0,0,0,0,0,N/A,normal,0,0,none,not_tb,0,not_applicable
6158,15,M,19.9,0,1,8,1,1,1,0,0,0,0,4,1,1,not_detected,cavity,1,1,pulmonary,smear_positive_ptb,0,completed
6159,28,M,21.7,0,0,0,1,0,1,0,0,0,1,2,0,1,not_detected,normal,0,1,pulmonary,smear_negative_ptb,0,cured
6160,17,F,16.7,1,0,0,1,0,1,0,1,1,1,2,0,1,not_detected,pleural_effusion,1,1,pulmonary,smear_negative_ptb,0,cured
6161,33,F,20.0,1,0,0,0,1,1,0,0,0,1,2,0,1,not_detected,pleural_effusion,1,1,extrapulmonary,extrapulmonary_tb,0,cured
6162,33,M,19.3,0,1,5,0,0,1,0,1,1,1,2,0,1,not_detected,pleural_effusion,1,1,pulmonary,smear_negative_ptb,0,cured
6163,37,M,23.5,1,0,0,1,0,0,0,0,1,0,1,0,1,not_detected,other_pathology,1,0,none,not_tb,0,not_applicable
6164,29,M,19.0,1,0,0,0,0,0,0,0,1,0,0,0,0,N/A,normal,0,0,none,not_tb,0,not_applicable
6165,28,F,18.4,1,0,0,0,0,0,0,0,0,0,0,0,0,N/A,normal,0,0,none,not_tb,0,not_applicable
6166,36,F,23.9,0,0,0,0,0,0,0,0,0,0,0,0,0,N/A,normal,0,0,none,not_tb,0,not_applicable
6167,33,F,25.1,0,0,0,0,0,1,0,1,0,0,1,0,0,N/A,normal,0,0,none,not_tb,0,not_applicable
6168,18,M,19.8,0,0,0,0,0,0,0,0,1,0,0,0,0,N/A,normal,0,0,none,not_tb,0,not_applicable
6169,58,M,24.1,0,1,3,0,1,0,0,0,0,0,2,0,0,N/A,other_pathology,1,0,none,not_tb,0,not_applicable
6170,59,F,26.2,0,0,0,0,0,0,0,0,0,0,0,0,0,N/A,normal,0,0,none,not_tb,0,not_applicable
6171,35,F,20.7,1,0,0,0,0,0,0,0,0,0,0,0,0,N/A,normal,0,0,none,not_tb,0,not_applicable
6172,33,M,17.0,0,1,2,1,0,0,0,0,1,0,2,0,0,N/A,normal,0,0,none,not_tb,0,not_applicable
6173,27,M,17.4,1,0,0,0,0,0,0,0,0,0,0,0,0,N/A,normal,0,0,none,not_tb,0,not_applicable
6174,39,M,19.6,0,0,0,1,0,1,0,0,0,0,2,0,0,N/A,normal,0,0,none,not_tb,0,not_applicable
6175,55,M,17.4,0,1,5,1,0,1,1,1,0,1,3,1,1,not_detected,infiltrate,1,1,pulmonary,smear_positive_ptb,0,lost_to_followup
6176,31,F,21.9,0,0,0,0,0,0,0,0,0,0,0,0,0,N/A,old_tb_scar,1,0,none,not_tb,0,not_applicable
6177,31,F,21.9,0,0,0,0,0,0,0,0,0,0,0,0,0,N/A,normal,0,0,none,not_tb,0,not_applicable
6178,35,M,21.0,1,1,2,0,0,0,0,0,0,0,1,1,0,N/A,normal,0,0,none,not_tb,0,not_applicable
6179,40,M,24.4,0,0,0,1,0,0,0,0,1,0,1,0,0,N/A,normal,0,0,none,not_tb,0,not_applicable
6180,42,M,19.3,0,0,0,0,1,0,0,0,0,0,1,0,0,N/A,normal,0,0,none,not_tb,0,not_applicable
6181,40,M,21.7,0,1,6,1,0,0,0,1,1,0,2,1,1,not_detected,infiltrate,1,1,pulmonary,smear_positive_ptb,0,cured
6182,37,M,25.3,0,0,0,0,0,0,0,0,0,0,0,0,0,N/A,normal,0,0,none,not_tb,0,not_applicable
6183,25,F,20.7,1,0,0,1,0,1,0,0,1,1,2,1,1,not_detected,cavity,1,1,pulmonary,smear_positive_ptb,0,died
6184,21,F,16.9,1,0,0,1,1,0,0,1,0,1,2,0,1,not_detected,normal,0,1,extrapulmonary,extrapulmonary_tb,0,cured
6185,70,M,18.2,1,1,6,0,0,1,1,0,1,1,2,0,1,detected,infiltrate,1,1,extrapulmonary,extrapulmonary_tb,1,lost_to_followup
6186,31,F,24.5,0,0,0,0,0,0,0,0,0,0,0,0,0,N/A,normal,0,0,none,not_tb,0,not_applicable
6187,19,F,18.0,0,1,5,0,1,1,0,0,0,1,3,0,0,N/A,cavity,1,1,pulmonary,smear_negative_ptb,0,cured
6188,69,M,19.6,0,0,0,0,0,0,0,1,0,0,0,0,0,N/A,normal,0,0,none,not_tb,0,not_applicable
6189,38,F,19.4,1,0,0,0,0,1,0,0,0,0,1,0,0,N/A,old_tb_scar,1,0,none,not_tb,0,not_applicable
6190,26,F,16.8,1,1,4,0,0,0,0,0,1,0,1,0,0,N/A,normal,0,1,extrapulmonary,extrapulmonary_tb,0,died
6191,27,F,17.9,1,0,0,0,1,0,0,0,1,1,1,0,0,N/A,other_pathology,1,0,none,not_tb,0,not_applicable
6192,24,M,32.0,0,0,0,0,0,0,0,0,0,0,0,0,0,N/A,normal,0,0,none,not_tb,0,not_applicable
6193,35,M,13.6,0,1,8,1,0,1,0,1,1,1,3,1,1,detected,normal,0,1,pulmonary,smear_positive_ptb,1,cured
6194,26,M,18.6,0,1,7,0,0,0,0,0,0,0,1,0,0,N/A,normal,0,0,none,not_tb,0,not_applicable
6195,26,M,24.1,0,0,0,0,0,0,0,0,0,0,0,0,0,N/A,normal,0,0,none,not_tb,0,not_applicable
6196,29,M,19.6,0,0,0,0,0,0,0,0,0,0,0,0,0,N/A,normal,0,0,none,not_tb,0,not_applicable
6197,42,F,17.6,1,1,7,0,0,1,0,0,1,0,2,0,1,not_detected,normal,0,1,extrapulmonary,extrapulmonary_tb,0,lost_to_followup
6198,25,M,23.4,1,0,0,0,0,0,0,0,0,0,0,0,0,N/A,normal,0,0,none,not_tb,0,not_applicable
6199,30,M,21.1,1,1,6,0,0,1,0,1,0,0,2,0,1,not_detected,normal,0,1,pulmonary,smear_negative_ptb,0,cured
6200,49,F,21.0,0,0,0,0,0,0,0,0,0,0,0,0,0,N/A,normal,0,0,none,not_tb,0,not_applicable
6201,15,M,20.8,0,1,3,0,0,0,0,0,1,1,1,0,1,not_detected,pleural_effusion,1,1,extrapulmonary,extrapulmonary_tb,0,completed
6202,49,M,16.1,0,1,6,0,0,1,0,0,0,0,2,0,0,N/A,normal,0,0,none,not_tb,0,not_applicable
6203,38,M,17.0,0,1,9,1,1,0,0,0,0,0,3,0,1,not_detected,cavity,1,1,pulmonary,smear_negative_ptb,0,cured
6204,61,M,23.7,0,0,0,0,0,0,0,0,1,0,0,0,0,N/A,normal,0,0,none,not_tb,0,not_applicable
6205,22,M,23.4,0,0,0,1,0,1,0,1,1,1,2,0,1,not_detected,pleural_effusion,1,1,pulmonary,smear_negative_ptb,0,cured
6206,31,F,18.6,0,0,0,0,0,0,0,0,0,0,0,0,0,N/A,normal,0,0,none,not_tb,0,not_applicable
6207,52,M,18.0,0,0,0,0,0,0,0,0,0,0,0,0,0,N/A,normal,0,0,none,not_tb,0,not_applicable
6208,35,M,23.2,0,1,4,0,0,0,0,0,1,0,1,0,0,N/A,normal,0,0,none,not_tb,0,not_applicable
6209,36,M,22.2,1,0,0,0,0,0,0,0,0,0,0,0,0,N/A,normal,0,0,none,not_tb,0,not_applicable
6210,30,F,19.5,0,0,0,0,0,0,0,0,0,0,0,0,0,N/A,normal,0,0,none,not_tb,0,not_applicable
6211,29,M,15.5,0,1,6,0,0,0,0,0,1,1,1,0,0,N/A,normal,0,1,extrapulmonary,extrapulmonary_tb,0,cured
6212,36,F,20.2,1,0,0,0,0,0,0,1,1,1,0,0,0,N/A,normal,0,0,none,not_tb,0,not_applicable
6213,29,M,19.8,1,1,5,1,0,0,0,1,1,0,2,1,1,not_detected,cavity,1,1,pulmonary,smear_positive_ptb,0,completed
6214,30,F,20.8,0,0,0,0,0,0,0,0,0,0,0,0,0,N/A,old_tb_scar,1,0,none,not_tb,0,not_applicable
6215,28,M,21.4,0,1,10,0,0,0,0,1,0,0,1,1,1,not_detected,infiltrate,1,1,pulmonary,smear_positive_ptb,0,cured
6216,35,M,21.5,0,0,0,0,0,0,0,0,0,1,0,0,0,N/A,normal,0,0,none,not_tb,0,not_applicable
6217,43,M,24.1,0,0,0,0,0,0,0,0,0,0,0,0,0,N/A,normal,0,0,none,not_tb,0,not_applicable
6218,70,F,23.0,0,0,0,0,0,0,0,0,0,0,0,0,0,N/A,normal,0,0,none,not_tb,0,not_applicable
6219,22,M,20.6,0,0,0,0,0,0,0,0,1,0,0,0,0,N/A,normal,0,0,none,not_tb,0,not_applicable
6220,70,M,24.9,0,0,0,0,0,0,0,0,0,0,0,0,0,N/A,normal,0,0,none,not_tb,0,not_applicable
6221,32,M,15.5,0,0,0,0,1,0,0,0,1,1,1,1,1,not_detected,normal,0,1,pulmonary,smear_positive_ptb,0,cured
6222,36,M,20.1,0,1,4,0,0,0,0,0,1,0,1,0,0,N/A,normal,0,0,none,not_tb,0,not_applicable
6223,24,M,17.5,0,1,4,0,0,1,0,1,1,1,2,0,1,not_detected,infiltrate,1,1,pulmonary,smear_negative_ptb,0,cured
6224,31,M,23.3,0,0,0,0,0,0,0,0,0,0,0,0,0,N/A,normal,0,0,none,not_tb,0,not_applicable
6225,48,M,20.1,0,0,0,1,0,1,0,0,0,1,2,1,1,not_detected,cavity,1,1,pulmonary,smear_positive_ptb,0,cured
6226,43,M,19.1,0,0,0,0,0,0,0,0,0,0,0,0,0,N/A,normal,0,0,none,not_tb,0,not_applicable
6227,31,M,16.1,0,1,2,0,1,1,0,1,0,0,3,1,1,not_detected,pleural_effusion,1,1,pulmonary,smear_positive_ptb,0,cured
6228,29,M,18.7,1,1,6,1,1,1,0,1,1,1,4,1,1,not_detected,infiltrate,1,1,pulmonary,smear_positive_ptb,0,cured
6229,65,M,16.6,0,0,0,1,1,0,0,0,0,0,2,0,0,N/A,normal,0,0,none,not_tb,0,not_applicable
6230,21,M,21.0,1,0,0,0,1,1,1,0,1,1,2,0,1,not_detected,infiltrate,1,1,pulmonary,smear_negative_ptb,0,cured
6231,52,F,17.9,0,1,3,1,1,0,1,1,1,1,3,1,1,not_detected,miliary,1,1,pulmonary,smear_positive_ptb,0,completed
6232,22,M,15.6,1,0,0,1,1,0,0,1,1,1,2,0,1,not_detected,normal,0,1,extrapulmonary,extrapulmonary_tb,0,completed
6233,36,F,17.8,0,0,0,0,0,0,0,0,0,0,0,0,0,N/A,normal,0,0,none,not_tb,0,not_applicable
6234,35,M,23.1,0,1,3,0,0,0,0,1,1,0,1,0,0,N/A,normal,0,0,none,not_tb,0,not_applicable
6235,44,M,19.2,1,0,0,1,1,0,0,0,0,0,2,0,1,not_detected,infiltrate,1,1,pulmonary,smear_negative_ptb,0,completed
6236,29,M,16.6,0,1,5,0,1,1,1,0,1,1,3,0,1,not_detected,normal,0,1,extrapulmonary,extrapulmonary_tb,0,died
6237,39,M,21.6,0,0,0,0,0,1,0,0,0,0,1,0,0,N/A,normal,0,0,none,not_tb,0,not_applicable
6238,49,F,15.7,1,1,6,1,0,1,0,1,1,1,3,1,1,not_detected,cavity,1,1,pulmonary,smear_positive_ptb,0,cured
6239,34,F,21.1,0,0,0,0,0,0,0,0,0,0,0,0,0,N/A,normal,0,0,none,not_tb,0,not_applicable
6240,42,M,27.2,0,0,0,0,0,0,0,0,0,0,0,0,0,N/A,normal,0,0,none,not_tb,0,not_applicable
6241,34,F,29.5,0,1,2,0,0,0,0,0,0,0,1,0,0,N/A,normal,0,0,none,not_tb,0,not_applicable
6242,45,M,21.3,0,0,0,0,0,0,0,0,0,1,0,0,0,N/A,normal,0,0,none,not_tb,0,not_applicable
6243,41,M,23.5,1,0,0,0,0,0,0,0,0,0,0,0,0,N/A,normal,0,0,none,not_tb,0,not_applicable
6244,52,F,23.4,0,0,0,0,0,0,0,0,0,0,0,0,0,N/A,old_tb_scar,1,0,none,not_tb,0,not_applicable
6245,54,M,14.2,0,1,3,1,0,1,0,0,1,0,3,1,1,not_detected,infiltrate,1,1,pulmonary,smear_positive_ptb,0,cured
6246,45,M,18.0,0,0,0,1,0,0,0,0,0,0,1,0,0,N/A,normal,0,0,none,not_tb,0,not_applicable
6247,43,F,12.7,1,1,5,1,0,1,0,1,1,1,3,0,0,N/A,normal,0,1,pulmonary,smear_negative_ptb,0,cured
6248,45,F,19.6,0,1,4,1,0,1,0,0,1,1,3,0,1,not_detected,pleural_effusion,1,1,pulmonary,smear_negative_ptb,0,cured
6249,53,F,23.4,0,1,9,1,1,1,0,0,1,0,4,0,0,N/A,pleural_effusion,1,1,pulmonary,smear_negative_ptb,0,cured
6250,35,M,21.2,1,1,5,1,0,0,0,0,0,0,2,1,1,not_detected,pleural_effusion,1,1,pulmonary,smear_positive_ptb,0,completed
6251,69,F,18.6,0,1,2,1,0,1,0,0,1,0,3,1,1,not_detected,cavity,1,1,pulmonary,smear_positive_ptb,0,cured
6252,35,M,18.3,0,0,0,1,1,0,0,0,1,0,2,1,1,not_detected,normal,0,1,pulmonary,smear_positive_ptb,0,cured
6253,53,M,17.6,1,1,5,1,1,1,1,1,1,1,4,0,1,not_detected,infiltrate,1,1,pulmonary,smear_negative_ptb,0,completed
6254,35,M,25.7,1,0,0,0,0,0,0,0,0,0,0,0,0,N/A,old_tb_scar,1,0,none,not_tb,0,not_applicable
6255,58,F,19.0,1,1,3,1,1,0,0,0,1,1,3,1,1,not_detected,infiltrate,1,1,pulmonary,smear_positive_ptb,0,cured
6256,26,F,22.2,0,0,0,0,1,0,0,0,0,0,1,0,0,N/A,normal,0,0,none,not_tb,0,not_applicable
6257,49,F,15.7,1,0,0,1,0,0,0,1,1,1,1,0,1,not_detected,infiltrate,1,1,pulmonary,smear_negative_ptb,0,completed
6258,58,M,24.1,0,0,0,0,0,0,0,0,0,0,0,0,0,N/A,normal,0,0,none,not_tb,0,not_applicable
6259,21,M,21.5,0,0,0,0,0,0,0,0,0,0,0,0,0,N/A,normal,0,0,none,not_tb,0,not_applicable
6260,19,M,19.5,1,1,3,1,1,0,0,0,0,0,3,1,1,not_detected,miliary,1,1,pulmonary,smear_positive_ptb,0,cured
6261,55,F,25.5,0,0,0,0,0,0,0,0,0,0,0,0,0,N/A,normal,0,0,none,not_tb,0,not_applicable
6262,34,M,16.3,0,0,0,0,0,0,0,0,0,1,0,0,1,detected,other_pathology,1,0,none,not_tb,0,not_applicable
6263,35,M,17.8,1,1,4,1,1,1,0,0,1,0,4,0,1,not_detected,infiltrate,1,1,pulmonary,smear_negative_ptb,0,lost_to_followup
6264,48,F,20.5,0,0,0,1,0,0,0,0,0,0,1,0,0,N/A,infiltrate,1,0,none,not_tb,0,not_applicable
6265,43,M,20.1,1,0,0,0,0,0,0,1,0,0,0,0,0,N/A,normal,0,0,none,not_tb,0,not_applicable
6266,58,F,18.1,0,0,0,0,0,0,0,0,0,0,0,0,0,N/A,other_pathology,1,0,none,not_tb,0,not_applicable
6267,26,M,16.7,1,1,3,1,1,0,0,0,1,0,3,1,1,not_detected,cavity,1,1,pulmonary,smear_positive_ptb,0,cured
6268,25,F,18.2,0,0,0,0,0,0,0,1,0,0,0,0,0,N/A,old_tb_scar,1,0,none,not_tb,0,not_applicable
6269,56,M,20.6,0,0,0,1,1,1,0,0,1,0,3,1,1,detected,infiltrate,1,1,pulmonary,smear_positive_ptb,1,died
6270,33,M,23.3,0,0,0,1,0,0,0,0,0,1,1,0,0,N/A,infiltrate,1,0,none,not_tb,0,not_applicable
6271,30,M,23.1,0,0,0,0,0,0,0,0,0,0,0,0,0,N/A,normal,0,0,none,not_tb,0,not_applicable
6272,31,M,13.7,1,1,5,1,0,1,0,0,0,0,3,0,1,not_detected,pleural_effusion,1,1,extrapulmonary,extrapulmonary_tb,0,cured
6273,49,F,28.8,0,1,3,1,0,0,0,0,0,0,2,0,0,N/A,normal,0,0,none,not_tb,0,not_applicable
6274,38,M,20.6,1,0,0,0,0,0,0,0,1,0,0,0,0,N/A,normal,0,0,none,not_tb,0,not_applicable
6275,16,M,28.1,1,0,0,0,0,0,0,1,0,0,0,0,0,N/A,other_pathology,1,0,none,not_tb,0,not_applicable
6276,50,F,24.6,1,1,5,0,0,0,0,0,0,0,1,0,0,N/A,normal,0,0,none,not_tb,0,not_applicable
6277,28,M,21.2,0,0,0,0,0,0,0,0,1,0,0,0,0,N/A,normal,0,0,none,not_tb,0,not_applicable
6278,16,F,29.2,0,0,0,0,0,0,0,0,0,0,0,0,0,N/A,normal,0,0,none,not_tb,0,not_applicable
6279,35,F,19.9,1,1,2,1,0,1,0,0,0,1,3,0,0,N/A,normal,0,1,extrapulmonary,extrapulmonary_tb,0,cured
6280,46,M,21.2,0,0,0,0,0,0,0,0,0,0,0,0,0,N/A,infiltrate,1,0,none,not_tb,0,not_applicable
6281,30,F,17.5,0,1,2,1,0,1,0,0,1,1,3,0,0,N/A,normal,0,1,extrapulmonary,extrapulmonary_tb,0,cured
6282,41,M,25.6,0,0,0,0,0,0,0,0,0,0,0,0,0,N/A,normal,0,0,none,not_tb,0,not_applicable
6283,51,M,20.1,0,0,0,1,0,0,0,1,0,0,1,0,0,N/A,normal,0,0,none,not_tb,0,not_applicable
6284,40,M,17.6,0,1,4,1,1,1,0,0,1,0,4,1,1,not_detected,normal,0,1,pulmonary,smear_positive_ptb,0,completed
6285,28,F,17.0,0,0,0,1,0,1,0,0,0,0,2,0,0,N/A,infiltrate,1,1,pulmonary,smear_negative_ptb,0,cured
6286,40,M,19.4,0,0,0,0,0,0,0,0,0,0,0,0,0,N/A,normal,0,0,none,not_tb,0,not_applicable
6287,33,M,19.6,0,0,0,0,0,0,0,0,1,0,0,0,0,N/A,normal,0,0,none,not_tb,0,not_applicable
6288,46,F,28.2,1,1,7,0,0,0,0,0,0,0,1,0,0,N/A,old_tb_scar,1,0,none,not_tb,0,not_applicable
6289,27,M,21.0,0,0,0,1,1,1,0,1,1,0,3,1,1,not_detected,pleural_effusion,1,1,pulmonary,smear_positive_ptb,0,cured
6290,37,F,22.8,0,0,0,1,0,0,0,0,0,1,1,0,0,N/A,normal,0,0,none,not_tb,0,not_applicable
6291,39,F,17.1,1,1,3,1,1,0,0,1,1,1,3,1,1,not_detected,infiltrate,1,1,pulmonary,smear_positive_ptb,0,cured
6292,47,F,17.1,0,1,7,1,1,0,0,1,1,1,3,1,1,not_detected,infiltrate,1,1,pulmonary,smear_positive_ptb,0,cured
6293,33,F,20.7,0,0,0,1,0,0,0,0,0,0,1,0,0,N/A,normal,0,0,none,not_tb,0,not_applicable
6294,56,F,28.3,0,0,0,0,0,0,0,0,0,1,0,0,0,N/A,normal,0,0,none,not_tb,0,not_applicable
6295,46,M,23.0,0,0,0,0,0,0,0,0,1,0,0,0,0,N/A,normal,0,0,none,not_tb,0,not_applicable
6296,39,F,24.6,1,0,0,0,0,0,0,0,0,0,0,0,0,N/A,other_pathology,1,0,none,not_tb,0,not_applicable
6297,46,F,22.7,0,0,0,0,0,0,0,0,0,0,0,0,0,N/A,normal,0,0,none,not_tb,0,not_applicable
6298,35,F,16.3,1,0,0,0,1,0,0,1,0,0,1,0,1,not_detected,infiltrate,1,1,pulmonary,smear_negative_ptb,0,completed
6299,40,M,18.8,0,0,0,0,1,1,1,1,0,0,2,0,0,N/A,pleural_effusion,1,1,extrapulmonary,extrapulmonary_tb,0,cured
6300,33,F,15.8,1,1,11,0,1,1,0,0,0,0,3,0,0,N/A,infiltrate,1,1,pulmonary,smear_negative_ptb,0,cured
6301,22,M,21.5,0,1,13,1,0,1,1,1,1,1,3,0,1,not_detected,cavity,1,1,pulmonary,smear_negative_ptb,0,died
6302,33,M,16.6,0,0,0,1,0,0,0,0,0,0,1,1,1,not_detected,cavity,1,1,pulmonary,smear_positive_ptb,0,cured
6303,33,M,20.0,0,0,0,0,0,0,0,0,0,0,0,0,0,N/A,other_pathology,1,0,none,not_tb,0,not_applicable
6304,50,M,20.5,0,1,5,1,1,0,0,0,0,1,3,1,1,not_detected,infiltrate,1,1,pulmonary,smear_positive_ptb,0,completed
6305,44,F,19.6,0,0,0,0,0,0,0,1,0,0,0,0,0,N/A,other_pathology,1,0,none,not_tb,0,not_applicable
6306,55,M,21.2,0,0,0,0,0,0,0,0,0,0,0,0,0,N/A,normal,0,0,none,not_tb,0,not_applicable
6307,42,F,12.8,0,0,0,0,0,0,0,1,0,0,0,0,0,N/A,other_pathology,1,0,none,not_tb,0,not_applicable
6308,54,F,20.9,0,0,0,0,0,1,0,0,0,0,1,0,0,N/A,normal,0,0,none,not_tb,0,not_applicable
6309,40,M,24.1,0,0,0,1,0,0,0,0,0,0,1,0,0,N/A,normal,0,0,none,not_tb,0,not_applicable
6310,56,F,19.8,0,0,0,1,0,0,0,1,0,0,1,0,0,N/A,infiltrate,1,0,none,not_tb,0,not_applicable
6311,36,M,19.9,0,1,7,1,1,1,1,1,1,1,4,0,1,not_detected,miliary,1,1,pulmonary,smear_negative_ptb,0,cured
6312,53,F,21.9,0,0,0,1,0,0,0,0,0,0,1,0,0,N/A,normal,0,0,none,not_tb,0,not_applicable
6313,67,F,21.2,0,0,0,1,1,1,0,0,1,0,3,0,1,not_detected,normal,0,1,pulmonary,smear_negative_ptb,0,cured
6314,57,M,16.7,1,0,0,1,1,1,0,0,1,0,3,1,0,N/A,infiltrate,1,1,extrapulmonary,extrapulmonary_tb,0,completed
6315,60,F,21.2,0,0,0,0,0,0,0,0,0,0,0,0,0,N/A,normal,0,0,none,not_tb,0,not_applicable
6316,38,M,16.9,0,0,0,1,0,0,0,0,1,0,1,0,0,N/A,normal,0,0,none,not_tb,0,not_applicable
6317,32,M,18.3,0,1,9,0,0,0,0,0,1,1,1,0,1,not_detected,infiltrate,1,1,pulmonary,smear_negative_ptb,0,cured
6318,20,F,17.4,0,0,0,1,0,1,0,1,0,0,2,0,1,not_detected,normal,0,1,pulmonary,smear_negative_ptb,0,lost_to_followup
6319,34,M,20.9,0,1,4,0,0,1,0,0,1,0,2,1,1,not_detected,pleural_effusion,1,1,pulmonary,smear_positive_ptb,0,cured
6320,20,F,19.8,0,0,0,0,0,0,0,0,1,0,0,0,0,N/A,old_tb_scar,1,0,none,not_tb,0,not_applicable
6321,59,M,17.4,0,1,6,1,1,0,0,0,0,1,3,1,1,not_detected,infiltrate,1,1,pulmonary,smear_positive_ptb,0,cured
6322,57,M,19.6,0,0,0,0,0,0,0,0,1,0,0,0,0,N/A,other_pathology,1,0,none,not_tb,0,not_applicable
6323,50,F,18.6,0,1,4,0,1,1,0,1,1,1,3,0,1,not_detected,normal,0,1,pulmonary,smear_negative_ptb,0,cured
6324,34,M,29.0,1,0,0,0,0,0,0,0,0,0,0,0,0,N/A,normal,0,0,none,not_tb,0,not_applicable
6325,53,F,12.0,0,1,6,0,0,0,0,0,0,0,1,0,0,N/A,normal,0,0,none,not_tb,0,not_applicable
6326,48,M,18.4,0,0,0,1,0,1,0,1,0,0,2,1,1,detected,infiltrate,1,1,extrapulmonary,extrapulmonary_tb,1,lost_to_followup
6327,37,F,26.1,0,0,0,0,0,0,0,0,0,0,0,0,0,N/A,old_tb_scar,1,0,none,not_tb,0,not_applicable
6328,28,M,20.2,1,0,0,0,0,0,0,0,0,0,0,0,0,N/A,normal,0,0,none,not_tb,0,not_applicable
6329,61,M,19.8,1,1,6,1,1,1,0,0,1,1,4,0,1,not_detected,pleural_effusion,1,1,extrapulmonary,extrapulmonary_tb,0,cured
6330,30,M,26.1,1,0,0,0,0,1,0,0,0,0,1,0,0,N/A,normal,0,0,none,not_tb,0,not_applicable
6331,15,M,21.0,0,0,0,1,0,0,0,0,1,0,1,0,0,N/A,normal,0,0,none,not_tb,0,not_applicable
6332,42,F,19.7,0,0,0,0,0,0,0,0,0,0,0,0,0,N/A,normal,0,0,none,not_tb,0,not_applicable
6333,40,M,25.3,0,0,0,0,0,0,0,0,0,0,0,1,0,N/A,normal,0,0,none,not_tb,0,not_applicable
6334,30,M,23.7,0,0,0,0,0,0,0,0,1,0,0,0,0,N/A,normal,0,0,none,not_tb,0,not_applicable
6335,18,F,21.8,0,1,3,1,0,0,0,0,0,0,2,0,0,N/A,normal,0,0,none,not_tb,0,not_applicable
6336,29,M,24.1,1,0,0,0,0,0,0,0,0,0,0,0,0,N/A,old_tb_scar,1,0,none,not_tb,0,not_applicable
6337,34,M,25.4,0,0,0,1,0,0,0,0,0,0,1,0,0,N/A,normal,0,0,none,not_tb,0,not_applicable
6338,53,M,21.8,0,0,0,0,0,0,0,0,0,0,0,0,0,N/A,normal,0,0,none,not_tb,0,not_applicable
6339,35,M,19.3,1,1,10,0,0,0,0,0,1,0,1,0,1,not_detected,normal,0,1,pulmonary,smear_negative_ptb,0,cured
6340,77,F,23.8,0,0,0,0,0,0,0,0,1,0,0,0,0,N/A,normal,0,0,none,not_tb,0,not_applicable
6341,56,F,20.4,0,0,0,0,0,0,0,0,1,0,0,0,0,N/A,normal,0,0,none,not_tb,0,not_applicable
6342,15,F,26.2,0,0,0,0,0,0,0,0,1,0,0,0,0,N/A,normal,0,0,none,not_tb,0,not_applicable
6343,45,F,18.4,1,0,0,0,0,1,0,0,0,0,1,0,0,N/A,normal,0,0,none,not_tb,0,not_applicable
6344,40,M,21.5,0,0,0,0,0,0,0,0,0,1,0,0,0,N/A,normal,0,0,none,not_tb,0,not_applicable
6345,47,M,24.7,1,0,0,0,0,0,0,0,0,1,0,0,0,N/A,normal,0,0,none,not_tb,0,not_applicable
6346,15,F,18.3,0,0,0,0,0,0,0,0,0,0,0,0,0,N/A,normal,0,0,none,not_tb,0,not_applicable
6347,34,F,20.7,0,1,3,1,0,0,0,0,1,0,2,1,1,not_detected,normal,0,1,pulmonary,smear_positive_ptb,0,cured
6348,31,F,19.0,0,1,7,1,1,0,0,0,1,0,3,0,0,N/A,infiltrate,1,1,pulmonary,smear_negative_ptb,0,completed
6349,55,M,21.8,0,1,2,1,0,1,0,1,0,1,3,1,1,not_detected,cavity,1,1,pulmonary,smear_positive_ptb,0,cured
6350,52,F,20.0,1,1,6,1,1,0,0,0,1,1,3,1,1,detected,pleural_effusion,1,1,extrapulmonary,extrapulmonary_tb,0,completed
6351,44,F,21.4,0,0,0,0,0,0,0,0,1,0,0,0,0,N/A,normal,0,0,none,not_tb,0,not_applicable
6352,33,F,19.1,1,1,2,0,0,1,0,1,1,0,2,0,1,not_detected,infiltrate,1,1,pulmonary,smear_negative_ptb,0,completed
6353,38,F,22.9,0,0,0,0,0,0,0,0,0,0,0,0,0,N/A,normal,0,0,none,not_tb,0,not_applicable
6354,43,M,29.1,0,0,0,0,0,0,0,0,0,0,0,0,0,N/A,normal,0,0,none,not_tb,0,not_applicable
6355,53,M,22.3,0,0,0,1,0,0,0,0,1,0,1,0,0,N/A,normal,0,0,none,not_tb,0,not_applicable
6356,32,M,21.5,0,1,2,1,0,0,0,0,0,0,2,0,0,N/A,normal,0,0,none,not_tb,0,not_applicable
6357,37,M,21.3,0,0,0,0,0,0,0,0,1,0,0,0,0,N/A,old_tb_scar,1,0,none,not_tb,0,not_applicable
6358,32,F,22.7,0,0,0,0,0,0,0,0,0,0,0,0,0,N/A,other_pathology,1,0,none,not_tb,0,not_applicable
6359,29,M,18.0,0,0,0,0,0,0,0,0,0,0,0,0,0,N/A,normal,0,0,none,not_tb,0,not_applicable
6360,27,M,17.5,1,1,8,1,0,1,0,1,1,0,3,0,1,not_detected,infiltrate,1,1,pulmonary,smear_negative_ptb,0,cured
6361,30,M,18.5,0,0,0,0,0,0,0,0,0,0,0,0,0,N/A,normal,0,0,none,not_tb,0,not_applicable
6362,66,F,18.9,0,0,0,0,0,0,0,0,0,0,0,0,0,N/A,normal,0,0,none,not_tb,0,not_applicable
6363,39,M,24.8,0,0,0,0,0,0,0,0,0,0,0,0,0,N/A,normal,0,0,none,not_tb,0,not_applicable
6364,21,M,22.1,0,0,0,1,0,0,0,0,0,0,1,0,0,N/A,normal,0,0,none,not_tb,0,not_applicable
6365,52,F,16.6,1,0,0,1,1,0,0,0,1,1,2,0,0,N/A,pleural_effusion,1,1,extrapulmonary,extrapulmonary_tb,0,failed
6366,28,M,21.5,0,0,0,0,0,0,0,0,1,0,0,0,0,N/A,normal,0,0,none,not_tb,0,not_applicable
6367,44,M,21.1,0,0,0,0,0,0,0,0,0,0,0,0,0,N/A,normal,0,0,none,not_tb,0,not_applicable
6368,33,M,18.6,0,1,6,0,0,0,1,1,0,1,1,1,1,not_detected,infiltrate,1,1,pulmonary,smear_positive_ptb,0,cured
6369,21,M,14.7,1,1,7,0,1,0,1,1,1,1,2,0,0,N/A,normal,0,1,extrapulmonary,extrapulmonary_tb,0,died
6370,61,F,18.2,0,0,0,0,0,0,0,0,0,1,0,0,0,N/A,normal,0,0,none,not_tb,0,not_applicable
6371,59,F,14.9,0,1,8,1,0,1,1,0,0,0,3,1,1,not_detected,infiltrate,1,1,pulmonary,smear_positive_ptb,0,cured
6372,32,M,18.9,0,0,0,0,0,0,0,0,0,0,0,0,0,N/A,normal,0,0,none,not_tb,0,not_applicable
6373,40,F,19.5,0,0,0,0,0,0,0,0,1,0,0,0,0,N/A,normal,0,0,none,not_tb,0,not_applicable
6374,28,F,18.4,0,0,0,0,0,0,0,0,0,1,0,0,0,N/A,infiltrate,1,0,none,not_tb,0,not_applicable
6375,50,M,24.7,0,0,0,0,0,1,0,0,1,0,1,0,0,N/A,other_pathology,1,0,none,not_tb,0,not_applicable
6376,40,M,23.1,1,1,8,0,0,0,0,0,1,0,1,0,1,not_detected,infiltrate,1,1,pulmonary,smear_negative_ptb,0,cured
6377,27,M,24.9,0,0,0,0,0,1,0,0,0,0,1,0,0,N/A,normal,0,0,none,not_tb,0,not_applicable
6378,42,F,20.0,1,0,0,0,0,0,0,0,0,0,0,0,0,N/A,normal,0,0,none,not_tb,0,not_applicable
6379,39,M,22.7,0,0,0,0,0,0,0,0,0,0,0,0,0,N/A,normal,0,0,none,not_tb,0,not_applicable
6380,65,M,21.8,0,1,3,0,0,0,0,0,1,1,1,0,0,N/A,normal,0,0,none,not_tb,0,not_applicable
6381,56,F,17.0,0,1,4,0,0,0,0,0,1,0,1,0,0,N/A,normal,0,1,pulmonary,smear_negative_ptb,0,cured
6382,22,F,26.6,0,0,0,0,0,0,0,0,0,0,0,0,0,N/A,normal,0,0,none,not_tb,0,not_applicable
6383,46,F,29.0,1,0,0,0,0,0,0,0,0,0,0,0,0,N/A,normal,0,0,none,not_tb,0,not_applicable
6384,40,F,16.9,0,0,0,1,0,0,0,0,0,0,1,0,0,N/A,normal,0,0,none,not_tb,0,not_applicable
6385,34,M,27.0,0,0,0,0,1,0,0,0,0,0,1,0,0,N/A,normal,0,0,none,not_tb,0,not_applicable
6386,42,F,19.9,1,0,0,0,0,0,0,0,0,0,0,0,0,N/A,normal,0,0,none,not_tb,0,not_applicable
6387,26,M,21.1,0,0,0,0,0,0,0,0,0,0,0,0,0,N/A,other_pathology,1,0,none,not_tb,0,not_applicable
6388,52,M,23.0,0,0,0,0,0,0,0,1,0,0,0,0,0,N/A,other_pathology,1,0,none,not_tb,0,not_applicable
6389,71,F,27.4,0,0,0,0,0,0,0,0,0,0,0,0,0,N/A,normal,0,0,none,not_tb,0,not_applicable
6390,42,M,23.0,0,0,0,0,0,0,0,0,1,1,0,0,0,N/A,normal,0,0,none,not_tb,0,not_applicable
6391,38,M,23.4,0,0,0,0,0,1,0,0,0,0,1,0,0,N/A,normal,0,0,none,not_tb,0,not_applicable
6392,40,F,25.0,0,0,0,0,0,0,0,0,0,0,0,0,0,N/A,normal,0,0,none,not_tb,0,not_applicable
6393,44,M,25.5,0,0,0,0,0,0,0,0,0,0,0,0,0,N/A,normal,0,0,none,not_tb,0,not_applicable
6394,41,M,23.8,1,0,0,0,1,0,0,0,0,0,1,0,0,N/A,normal,0,0,none,not_tb,0,not_applicable
6395,50,F,25.6,0,1,2,0,0,0,0,0,1,0,1,0,0,N/A,normal,0,0,none,not_tb,0,not_applicable
6396,44,F,19.9,0,0,0,0,0,0,0,0,0,0,0,1,0,N/A,infiltrate,1,0,none,not_tb,0,not_applicable
6397,48,F,15.9,0,0,0,1,0,0,0,1,0,0,1,0,0,N/A,normal,0,0,none,not_tb,0,not_applicable
6398,37,M,28.4,0,0,0,0,0,0,0,0,1,1,0,0,0,N/A,other_pathology,1,0,none,not_tb,0,not_applicable
6399,63,M,18.4,0,0,0,0,0,0,0,0,1,0,0,0,0,N/A,normal,0,0,none,not_tb,0,not_applicable
6400,36,F,20.1,0,0,0,0,0,0,0,0,0,0,0,0,0,N/A,other_pathology,1,0,none,not_tb,0,not_applicable
6401,17,M,20.8,0,1,6,0,0,0,0,0,1,0,1,0,0,N/A,normal,0,0,none,not_tb,0,not_applicable
6402,41,M,20.2,0,0,0,0,0,0,0,0,0,0,0,0,0,N/A,normal,0,0,none,not_tb,0,not_applicable
6403,22,M,19.5,0,0,0,1,0,0,0,0,0,0,1,0,0,N/A,old_tb_scar,1,0,none,not_tb,0,not_applicable
6404,55,M,23.6,0,0,0,0,0,0,0,0,0,0,0,0,0,N/A,normal,0,0,none,not_tb,0,not_applicable
6405,50,M,23.7,0,0,0,1,0,0,0,0,0,0,1,0,0,N/A,normal,0,0,none,not_tb,0,not_applicable
6406,49,F,24.2,0,0,0,0,0,0,0,0,0,0,0,0,0,N/A,other_pathology,1,0,none,not_tb,0,not_applicable
6407,42,F,24.0,0,0,0,0,0,0,0,0,0,0,0,0,0,N/A,normal,0,0,none,not_tb,0,not_applicable
6408,52,M,20.5,0,1,8,0,0,0,0,0,1,0,1,0,0,N/A,normal,0,0,none,not_tb,0,not_applicable
6409,51,F,20.5,0,0,0,0,0,0,0,0,0,0,0,0,0,N/A,normal,0,0,none,not_tb,0,not_applicable
6410,31,M,21.3,1,0,0,1,1,0,0,0,0,0,2,0,1,not_detected,cavity,1,1,pulmonary,smear_negative_ptb,0,cured
6411,54,M,17.2,0,0,0,1,1,1,1,0,1,1,3,1,1,not_detected,normal,0,1,pulmonary,smear_positive_ptb,0,cured
6412,61,F,20.1,0,0,0,0,0,0,0,0,0,0,0,0,0,N/A,normal,0,0,none,not_tb,0,not_applicable
6413,36,M,25.3,0,0,0,0,0,0,0,0,1,0,0,1,0,N/A,infiltrate,1,0,none,not_tb,0,not_applicable
6414,26,F,21.9,0,0,0,0,0,0,0,0,0,0,0,0,0,N/A,normal,0,0,none,not_tb,0,not_applicable
6415,43,M,20.2,0,0,0,0,0,0,0,1,1,0,0,0,0,N/A,normal,0,0,none,not_tb,0,not_applicable
6416,44,M,20.3,0,0,0,0,0,0,0,0,1,0,0,0,0,N/A,normal,0,0,none,not_tb,0,not_applicable
6417,44,M,21.3,0,1,5,1,0,0,0,1,1,0,2,0,1,not_detected,infiltrate,1,1,pulmonary,smear_negative_ptb,0,cured
6418,54,M,24.1,0,0,0,0,0,0,0,0,0,0,0,0,0,N/A,normal,0,0,none,not_tb,0,not_applicable
6419,55,F,19.1,1,1,4,1,0,1,0,1,0,1,3,0,1,not_detected,cavity,1,1,pulmonary,smear_negative_ptb,0,died
6420,60,F,15.6,0,0,0,1,0,0,0,1,1,0,1,0,0,N/A,normal,0,1,extrapulmonary,extrapulmonary_tb,0,cured
6421,27,M,22.8,0,0,0,0,0,0,0,0,0,0,0,0,0,N/A,other_pathology,1,0,none,not_tb,0,not_applicable
6422,37,M,21.3,0,0,0,1,0,0,0,0,0,0,1,0,0,N/A,other_pathology,1,0,none,not_tb,0,not_applicable
6423,43,F,18.8,0,0,0,0,0,0,0,1,0,0,0,0,0,N/A,normal,0,0,none,not_tb,0,not_applicable
6424,65,F,19.9,0,0,0,0,0,0,0,0,0,0,0,0,0,N/A,other_pathology,1,0,none,not_tb,0,not_applicable
6425,50,M,20.2,1,1,4,1,0,1,0,0,1,0,3,0,1,not_detected,cavity,1,1,pulmonary,smear_negative_ptb,0,cured
6426,26,M,26.3,0,0,0,0,0,0,0,0,0,0,0,0,0,N/A,old_tb_scar,1,0,none,not_tb,0,not_applicable
6427,41,M,15.9,1,1,3,1,1,1,0,0,0,1,4,0,1,detected,normal,0,1,extrapulmonary,extrapulmonary_tb,1,failed
6428,43,M,16.2,1,0,0,1,1,0,0,1,1,0,2,1,1,not_detected,cavity,1,1,pulmonary,smear_positive_ptb,0,cured
6429,30,M,20.2,1,1,6,1,1,1,1,0,0,1,4,1,1,not_detected,miliary,1,1,pulmonary,smear_positive_ptb,0,cured
6430,31,M,20.6,0,0,0,0,0,0,0,0,0,0,0,0,0,N/A,infiltrate,1,0,none,not_tb,0,not_applicable
6431,48,M,23.9,0,0,0,0,0,0,0,0,0,1,0,0,0,N/A,normal,0,0,none,not_tb,0,not_applicable
6432,50,M,20.5,0,0,0,1,0,1,0,0,0,0,2,0,0,N/A,normal,0,0,none,not_tb,0,not_applicable
6433,48,M,24.0,0,0,0,0,0,0,0,0,0,0,0,0,0,N/A,normal,0,0,none,not_tb,0,not_applicable
6434,20,F,17.2,1,0,0,0,0,0,0,0,0,0,0,0,0,N/A,other_pathology,1,0,none,not_tb,0,not_applicable
6435,46,F,23.9,0,0,0,0,0,0,0,0,0,0,0,0,0,N/A,normal,0,0,none,not_tb,0,not_applicable
6436,38,M,13.3,0,0,0,0,0,0,0,1,0,0,0,0,0,N/A,pleural_effusion,1,1,pulmonary,smear_negative_ptb,0,cured
6437,30,M,25.2,0,1,2,1,0,0,0,0,0,0,2,0,0,N/A,normal,0,0,none,not_tb,0,not_applicable
6438,50,M,21.9,0,0,0,0,0,0,0,0,1,1,0,0,0,N/A,other_pathology,1,0,none,not_tb,0,not_applicable
6439,19,F,19.6,0,1,3,1,0,1,0,0,1,1,3,0,1,not_detected,cavity,1,1,pulmonary,smear_negative_ptb,0,cured
6440,40,M,19.1,1,0,0,1,0,0,0,1,1,0,1,1,1,not_detected,infiltrate,1,1,pulmonary,smear_positive_ptb,0,cured
6441,35,M,16.0,0,0,0,1,0,1,0,0,0,0,2,0,0,N/A,normal,0,0,none,not_tb,0,not_applicable
6442,28,F,26.8,1,0,0,0,0,0,0,0,0,0,0,0,0,N/A,normal,0,0,none,not_tb,0,not_applicable
6443,44,F,19.3,0,1,3,1,0,1,1,1,1,0,3,1,1,not_detected,pleural_effusion,1,1,pulmonary,smear_positive_ptb,0,died
6444,76,F,20.4,1,1,5,0,0,1,0,1,0,1,2,0,0,N/A,pleural_effusion,1,1,extrapulmonary,extrapulmonary_tb,0,completed
6445,17,M,16.5,0,1,2,1,0,1,0,1,1,0,3,0,1,not_detected,pleural_effusion,1,1,extrapulmonary,extrapulmonary_tb,0,cured
6446,30,M,22.8,0,0,0,1,0,0,0,0,0,0,1,0,0,N/A,infiltrate,1,0,none,not_tb,0,not_applicable
6447,20,F,17.4,1,0,0,0,0,0,0,1,1,0,0,0,0,N/A,infiltrate,1,0,none,not_tb,0,not_applicable
6448,19,M,18.9,1,0,0,1,0,0,0,1,1,1,1,0,0,N/A,pleural_effusion,1,1,extrapulmonary,extrapulmonary_tb,0,lost_to_followup
6449,50,F,18.7,0,0,0,1,0,0,0,0,0,0,1,0,0,N/A,normal,0,0,none,not_tb,0,not_applicable
6450,41,F,39.5,0,0,0,0,0,0,0,0,1,0,0,0,0,N/A,normal,0,0,none,not_tb,0,not_applicable
6451,39,M,24.1,0,0,0,1,0,1,0,0,0,0,2,0,1,not_detected,other_pathology,1,0,none,not_tb,0,not_applicable
6452,44,M,21.8,1,1,2,0,0,1,0,1,1,0,2,1,1,not_detected,infiltrate,1,1,pulmonary,smear_positive_ptb,0,cured
6453,25,M,17.9,0,1,4,1,0,1,0,0,0,1,3,1,1,not_detected,normal,0,1,pulmonary,smear_positive_ptb,0,cured
6454,44,M,19.5,1,1,2,0,1,0,0,1,1,0,2,0,0,N/A,pleural_effusion,1,1,extrapulmonary,extrapulmonary_tb,0,cured
6455,26,F,20.8,0,1,2,0,0,1,0,1,1,1,2,1,1,not_detected,infiltrate,1,1,pulmonary,smear_positive_ptb,0,cured
6456,60,F,18.2,0,0,0,0,0,0,0,0,1,0,0,0,0,N/A,normal,0,0,none,not_tb,0,not_applicable
6457,48,M,19.6,0,0,0,0,0,0,0,0,0,0,0,0,0,N/A,other_pathology,1,0,none,not_tb,0,not_applicable
6458,41,F,25.4,0,0,0,0,0,0,0,0,0,0,0,0,0,N/A,normal,0,0,none,not_tb,0,not_applicable
6459,29,M,21.2,0,0,0,1,0,0,0,0,0,0,1,0,0,N/A,normal,0,0,none,not_tb,0,not_applicable
6460,45,F,16.6,1,1,4,0,1,1,0,0,1,0,3,0,1,not_detected,pleural_effusion,1,1,pulmonary,smear_negative_ptb,0,cured
6461,58,M,19.8,0,0,0,0,0,0,0,1,0,0,0,0,0,N/A,normal,0,0,none,not_tb,0,not_applicable
6462,33,F,15.4,1,1,5,1,1,1,0,1,0,1,4,0,0,N/A,normal,0,1,extrapulmonary,extrapulmonary_tb,0,completed
6463,22,F,15.1,1,0,0,0,0,0,0,0,0,0,0,0,0,N/A,normal,0,0,none,not_tb,0,not_applicable
6464,27,M,16.1,0,0,0,0,0,0,0,0,0,0,0,0,0,N/A,other_pathology,1,0,none,not_tb,0,not_applicable
6465,21,M,22.2,0,0,0,0,0,0,0,0,0,1,0,0,0,N/A,normal,0,0,none,not_tb,0,not_applicable
6466,54,F,24.4,0,0,0,1,0,0,0,1,0,0,1,0,0,N/A,normal,0,0,none,not_tb,0,not_applicable
6467,36,M,30.8,0,0,0,0,0,0,0,0,0,0,0,0,1,not_detected,normal,0,0,none,not_tb,0,not_applicable
6468,35,F,18.4,1,1,5,1,0,1,1,0,1,1,3,0,1,detected,cavity,1,1,pulmonary,smear_negative_ptb,1,cured
6469,49,F,17.5,0,0,0,0,0,0,0,0,0,0,0,0,0,N/A,normal,0,0,none,not_tb,0,not_applicable
6470,51,F,18.4,0,0,0,1,1,0,0,0,1,0,2,1,1,not_detected,pleural_effusion,1,1,pulmonary,smear_positive_ptb,0,cured
6471,49,M,24.5,0,0,0,0,0,0,0,0,0,0,0,0,0,N/A,infiltrate,1,0,none,not_tb,0,not_applicable
6472,39,F,21.1,1,0,0,1,0,0,0,0,0,1,1,0,0,N/A,infiltrate,1,1,pulmonary,smear_negative_ptb,0,completed
6473,45,F,25.3,0,0,0,0,0,0,0,0,1,0,0,0,0,N/A,normal,0,0,none,not_tb,0,not_applicable
6474,20,M,24.0,0,0,0,0,1,0,0,0,0,0,1,0,1,not_detected,old_tb_scar,1,0,none,not_tb,0,not_applicable
6475,35,M,22.3,0,0,0,0,0,0,0,0,0,0,0,0,0,N/A,normal,0,0,none,not_tb,0,not_applicable
6476,28,M,24.6,0,0,0,0,0,0,0,0,0,1,0,0,0,N/A,normal,0,0,none,not_tb,0,not_applicable
6477,32,F,17.9,0,0,0,0,0,0,0,0,0,1,0,0,0,N/A,normal,0,0,none,not_tb,0,not_applicable
6478,28,M,15.0,0,0,0,1,0,1,0,0,0,0,2,0,0,N/A,normal,0,0,none,not_tb,0,not_applicable
6479,37,M,29.3,0,0,0,0,0,0,0,0,1,0,0,0,0,N/A,old_tb_scar,1,0,none,not_tb,0,not_applicable
6480,56,M,21.8,0,0,0,0,0,0,0,0,0,0,0,0,0,N/A,normal,0,0,none,not_tb,0,not_applicable
6481,40,F,23.9,0,1,2,0,0,0,0,0,0,0,1,0,0,N/A,normal,0,0,none,not_tb,0,not_applicable
6482,34,M,12.2,0,0,0,0,0,0,0,0,0,0,0,0,0,N/A,normal,0,0,none,not_tb,0,not_applicable
6483,50,F,27.4,0,1,2,0,0,0,0,0,0,0,1,0,0,N/A,infiltrate,1,0,none,not_tb,0,not_applicable
6484,35,F,26.0,0,0,0,0,0,0,0,0,0,0,0,0,0,N/A,normal,0,0,none,not_tb,0,not_applicable
6485,34,F,14.6,0,1,5,1,0,0,0,0,1,0,2,0,1,not_detected,cavity,1,1,pulmonary,smear_negative_ptb,0,cured
6486,26,F,20.9,0,0,0,0,0,0,0,0,0,0,0,0,0,N/A,normal,0,0,none,not_tb,0,not_applicable
6487,58,M,22.9,0,0,0,0,0,0,0,0,0,1,0,0,0,N/A,normal,0,0,none,not_tb,0,not_applicable
6488,39,F,17.6,0,0,0,0,0,0,0,0,0,0,0,0,0,N/A,normal,0,0,none,not_tb,0,not_applicable
6489,35,M,19.7,0,1,5,1,0,1,0,0,1,1,3,0,1,not_detected,miliary,1,1,pulmonary,smear_negative_ptb,0,cured
6490,45,F,21.1,0,0,0,1,1,1,0,0,1,1,3,0,0,N/A,pleural_effusion,1,1,pulmonary,smear_negative_ptb,0,cured
6491,41,M,19.3,1,1,7,1,0,1,0,0,0,1,3,1,1,not_detected,cavity,1,1,pulmonary,smear_positive_ptb,0,cured
6492,20,F,14.6,0,1,3,0,1,1,0,0,1,0,3,0,1,not_detected,cavity,1,1,pulmonary,smear_negative_ptb,0,cured
6493,35,F,18.4,0,0,0,0,0,0,0,0,0,0,0,0,0,N/A,other_pathology,1,0,none,not_tb,0,not_applicable
6494,47,M,21.6,1,0,0,0,0,1,0,0,0,0,1,0,0,N/A,normal,0,0,none,not_tb,0,not_applicable
6495,35,F,21.1,1,0,0,1,0,0,0,0,0,1,1,0,0,N/A,normal,0,0,none,not_tb,0,not_applicable
6496,43,M,21.2,0,0,0,0,0,0,0,1,1,0,0,0,0,N/A,infiltrate,1,0,none,not_tb,0,not_applicable
6497,52,M,21.1,0,0,0,0,0,0,0,0,0,0,0,0,0,N/A,normal,0,0,none,not_tb,0,not_applicable
6498,20,M,15.7,0,0,0,0,0,0,0,0,0,1,0,0,0,N/A,normal,0,0,none,not_tb,0,not_applicable
6499,64,M,24.8,0,0,0,0,0,0,0,0,0,0,0,0,0,N/A,normal,0,0,none,not_tb,0,not_applicable
6500,63,F,24.2,0,0,0,0,0,0,0,0,0,0,0,1,0,N/A,normal,0,0,none,not_tb,0,not_applicable
6501,55,F,19.8,1,0,0,1,1,1,0,0,1,1,3,0,0,N/A,normal,0,1,extrapulmonary,extrapulmonary_tb,0,cured
6502,20,M,19.6,1,0,0,1,1,0,0,0,1,0,2,0,1,not_detected,normal,0,1,extrapulmonary,extrapulmonary_tb,0,died
6503,36,M,17.8,0,1,2,1,0,0,1,0,1,0,2,1,1,not_detected,cavity,1,1,pulmonary,smear_positive_ptb,0,cured
6504,39,F,19.9,0,1,2,0,0,0,0,0,0,0,1,0,0,N/A,normal,0,0,none,not_tb,0,not_applicable
6505,57,F,18.4,0,0,0,0,0,0,0,0,0,0,0,0,0,N/A,normal,0,0,none,not_tb,0,not_applicable
6506,36,M,27.4,1,0,0,0,0,0,0,0,0,0,0,0,0,N/A,normal,0,0,none,not_tb,0,not_applicable
6507,18,F,21.9,0,1,4,1,0,0,0,1,0,0,2,0,0,N/A,normal,0,0,none,not_tb,0,not_applicable
6508,40,M,16.2,0,0,0,0,0,0,0,0,1,1,0,0,0,N/A,other_pathology,1,0,none,not_tb,0,not_applicable
6509,54,F,21.9,1,0,0,0,0,0,0,0,1,0,0,0,0,N/A,old_tb_scar,1,0,none,not_tb,0,not_applicable
6510,26,M,14.7,1,0,0,0,0,0,0,0,0,0,0,0,0,N/A,normal,0,0,none,not_tb,0,not_applicable
6511,26,F,19.1,1,1,2,1,1,1,0,1,0,1,4,1,1,not_detected,infiltrate,1,1,pulmonary,smear_positive_ptb,0,died
6512,57,M,22.5,0,0,0,0,0,0,0,0,0,0,0,0,0,N/A,normal,0,0,none,not_tb,0,not_applicable
6513,16,M,20.1,0,0,0,0,0,0,0,0,0,0,0,0,0,N/A,infiltrate,1,0,none,not_tb,0,not_applicable
6514,46,F,18.7,1,0,0,0,0,0,0,0,0,0,0,0,0,N/A,normal,0,0,none,not_tb,0,not_applicable
6515,29,M,19.9,0,1,5,0,0,1,0,0,1,0,2,1,1,not_detected,miliary,1,1,pulmonary,smear_positive_ptb,0,cured
6516,57,M,21.7,0,0,0,0,0,0,1,0,0,1,0,0,0,N/A,normal,0,0,none,not_tb,0,not_applicable
6517,40,F,13.6,0,1,6,1,1,0,0,1,1,1,3,0,1,not_detected,miliary,1,1,pulmonary,smear_negative_ptb,0,completed
6518,34,F,26.2,0,0,0,1,0,0,0,0,0,0,1,0,0,N/A,normal,0,0,none,not_tb,0,not_applicable
6519,45,M,18.7,0,0,0,0,0,0,0,1,0,0,0,1,0,N/A,normal,0,0,none,not_tb,0,not_applicable
6520,23,M,17.4,0,0,0,0,1,0,0,0,1,0,1,0,0,N/A,normal,0,0,none,not_tb,0,not_applicable
6521,25,F,26.8,1,0,0,0,0,0,0,1,0,0,0,0,0,N/A,normal,0,0,none,not_tb,0,not_applicable
6522,26,M,25.7,0,0,0,0,0,0,0,0,0,0,0,0,0,N/A,infiltrate,1,0,none,not_tb,0,not_applicable
6523,46,M,20.5,1,1,3,0,0,0,0,0,0,0,1,0,0,N/A,old_tb_scar,1,0,none,not_tb,0,not_applicable
6524,21,M,15.4,0,0,0,0,1,1,0,0,0,0,2,0,1,not_detected,infiltrate,1,1,pulmonary,smear_negative_ptb,0,cured
6525,59,M,16.2,0,1,6,0,1,1,0,1,1,1,3,1,1,not_detected,infiltrate,1,1,pulmonary,smear_positive_ptb,0,cured
6526,42,F,17.4,1,1,5,1,0,0,0,1,1,1,2,0,0,N/A,normal,0,1,extrapulmonary,extrapulmonary_tb,0,died
6527,53,M,26.3,1,0,0,0,0,0,0,0,0,0,0,0,0,N/A,old_tb_scar,1,0,none,not_tb,0,not_applicable
6528,26,M,26.5,1,0,0,0,0,0,0,0,0,0,0,0,0,N/A,normal,0,0,none,not_tb,0,not_applicable
6529,63,M,18.9,1,1,2,0,1,1,0,1,1,0,3,0,1,not_detected,normal,0,1,extrapulmonary,extrapulmonary_tb,0,completed
6530,27,M,24.3,0,0,0,0,0,0,0,0,0,0,0,0,0,N/A,normal,0,0,none,not_tb,0,not_applicable
6531,29,M,18.0,1,0,0,1,1,1,1,1,0,0,3,0,0,N/A,normal,0,1,extrapulmonary,extrapulmonary_tb,0,cured
6532,39,F,18.9,0,0,0,0,0,0,0,0,0,0,0,0,0,N/A,normal,0,0,none,not_tb,0,not_applicable
6533,33,F,16.7,0,0,0,0,0,0,0,0,0,0,0,0,0,N/A,normal,0,0,none,not_tb,0,not_applicable
6534,34,M,23.1,1,0,0,0,0,1,0,0,1,1,1,0,0,N/A,infiltrate,1,0,none,not_tb,0,not_applicable
6535,49,M,20.8,1,1,8,0,0,1,0,1,1,0,2,0,0,N/A,normal,0,1,extrapulmonary,extrapulmonary_tb,0,cured
6536,34,M,20.2,0,1,2,0,0,0,0,0,0,0,1,0,0,N/A,normal,0,0,none,not_tb,0,not_applicable
6537,27,M,26.2,0,1,2,0,0,0,0,1,1,0,1,0,0,N/A,normal,0,0,none,not_tb,0,not_applicable
6538,35,F,20.7,0,0,0,1,0,0,0,0,1,0,1,0,0,N/A,normal,0,0,none,not_tb,0,not_applicable
6539,37,M,18.7,1,1,2,0,0,0,0,1,1,0,1,0,0,N/A,cavity,1,1,pulmonary,smear_negative_ptb,0,cured
6540,27,F,21.2,0,0,0,0,0,0,0,1,0,0,0,0,0,N/A,normal,0,0,none,not_tb,0,not_applicable
6541,45,F,26.3,0,1,2,0,0,0,0,0,0,0,1,0,0,N/A,normal,0,0,none,not_tb,0,not_applicable
6542,33,M,23.7,0,0,0,0,0,0,0,0,1,0,0,0,0,N/A,old_tb_scar,1,0,none,not_tb,0,not_applicable
6543,27,F,21.8,0,0,0,0,0,0,0,1,1,0,0,0,0,N/A,normal,0,0,none,not_tb,0,not_applicable
6544,40,M,22.3,0,0,0,0,0,0,0,0,0,0,0,0,0,N/A,normal,0,0,none,not_tb,0,not_applicable
6545,42,M,17.8,0,0,0,0,0,0,0,1,0,0,0,0,0,N/A,normal,0,0,none,not_tb,0,not_applicable
6546,49,F,14.2,0,0,0,0,0,0,0,0,0,0,0,0,0,N/A,normal,0,0,none,not_tb,0,not_applicable
6547,50,M,20.1,0,0,0,0,1,0,0,0,0,0,1,0,0,N/A,old_tb_scar,1,0,none,not_tb,0,not_applicable
6548,26,M,18.0,1,1,2,1,0,1,0,1,1,1,3,0,0,N/A,normal,0,1,extrapulmonary,extrapulmonary_tb,0,cured
6549,46,F,23.9,0,0,0,0,0,0,0,1,0,1,0,0,0,N/A,old_tb_scar,1,0,none,not_tb,0,not_applicable
6550,51,M,21.4,0,1,2,0,0,0,0,0,1,0,1,0,0,N/A,normal,0,0,none,not_tb,0,not_applicable
6551,29,F,20.4,0,0,0,0,0,0,0,0,0,0,0,0,0,N/A,normal,0,0,none,not_tb,0,not_applicable
6552,22,M,12.0,0,0,0,1,0,0,0,0,0,0,1,0,0,N/A,normal,0,0,none,not_tb,0,not_applicable
6553,40,F,23.8,0,0,0,0,0,0,0,0,0,0,0,0,0,N/A,other_pathology,1,0,none,not_tb,0,not_applicable
6554,44,M,19.0,0,1,6,0,0,1,1,0,0,0,2,0,0,N/A,normal,0,1,pulmonary,smear_negative_ptb,0,cured
6555,48,M,20.5,1,0,0,0,1,0,0,1,0,0,1,0,1,not_detected,infiltrate,1,1,pulmonary,smear_negative_ptb,0,cured
6556,33,M,18.6,1,0,0,0,0,1,0,0,1,1,1,1,0,N/A,normal,0,1,extrapulmonary,extrapulmonary_tb,0,lost_to_followup
6557,37,F,26.0,0,0,0,0,0,0,0,0,0,0,0,0,0,N/A,old_tb_scar,1,0,none,not_tb,0,not_applicable
6558,37,M,20.1,1,0,0,0,0,0,0,0,0,0,0,0,0,N/A,normal,0,0,none,not_tb,0,not_applicable
6559,37,F,21.9,1,0,0,0,0,0,0,0,0,0,0,0,0,N/A,old_tb_scar,1,0,none,not_tb,0,not_applicable
6560,47,M,22.8,0,0,0,0,0,0,0,0,0,0,0,0,0,N/A,old_tb_scar,1,0,none,not_tb,0,not_applicable
6561,47,M,24.3,0,0,0,0,0,0,0,0,0,1,0,1,0,N/A,normal,0,0,none,not_tb,0,not_applicable
6562,28,M,19.5,1,0,0,1,0,1,0,0,1,1,2,1,1,not_detected,infiltrate,1,1,pulmonary,smear_positive_ptb,0,failed
6563,57,M,19.7,0,1,4,0,0,1,0,0,1,0,2,1,1,not_detected,cavity,1,1,pulmonary,smear_positive_ptb,0,cured
6564,69,F,22.9,0,0,0,1,0,1,0,0,1,0,2,0,0,N/A,normal,0,0,none,not_tb,0,not_applicable
6565,47,M,18.0,0,0,0,1,1,1,0,0,0,1,3,0,1,not_detected,infiltrate,1,1,pulmonary,smear_negative_ptb,0,cured
6566,45,F,20.8,1,0,0,1,1,1,1,0,0,1,3,0,0,N/A,infiltrate,1,1,pulmonary,smear_negative_ptb,0,cured
6567,34,M,16.1,0,0,0,0,0,0,1,0,1,0,0,0,0,N/A,old_tb_scar,1,0,none,not_tb,0,not_applicable
6568,43,M,19.8,0,1,2,0,0,0,0,0,1,0,1,0,0,N/A,normal,0,0,none,not_tb,0,not_applicable
6569,22,F,22.5,1,1,7,0,1,1,0,1,1,1,3,0,0,N/A,pleural_effusion,1,1,extrapulmonary,extrapulmonary_tb,0,cured
6570,33,F,19.6,0,0,0,0,0,0,0,0,0,0,0,0,0,N/A,infiltrate,1,0,none,not_tb,0,not_applicable
6571,48,F,18.3,0,1,5,1,0,1,0,0,0,0,3,1,1,not_detected,infiltrate,1,1,pulmonary,smear_positive_ptb,0,lost_to_followup
6572,49,M,22.0,0,1,6,1,1,0,0,1,1,0,3,1,1,not_detected,cavity,1,1,pulmonary,smear_positive_ptb,0,completed
6573,51,F,18.2,1,0,0,0,1,1,0,1,1,1,2,1,1,not_detected,pleural_effusion,1,1,pulmonary,smear_positive_ptb,0,cured
6574,17,F,19.1,0,0,0,0,0,0,0,0,0,0,0,0,0,N/A,old_tb_scar,1,0,none,not_tb,0,not_applicable
6575,37,M,26.2,0,0,0,0,0,0,0,0,1,0,0,0,0,N/A,normal,0,0,none,not_tb,0,not_applicable
6576,40,F,17.8,1,0,0,0,1,1,0,1,1,0,2,0,1,not_detected,normal,0,1,extrapulmonary,extrapulmonary_tb,0,completed
6577,44,M,21.2,1,0,0,0,0,0,0,0,0,0,0,0,0,N/A,other_pathology,1,0,none,not_tb,0,not_applicable
6578,19,F,15.1,0,1,6,0,0,0,0,0,0,0,1,0,0,N/A,other_pathology,1,0,none,not_tb,0,not_applicable
6579,33,F,21.6,1,0,0,0,0,1,0,0,0,0,1,0,1,not_detected,normal,0,0,none,not_tb,0,not_applicable
6580,19,F,24.4,0,0,0,0,0,0,0,0,0,0,0,0,0,N/A,other_pathology,1,0,none,not_tb,0,not_applicable
6581,36,F,20.5,0,0,0,0,0,0,0,0,1,0,0,0,0,N/A,normal,0,0,none,not_tb,0,not_applicable
6582,38,F,15.3,1,0,0,1,0,1,0,0,0,1,2,0,0,N/A,pleural_effusion,1,1,pulmonary,smear_negative_ptb,0,cured
6583,21,F,17.3,0,1,4,1,0,0,0,1,1,1,2,1,1,detected,cavity,1,1,pulmonary,smear_positive_ptb,1,cured
6584,26,M,17.0,0,0,0,1,0,1,0,1,0,1,2,1,1,not_detected,miliary,1,1,pulmonary,smear_positive_ptb,0,cured
6585,43,M,21.1,1,0,0,0,0,0,0,1,0,0,0,0,0,N/A,normal,0,0,none,not_tb,0,not_applicable
6586,41,M,20.2,0,0,0,0,0,0,0,0,0,0,0,0,0,N/A,other_pathology,1,0,none,not_tb,0,not_applicable
6587,37,M,22.7,0,1,2,0,1,1,0,0,1,1,3,0,0,N/A,miliary,1,1,pulmonary,smear_negative_ptb,0,cured
6588,44,F,19.3,0,1,6,0,1,1,0,1,1,0,3,0,0,N/A,infiltrate,1,1,pulmonary,smear_negative_ptb,0,lost_to_followup
6589,19,F,15.9,0,0,0,0,0,0,0,0,0,0,0,0,0,N/A,old_tb_scar,1,0,none,not_tb,0,not_applicable
6590,55,M,22.3,0,0,0,0,0,0,0,0,0,0,0,0,0,N/A,normal,0,0,none,not_tb,0,not_applicable
6591,37,M,18.4,0,1,6,1,1,1,1,0,1,0,4,1,1,not_detected,infiltrate,1,1,pulmonary,smear_positive_ptb,0,cured
6592,25,F,26.2,1,0,0,0,1,0,0,0,0,0,1,0,0,N/A,normal,0,0,none,not_tb,0,not_applicable
6593,38,M,21.5,1,0,0,0,0,0,0,0,0,0,0,0,0,N/A,normal,0,0,none,not_tb,0,not_applicable
6594,29,F,21.4,0,0,0,0,0,0,0,0,0,0,0,0,0,N/A,old_tb_scar,1,0,none,not_tb,0,not_applicable
6595,24,F,23.2,1,0,0,1,1,0,1,1,1,1,2,0,1,not_detected,cavity,1,1,pulmonary,smear_negative_ptb,0,completed
6596,65,M,18.3,0,1,3,0,0,0,1,0,0,0,1,0,0,N/A,normal,0,0,none,not_tb,0,not_applicable
6597,39,M,20.5,1,1,4,1,0,1,0,0,1,1,3,0,1,not_detected,normal,0,1,extrapulmonary,extrapulmonary_tb,0,cured
6598,48,M,22.2,0,0,0,0,0,0,0,0,0,1,0,0,0,N/A,normal,0,0,none,not_tb,0,not_applicable
6599,36,M,20.2,0,0,0,0,1,1,0,0,0,1,2,0,0,N/A,other_pathology,1,0,none,not_tb,0,not_applicable
6600,38,M,19.7,0,0,0,0,0,0,0,0,0,0,0,0,0,N/A,infiltrate,1,0,none,not_tb,0,not_applicable
6601,34,M,26.8,1,0,0,0,0,0,0,0,0,0,0,0,0,N/A,normal,0,0,none,not_tb,0,not_applicable
6602,23,M,23.6,1,0,0,0,0,1,0,0,0,0,1,0,0,N/A,other_pathology,1,0,none,not_tb,0,not_applicable
6603,38,M,20.0,1,1,8,0,0,0,0,0,1,1,1,0,0,N/A,normal,0,1,extrapulmonary,extrapulmonary_tb,0,completed
6604,55,M,20.7,0,1,5,1,0,1,0,0,1,1,3,1,1,not_detected,pleural_effusion,1,1,pulmonary,smear_positive_ptb,0,cured
6605,64,F,23.2,1,0,0,1,0,0,0,0,1,0,1,0,0,N/A,normal,0,0,none,not_tb,0,not_applicable
6606,30,M,15.8,0,1,4,0,1,1,0,1,1,1,3,1,1,not_detected,pleural_effusion,1,1,pulmonary,smear_positive_ptb,0,cured
6607,34,F,16.5,1,0,0,0,0,0,0,1,0,0,0,0,0,N/A,old_tb_scar,1,0,none,not_tb,0,not_applicable
6608,34,M,22.3,1,0,0,1,0,0,0,0,1,0,1,0,1,not_detected,cavity,1,1,pulmonary,smear_negative_ptb,0,died
6609,56,M,19.0,0,1,6,1,1,1,0,1,1,0,4,1,1,not_detected,pleural_effusion,1,1,pulmonary,smear_positive_ptb,0,cured
6610,56,M,18.7,0,1,5,1,0,0,0,0,1,1,2,0,1,not_detected,pleural_effusion,1,1,pulmonary,smear_negative_ptb,0,cured
6611,36,F,28.3,0,0,0,0,0,0,0,0,0,0,0,0,0,N/A,normal,0,0,none,not_tb,0,not_applicable
6612,49,M,15.8,1,1,6,1,1,0,0,1,0,1,3,1,1,not_detected,cavity,1,1,pulmonary,smear_positive_ptb,0,completed
6613,32,M,12.2,0,1,4,1,1,1,0,0,1,0,4,1,1,not_detected,infiltrate,1,1,pulmonary,smear_positive_ptb,0,cured
6614,26,M,15.7,0,0,0,0,0,0,0,0,1,0,0,0,0,N/A,normal,0,0,none,not_tb,0,not_applicable
6615,55,F,17.2,0,1,3,1,0,1,0,0,1,1,3,1,1,not_detected,infiltrate,1,1,pulmonary,smear_positive_ptb,0,cured
6616,37,M,22.4,0,0,0,0,0,0,0,0,1,0,0,0,0,N/A,normal,0,0,none,not_tb,0,not_applicable
6617,51,M,26.9,0,0,0,1,0,0,0,0,0,0,1,0,0,N/A,infiltrate,1,0,none,not_tb,0,not_applicable
6618,64,F,25.0,0,0,0,0,0,0,0,0,0,0,0,0,0,N/A,infiltrate,1,0,none,not_tb,0,not_applicable
6619,37,M,13.0,0,0,0,0,0,0,0,0,0,0,0,0,0,N/A,normal,0,0,none,not_tb,0,not_applicable
6620,46,M,31.8,0,1,6,0,0,0,0,0,1,0,1,0,0,N/A,other_pathology,1,0,none,not_tb,0,not_applicable
6621,46,F,20.6,0,0,0,0,0,0,0,0,0,0,0,0,0,N/A,normal,0,0,none,not_tb,0,not_applicable
6622,37,M,26.3,0,0,0,0,0,0,0,0,0,0,0,0,0,N/A,old_tb_scar,1,0,none,not_tb,0,not_applicable
6623,28,M,23.9,0,0,0,0,0,0,0,0,0,0,0,0,0,N/A,normal,0,0,none,not_tb,0,not_applicable
6624,51,M,18.5,1,1,3,1,0,1,0,1,1,0,3,1,1,detected,cavity,1,1,pulmonary,smear_positive_ptb,1,lost_to_followup
6625,55,M,17.9,0,1,8,0,0,0,0,0,1,0,1,0,1,not_detected,infiltrate,1,1,pulmonary,smear_negative_ptb,0,cured
6626,23,F,15.7,1,0,0,1,0,1,0,1,1,0,2,0,0,N/A,infiltrate,1,1,pulmonary,smear_negative_ptb,1,cured
6627,23,F,17.5,0,0,0,1,0,0,0,0,0,0,1,0,0,N/A,normal,0,0,none,not_tb,0,not_applicable
6628,28,F,18.1,1,0,0,1,1,0,0,1,1,0,2,1,1,not_detected,pleural_effusion,1,1,pulmonary,smear_positive_ptb,0,cured
6629,21,M,17.1,1,0,0,0,0,1,0,0,0,0,1,0,0,N/A,other_pathology,1,0,none,not_tb,0,not_applicable
6630,22,F,22.6,1,0,0,1,0,0,1,1,0,1,1,0,1,detected,infiltrate,1,1,pulmonary,smear_negative_ptb,1,cured
6631,47,F,18.7,1,1,6,0,1,0,0,0,0,1,2,1,1,not_detected,normal,0,1,pulmonary,smear_positive_ptb,0,failed
6632,34,M,29.3,1,0,0,0,0,0,0,0,0,1,0,0,0,N/A,normal,0,0,none,not_tb,0,not_applicable
6633,30,F,20.5,1,0,0,0,0,0,0,0,0,0,0,0,0,N/A,normal,0,0,none,not_tb,0,not_applicable
6634,46,M,17.0,0,1,5,1,0,1,0,0,1,1,3,0,0,N/A,infiltrate,1,1,pulmonary,smear_negative_ptb,0,cured
6635,15,F,24.1,0,0,0,0,0,0,0,0,0,0,0,0,0,N/A,old_tb_scar,1,0,none,not_tb,0,not_applicable
6636,22,M,21.1,0,1,5,0,0,0,0,0,0,0,1,0,0,N/A,normal,0,0,none,not_tb,0,not_applicable
6637,23,M,25.4,0,0,0,0,0,0,0,0,0,1,0,0,0,N/A,normal,0,0,none,not_tb,0,not_applicable
6638,54,F,27.0,1,0,0,0,0,0,0,0,0,0,0,0,0,N/A,old_tb_scar,1,0,none,not_tb,0,not_applicable
6639,44,F,25.8,0,0,0,0,0,0,0,0,0,0,0,0,0,N/A,old_tb_scar,1,0,none,not_tb,0,not_applicable
6640,32,M,26.8,0,0,0,0,1,1,0,0,0,0,2,0,0,N/A,old_tb_scar,1,0,none,not_tb,0,not_applicable
6641,42,M,24.9,0,1,2,0,0,0,0,0,1,1,1,0,0,N/A,normal,0,0,none,not_tb,0,not_applicable
6642,42,F,17.1,0,0,0,1,1,1,0,1,1,1,3,0,0,N/A,infiltrate,1,1,pulmonary,smear_negative_ptb,0,completed
6643,23,M,26.0,0,0,0,0,0,0,0,1,0,0,0,0,0,N/A,normal,0,0,none,not_tb,0,not_applicable
6644,42,M,24.4,0,0,0,0,0,0,0,0,0,0,0,0,0,N/A,normal,0,0,none,not_tb,0,not_applicable
6645,34,F,19.8,1,0,0,0,0,0,0,0,0,0,0,0,0,N/A,normal,0,0,none,not_tb,0,not_applicable
6646,34,M,17.3,0,1,4,0,1,0,0,1,0,1,2,0,1,not_detected,pleural_effusion,1,1,pulmonary,smear_negative_ptb,0,cured
6647,31,M,21.7,1,0,0,0,0,0,0,0,0,0,0,0,1,not_detected,normal,0,0,none,not_tb,0,not_applicable
6648,32,M,25.9,0,0,0,0,1,0,0,0,0,0,1,0,0,N/A,normal,0,0,none,not_tb,0,not_applicable
6649,41,F,22.4,0,0,0,0,0,0,0,1,0,1,0,0,0,N/A,normal,0,0,none,not_tb,0,not_applicable
6650,31,M,18.5,1,1,4,0,0,1,0,1,0,1,2,1,1,detected,infiltrate,1,1,pulmonary,smear_positive_ptb,0,died
6651,40,F,21.4,0,0,0,0,0,0,0,0,0,0,0,0,0,N/A,old_tb_scar,1,0,none,not_tb,0,not_applicable
6652,56,F,20.8,0,0,0,0,0,0,0,0,0,0,0,0,0,N/A,normal,0,0,none,not_tb,0,not_applicable
6653,51,F,15.6,0,1,5,1,0,1,0,1,1,1,3,0,0,N/A,infiltrate,1,1,extrapulmonary,extrapulmonary_tb,0,failed
6654,37,M,24.8,1,0,0,0,0,1,0,0,0,0,1,0,0,N/A,normal,0,0,none,not_tb,0,not_applicable
6655,41,M,18.4,0,0,0,0,0,0,0,0,0,0,0,0,0,N/A,normal,0,0,none,not_tb,0,not_applicable
6656,42,M,22.2,0,0,0,0,0,0,0,0,0,0,0,0,0,N/A,normal,0,0,none,not_tb,0,not_applicable
6657,56,F,20.6,0,0,0,0,0,0,0,0,0,0,0,0,0,N/A,normal,0,0,none,not_tb,0,not_applicable
6658,44,F,24.7,0,0,0,0,0,0,0,0,0,0,0,0,0,N/A,normal,0,0,none,not_tb,0,not_applicable
6659,28,F,20.8,0,0,0,1,0,0,0,0,0,0,1,0,0,N/A,normal,0,0,none,not_tb,0,not_applicable
6660,39,M,16.0,1,1,6,0,1,0,0,1,1,0,2,0,1,not_detected,infiltrate,1,1,pulmonary,smear_negative_ptb,0,completed
6661,47,M,25.5,0,0,0,0,0,0,0,1,1,0,0,0,0,N/A,normal,0,0,none,not_tb,0,not_applicable
6662,28,F,16.4,1,1,2,0,0,1,0,0,0,1,2,1,1,not_detected,infiltrate,1,1,pulmonary,smear_positive_ptb,0,cured
6663,42,M,22.5,0,0,0,0,0,0,0,0,0,0,0,0,0,N/A,normal,0,0,none,not_tb,0,not_applicable
6664,31,F,26.5,0,0,0,1,0,0,0,0,0,0,1,0,0,N/A,normal,0,0,none,not_tb,0,not_applicable
6665,44,M,16.7,1,1,4,0,1,0,0,1,1,0,2,0,0,N/A,normal,0,1,extrapulmonary,extrapulmonary_tb,0,cured
6666,48,F,18.2,0,1,5,1,0,0,0,1,1,1,2,0,0,N/A,cavity,1,1,pulmonary,smear_negative_ptb,1,completed
6667,44,F,20.5,0,0,0,0,0,0,0,0,0,0,0,0,0,N/A,normal,0,0,none,not_tb,0,not_applicable
6668,21,M,18.8,0,0,0,0,0,0,0,0,1,1,0,1,1,not_detected,infiltrate,1,1,pulmonary,smear_positive_ptb,0,completed
6669,38,M,21.8,0,0,0,0,1,0,0,0,0,0,1,0,0,N/A,normal,0,0,none,not_tb,0,not_applicable
6670,45,F,25.2,0,1,3,0,0,0,0,0,0,0,1,0,0,N/A,normal,0,0,none,not_tb,0,not_applicable
6671,52,M,19.8,0,0,0,0,0,0,0,0,0,1,0,0,0,N/A,normal,0,0,none,not_tb,0,not_applicable
6672,20,M,26.5,1,0,0,0,0,0,0,0,0,0,0,0,0,N/A,old_tb_scar,1,0,none,not_tb,0,not_applicable
6673,24,M,27.6,0,0,0,0,0,0,0,0,0,0,0,0,0,N/A,other_pathology,1,0,none,not_tb,0,not_applicable
6674,31,M,22.9,0,0,0,0,0,0,0,0,0,0,0,0,0,N/A,normal,0,0,none,not_tb,0,not_applicable
6675,41,F,19.2,0,0,0,0,0,0,0,0,0,0,0,0,0,N/A,normal,0,0,none,not_tb,0,not_applicable
6676,31,M,18.4,0,1,5,1,0,1,0,0,1,1,3,1,1,detected,infiltrate,1,1,pulmonary,smear_positive_ptb,1,cured
6677,37,M,21.6,0,0,0,0,0,0,0,0,0,1,0,0,0,N/A,normal,0,0,none,not_tb,0,not_applicable
6678,28,F,22.9,0,1,3,1,1,0,0,0,0,0,3,0,1,not_detected,infiltrate,1,1,pulmonary,smear_negative_ptb,0,cured
6679,49,M,21.6,0,1,2,0,1,0,0,0,1,0,2,0,0,N/A,other_pathology,1,0,none,not_tb,0,not_applicable
6680,33,M,26.8,1,0,0,1,0,0,0,0,0,0,1,0,0,N/A,normal,0,0,none,not_tb,0,not_applicable
6681,32,F,22.4,0,0,0,0,0,0,0,0,0,1,0,0,0,N/A,normal,0,0,none,not_tb,0,not_applicable
6682,33,F,22.2,1,0,0,0,0,0,0,0,0,1,0,0,0,N/A,old_tb_scar,1,0,none,not_tb,0,not_applicable
6683,40,F,20.8,0,0,0,1,0,0,0,1,0,0,1,0,0,N/A,other_pathology,1,0,none,not_tb,0,not_applicable
6684,29,F,21.1,0,0,0,1,0,0,0,0,0,0,1,0,0,N/A,normal,0,0,none,not_tb,0,not_applicable
6685,35,M,25.1,0,0,0,0,0,0,0,0,0,0,0,0,0,N/A,normal,0,0,none,not_tb,0,not_applicable
6686,27,M,19.4,0,0,0,0,0,0,0,0,0,0,0,0,0,N/A,normal,0,0,none,not_tb,0,not_applicable
6687,58,F,25.4,0,0,0,0,0,0,0,0,1,0,0,0,0,N/A,normal,0,0,none,not_tb,0,not_applicable
6688,30,F,27.0,0,0,0,0,0,0,0,0,0,0,0,0,0,N/A,old_tb_scar,1,0,none,not_tb,0,not_applicable
6689,56,M,19.9,0,0,0,1,0,0,0,0,0,0,1,0,0,N/A,normal,0,0,none,not_tb,0,not_applicable
6690,15,M,21.5,1,0,0,1,1,1,0,0,1,1,3,0,0,N/A,infiltrate,1,1,pulmonary,smear_negative_ptb,0,cured
6691,47,M,21.1,0,0,0,1,0,1,0,1,1,0,2,0,1,not_detected,cavity,1,1,pulmonary,smear_negative_ptb,0,completed
6692,27,M,25.0,0,0,0,0,0,0,0,0,0,0,0,0,0,N/A,old_tb_scar,1,0,none,not_tb,0,not_applicable
6693,48,F,19.8,1,0,0,0,1,0,0,0,0,0,1,0,0,N/A,infiltrate,1,0,none,not_tb,0,not_applicable
6694,59,F,21.6,0,0,0,0,0,0,0,0,0,0,0,0,0,N/A,normal,0,0,none,not_tb,0,not_applicable
6695,24,M,21.6,0,0,0,0,0,0,0,0,0,0,0,0,0,N/A,normal,0,0,none,not_tb,0,not_applicable
6696,44,M,23.7,1,1,4,1,1,1,0,1,0,1,4,0,1,not_detected,infiltrate,1,1,pulmonary,smear_negative_ptb,0,failed
6697,20,M,18.5,1,1,3,1,0,0,0,0,1,1,2,1,1,not_detected,pleural_effusion,1,1,pulmonary,smear_positive_ptb,0,cured
6698,37,M,21.4,0,0,0,0,0,0,0,0,0,1,0,0,0,N/A,normal,0,0,none,not_tb,0,not_applicable
6699,52,F,18.0,0,0,0,1,0,0,0,0,0,0,1,0,0,N/A,normal,0,0,none,not_tb,0,not_applicable
6700,44,M,16.1,0,1,5,1,1,1,0,0,1,1,4,1,1,not_detected,cavity,1,1,pulmonary,smear_positive_ptb,0,cured
6701,21,M,16.8,1,1,7,1,1,1,0,1,1,1,4,0,1,not_detected,normal,0,1,extrapulmonary,extrapulmonary_tb,0,completed
6702,75,F,23.3,1,0,0,1,0,0,0,0,0,0,1,0,0,N/A,other_pathology,1,0,none,not_tb,0,not_applicable
6703,18,F,17.0,0,0,0,0,0,0,0,0,0,1,0,0,0,N/A,normal,0,0,none,not_tb,0,not_applicable
6704,44,M,19.7,0,1,3,0,0,0,0,0,0,0,1,0,0,N/A,normal,0,0,none,not_tb,0,not_applicable
6705,52,M,15.5,0,0,0,0,0,0,0,0,0,0,0,0,0,N/A,old_tb_scar,1,0,none,not_tb,0,not_applicable
6706,31,M,26.9,0,0,0,0,0,0,0,0,0,0,0,0,0,N/A,other_pathology,1,0,none,not_tb,0,not_applicable
6707,46,M,22.4,0,0,0,0,0,0,0,0,0,0,0,0,0,N/A,normal,0,0,none,not_tb,0,not_applicable
6708,58,M,23.1,0,0,0,0,0,0,0,1,0,0,0,0,0,N/A,normal,0,0,none,not_tb,0,not_applicable
6709,41,F,18.2,0,0,0,0,0,0,0,0,0,0,0,0,0,N/A,infiltrate,1,0,none,not_tb,0,not_applicable
6710,55,M,21.4,1,1,3,1,0,1,0,0,1,0,3,0,1,not_detected,cavity,1,1,pulmonary,smear_negative_ptb,0,cured
6711,19,M,27.3,0,0,0,0,0,1,0,0,0,1,1,0,0,N/A,normal,0,0,none,not_tb,0,not_applicable
6712,30,F,22.2,0,0,0,0,0,0,0,0,1,1,0,0,0,N/A,normal,0,0,none,not_tb,0,not_applicable
6713,43,M,20.3,0,0,0,0,0,0,0,0,0,0,0,0,0,N/A,other_pathology,1,0,none,not_tb,0,not_applicable
6714,22,F,19.9,1,0,0,0,0,0,0,1,0,0,0,1,1,not_detected,infiltrate,1,1,pulmonary,smear_positive_ptb,0,cured
6715,40,F,20.3,1,1,5,1,0,1,0,0,1,1,3,0,0,N/A,normal,0,1,extrapulmonary,extrapulmonary_tb,0,cured
6716,50,F,25.0,0,0,0,0,0,0,0,0,0,0,0,0,0,N/A,old_tb_scar,1,0,none,not_tb,0,not_applicable
6717,58,F,20.2,0,1,11,0,0,0,0,1,1,0,1,0,1,detected,normal,0,1,pulmonary,smear_negative_ptb,1,cured
6718,37,F,25.4,0,0,0,0,0,0,0,0,1,0,0,0,0,N/A,normal,0,0,none,not_tb,0,not_applicable
6719,45,F,19.6,0,1,2,0,0,0,0,0,0,0,1,0,0,N/A,normal,0,0,none,not_tb,0,not_applicable
6720,51,M,25.2,0,0,0,1,0,1,0,0,0,1,2,0,0,N/A,normal,0,0,none,not_tb,0,not_applicable
6721,25,M,17.4,0,1,6,1,1,0,0,0,1,1,3,1,1,not_detected,infiltrate,1,1,pulmonary,smear_positive_ptb,0,cured
6722,36,M,13.2,0,0,0,1,0,0,0,0,0,0,1,0,0,N/A,normal,0,0,none,not_tb,0,not_applicable
6723,50,M,17.3,1,0,0,1,0,1,0,0,1,1,2,0,1,not_detected,infiltrate,1,1,pulmonary,smear_negative_ptb,0,failed
6724,51,M,20.1,0,0,0,0,1,0,0,0,0,1,1,0,0,N/A,normal,0,0,none,not_tb,0,not_applicable
6725,36,M,22.8,0,0,0,1,0,0,0,0,0,1,1,0,0,N/A,other_pathology,1,0,none,not_tb,0,not_applicable
6726,37,M,24.9,0,0,0,0,0,0,0,1,0,0,0,0,1,not_detected,normal,0,0,none,not_tb,0,not_applicable
6727,39,M,19.0,1,1,6,0,0,0,0,0,0,1,1,1,1,not_detected,miliary,1,1,pulmonary,smear_positive_ptb,0,completed
6728,23,M,29.0,0,0,0,1,0,0,0,0,0,0,1,0,0,N/A,normal,0,0,none,not_tb,0,not_applicable
6729,29,F,20.2,0,0,0,1,0,0,0,1,0,0,1,0,0,N/A,normal,0,0,none,not_tb,0,not_applicable
6730,18,M,13.5,1,0,0,0,1,0,0,0,1,1,1,1,1,not_detected,cavity,1,1,pulmonary,smear_positive_ptb,0,cured
6731,49,F,23.0,0,0,0,1,0,0,0,1,0,1,1,0,0,N/A,infiltrate,1,0,none,not_tb,0,not_applicable
6732,59,M,17.1,0,1,5,0,1,1,0,0,1,1,3,1,1,not_detected,pleural_effusion,1,1,pulmonary,smear_positive_ptb,0,cured
6733,59,F,18.2,0,0,0,0,0,0,0,0,0,0,0,0,0,N/A,normal,0,0,none,not_tb,0,not_applicable
6734,30,F,21.0,0,0,0,0,1,0,0,0,0,0,1,0,0,N/A,normal,0,0,none,not_tb,0,not_applicable
6735,32,M,19.3,0,1,3,1,0,0,0,0,0,0,2,0,0,N/A,normal,0,0,none,not_tb,0,not_applicable
6736,43,F,19.6,0,0,0,0,0,0,0,0,0,0,0,0,0,N/A,normal,0,0,none,not_tb,0,not_applicable
6737,19,M,27.3,0,0,0,0,0,0,0,0,0,0,0,0,0,N/A,normal,0,0,none,not_tb,0,not_applicable
6738,45,F,22.4,0,1,4,0,0,0,0,0,0,0,1,0,1,not_detected,normal,0,0,none,not_tb,0,not_applicable
6739,32,F,17.8,0,1,2,0,1,0,0,1,1,1,2,0,1,not_detected,pleural_effusion,1,1,pulmonary,smear_negative_ptb,0,cured
6740,24,M,27.6,0,0,0,0,0,0,0,0,0,0,0,0,0,N/A,old_tb_scar,1,0,none,not_tb,0,not_applicable
6741,43,F,21.0,0,1,4,0,0,0,0,0,1,0,1,0,0,N/A,normal,0,0,none,not_tb,0,not_applicable
6742,32,M,15.4,0,1,4,0,0,0,0,0,1,1,1,1,1,not_detected,infiltrate,1,1,pulmonary,smear_positive_ptb,0,lost_to_followup
6743,43,M,17.4,0,0,0,0,0,0,0,0,0,0,0,0,0,N/A,normal,0,0,none,not_tb,0,not_applicable
6744,24,M,21.7,1,0,0,0,0,0,0,0,1,0,0,0,0,N/A,normal,0,0,none,not_tb,0,not_applicable
6745,27,M,14.4,0,0,0,0,0,1,0,1,1,0,1,1,1,not_detected,infiltrate,1,1,pulmonary,smear_positive_ptb,0,completed
6746,27,M,15.6,1,0,0,0,1,0,0,1,1,0,1,0,1,not_detected,infiltrate,1,1,pulmonary,smear_negative_ptb,0,cured
6747,17,F,20.7,0,0,0,1,0,0,0,0,0,0,1,0,0,N/A,old_tb_scar,1,0,none,not_tb,0,not_applicable
6748,49,M,21.3,0,1,4,0,0,1,0,1,1,1,2,0,1,not_detected,infiltrate,1,1,pulmonary,smear_negative_ptb,0,cured
6749,51,M,21.7,0,1,7,0,1,0,0,1,1,1,2,1,1,not_detected,pleural_effusion,1,1,pulmonary,smear_positive_ptb,0,cured
6750,45,F,24.3,1,0,0,0,0,0,0,0,0,0,0,0,0,N/A,normal,0,0,none,not_tb,0,not_applicable
6751,29,M,22.0,0,0,0,0,0,1,0,0,1,0,1,0,0,N/A,old_tb_scar,1,0,none,not_tb,0,not_applicable
6752,18,M,20.0,0,0,0,1,0,0,0,0,0,0,1,0,0,N/A,other_pathology,1,0,none,not_tb,0,not_applicable
6753,45,F,23.4,0,0,0,0,0,0,0,0,1,0,0,0,0,N/A,normal,0,0,none,not_tb,0,not_applicable
6754,31,F,23.0,0,1,2,1,0,0,0,0,1,0,2,1,1,not_detected,miliary,1,1,pulmonary,smear_positive_ptb,0,cured
6755,50,M,22.5,0,0,0,0,0,0,0,0,0,0,0,0,1,not_detected,normal,0,0,none,not_tb,0,not_applicable
6756,68,M,17.3,0,1,4,1,1,1,0,0,1,1,4,0,0,N/A,normal,0,1,pulmonary,smear_negative_ptb,0,cured
6757,32,F,21.4,0,1,4,0,0,1,0,0,0,1,2,0,0,N/A,normal,0,0,none,not_tb,0,not_applicable
6758,23,F,21.1,0,0,0,0,0,0,0,0,0,0,0,0,0,N/A,normal,0,0,none,not_tb,0,not_applicable
6759,64,M,19.9,0,1,3,1,1,0,0,0,1,1,3,0,0,N/A,infiltrate,1,1,pulmonary,smear_negative_ptb,0,cured
6760,43,M,19.3,0,0,0,0,0,0,1,0,0,0,0,0,0,N/A,normal,0,0,none,not_tb,0,not_applicable
6761,26,M,23.4,0,0,0,1,0,0,0,0,0,0,1,0,0,N/A,other_pathology,1,0,none,not_tb,0,not_applicable
6762,40,F,24.0,0,0,0,0,0,0,0,0,0,0,0,0,0,N/A,normal,0,0,none,not_tb,0,not_applicable
6763,33,F,23.2,1,0,0,0,0,0,0,0,0,1,0,0,0,N/A,normal,0,0,none,not_tb,0,not_applicable
6764,60,F,15.8,0,1,2,1,1,1,0,1,0,1,4,0,1,detected,infiltrate,1,1,pulmonary,smear_negative_ptb,1,lost_to_followup
6765,62,M,21.5,0,0,0,1,1,0,0,0,0,0,2,0,0,N/A,normal,0,0,none,not_tb,0,not_applicable
6766,48,F,20.2,1,0,0,0,0,0,0,0,0,0,0,0,0,N/A,normal,0,0,none,not_tb,0,not_applicable
6767,25,F,21.7,0,0,0,0,0,0,0,0,1,0,0,0,0,N/A,normal,0,0,none,not_tb,0,not_applicable
6768,55,M,16.8,0,1,7,1,1,1,0,0,0,0,4,0,1,not_detected,infiltrate,1,1,pulmonary,smear_negative_ptb,0,cured
6769,51,F,26.4,1,0,0,0,0,0,0,0,0,0,0,0,0,N/A,old_tb_scar,1,0,none,not_tb,0,not_applicable
6770,50,M,22.7,0,0,0,1,0,0,0,0,0,0,1,0,0,N/A,other_pathology,1,0,none,not_tb,0,not_applicable
6771,22,M,16.3,0,0,0,0,0,0,0,0,0,0,0,0,0,N/A,other_pathology,1,0,none,not_tb,0,not_applicable
6772,36,F,17.3,0,0,0,0,0,0,0,0,1,0,0,0,0,N/A,old_tb_scar,1,0,none,not_tb,0,not_applicable
6773,45,M,21.5,1,1,6,1,0,1,0,1,0,1,3,0,1,detected,infiltrate,1,1,pulmonary,smear_negative_ptb,1,cured
6774,41,F,21.4,0,0,0,0,0,0,0,0,1,0,0,0,1,not_detected,normal,0,0,none,not_tb,0,not_applicable
6775,48,M,17.5,0,1,3,0,0,0,0,1,1,1,1,1,1,not_detected,cavity,1,1,pulmonary,smear_positive_ptb,0,completed
6776,32,M,25.9,0,0,0,0,1,0,0,0,1,0,1,0,0,N/A,other_pathology,1,0,none,not_tb,0,not_applicable
6777,51,M,18.1,0,1,5,1,1,0,0,0,0,0,3,1,1,not_detected,infiltrate,1,1,pulmonary,smear_positive_ptb,0,cured
6778,33,M,17.8,0,0,0,0,0,0,0,1,0,0,0,0,0,N/A,normal,0,0,none,not_tb,0,not_applicable
6779,45,M,15.7,1,1,2,0,1,1,1,1,0,1,3,1,1,not_detected,infiltrate,1,1,pulmonary,smear_positive_ptb,0,cured
6780,36,F,24.2,0,0,0,1,0,0,0,0,0,0,1,0,0,N/A,old_tb_scar,1,0,none,not_tb,0,not_applicable
6781,35,M,29.1,0,0,0,0,0,0,0,1,0,0,0,0,0,N/A,normal,0,0,none,not_tb,0,not_applicable
6782,43,M,20.6,1,1,5,1,0,1,0,0,0,1,3,0,1,not_detected,miliary,1,1,pulmonary,smear_negative_ptb,0,completed
6783,48,F,20.7,1,0,0,0,0,0,0,0,0,0,0,0,0,N/A,other_pathology,1,0,none,not_tb,0,not_applicable
6784,36,M,21.2,0,0,0,0,0,0,0,0,0,0,0,0,0,N/A,other_pathology,1,0,none,not_tb,0,not_applicable
6785,29,F,22.2,0,0,0,0,0,0,0,0,0,1,0,0,0,N/A,other_pathology,1,0,none,not_tb,0,not_applicable
6786,54,M,13.5,0,0,0,0,0,0,0,0,1,1,0,0,1,not_detected,infiltrate,1,1,pulmonary,smear_negative_ptb,0,completed
6787,30,M,18.6,1,0,0,1,0,1,0,0,1,0,2,1,0,N/A,infiltrate,1,1,pulmonary,smear_positive_ptb,0,failed
6788,45,F,20.0,0,1,6,1,0,0,0,1,0,0,2,0,1,not_detected,infiltrate,1,1,pulmonary,smear_negative_ptb,0,lost_to_followup
6789,44,F,22.9,1,1,4,0,1,0,0,1,1,0,2,1,1,not_detected,cavity,1,1,pulmonary,smear_positive_ptb,0,completed
6790,54,F,25.8,0,0,0,0,0,0,0,0,0,0,0,0,1,not_detected,normal,0,0,none,not_tb,0,not_applicable
6791,34,M,28.8,0,0,0,0,0,0,0,0,0,0,0,0,0,N/A,normal,0,0,none,not_tb,0,not_applicable
6792,60,M,27.9,0,0,0,0,0,0,0,0,0,1,0,0,0,N/A,normal,0,0,none,not_tb,0,not_applicable
6793,56,F,26.9,0,1,5,1,0,0,0,0,0,0,2,0,0,N/A,normal,0,0,none,not_tb,0,not_applicable
6794,52,F,18.6,0,0,0,1,0,1,0,1,1,1,2,0,1,not_detected,pleural_effusion,1,1,extrapulmonary,extrapulmonary_tb,0,cured
6795,38,F,23.2,0,0,0,0,0,0,0,0,0,0,0,0,0,N/A,normal,0,0,none,not_tb,0,not_applicable
6796,43,M,14.3,0,1,7,0,1,0,0,0,1,0,2,1,1,not_detected,infiltrate,1,1,pulmonary,smear_positive_ptb,0,completed
6797,35,F,18.8,0,1,6,1,0,0,0,1,0,0,2,0,1,not_detected,cavity,1,1,pulmonary,smear_negative_ptb,0,died
6798,26,M,19.9,0,1,6,1,1,1,1,0,1,1,4,0,1,not_detected,normal,0,1,pulmonary,smear_negative_ptb,0,completed
6799,30,M,21.0,0,1,2,0,0,0,0,0,1,0,1,0,0,N/A,old_tb_scar,1,0,none,not_tb,0,not_applicable
6800,22,M,16.6,0,0,0,0,0,0,0,0,0,0,0,0,0,N/A,old_tb_scar,1,0,none,not_tb,0,not_applicable
6801,52,M,22.5,0,1,6,1,1,0,0,1,1,1,3,1,1,not_detected,infiltrate,1,1,pulmonary,smear_positive_ptb,0,lost_to_followup
6802,55,F,19.5,0,1,5,1,1,1,0,0,1,0,4,1,1,not_detected,infiltrate,1,1,pulmonary,smear_positive_ptb,0,completed
6803,27,M,28.0,0,1,2,0,0,0,0,0,0,0,1,0,0,N/A,normal,0,0,none,not_tb,0,not_applicable
6804,28,M,20.4,1,1,3,1,1,0,0,0,1,0,3,1,0,N/A,normal,0,1,pulmonary,smear_positive_ptb,0,completed
6805,26,F,21.9,0,1,7,0,0,0,1,0,1,0,1,0,1,not_detected,pleural_effusion,1,1,pulmonary,smear_negative_ptb,0,cured
6806,33,F,26.1,0,0,0,0,0,0,0,0,0,0,0,0,0,N/A,normal,0,0,none,not_tb,0,not_applicable
6807,33,M,16.8,1,0,0,1,1,0,0,0,1,1,2,1,1,not_detected,pleural_effusion,1,1,pulmonary,smear_positive_ptb,0,completed
6808,46,F,20.2,0,0,0,0,0,0,0,1,0,0,0,0,0,N/A,normal,0,0,none,not_tb,0,not_applicable
6809,46,M,20.5,0,0,0,0,0,0,0,1,0,0,0,0,1,detected,old_tb_scar,1,0,none,not_tb,0,not_applicable
6810,44,F,18.6,0,0,0,0,0,0,0,0,0,0,0,0,0,N/A,normal,0,0,none,not_tb,0,not_applicable
6811,45,M,28.2,0,0,0,0,0,0,0,0,0,1,0,0,0,N/A,other_pathology,1,0,none,not_tb,0,not_applicable
6812,56,M,18.6,0,1,7,0,0,0,0,0,1,0,1,0,0,N/A,infiltrate,1,1,pulmonary,smear_negative_ptb,0,cured
6813,39,M,19.6,0,1,4,0,1,0,1,0,0,1,2,1,1,not_detected,pleural_effusion,1,1,pulmonary,smear_positive_ptb,0,cured
6814,21,M,17.3,0,0,0,0,0,0,0,0,0,0,0,0,0,N/A,normal,0,0,none,not_tb,0,not_applicable
6815,37,M,20.5,0,1,6,1,0,0,0,0,1,1,2,0,0,N/A,normal,0,1,extrapulmonary,extrapulmonary_tb,0,cured
6816,55,M,20.6,0,0,0,0,0,0,0,0,0,0,0,0,0,N/A,normal,0,0,none,not_tb,0,not_applicable
6817,61,F,21.7,1,1,2,1,1,0,0,1,1,0,3,0,0,N/A,infiltrate,1,1,pulmonary,smear_negative_ptb,0,completed
6818,41,M,16.8,0,1,6,1,0,1,0,1,1,1,3,1,1,not_detected,infiltrate,1,1,pulmonary,smear_positive_ptb,0,cured
6819,20,M,26.7,0,0,0,0,1,0,0,1,0,0,1,0,0,N/A,normal,0,0,none,not_tb,0,not_applicable
6820,22,F,20.9,1,0,0,1,0,1,1,1,0,0,2,0,1,not_detected,infiltrate,1,1,pulmonary,smear_negative_ptb,0,completed
6821,36,F,20.4,0,0,0,1,0,0,0,1,0,0,1,0,0,N/A,normal,0,0,none,not_tb,0,not_applicable
6822,21,F,27.0,0,0,0,0,0,0,0,0,0,1,0,0,0,N/A,infiltrate,1,0,none,not_tb,0,not_applicable
6823,48,M,26.0,0,0,0,0,0,0,0,0,1,0,0,0,0,N/A,normal,0,0,none,not_tb,0,not_applicable
6824,28,M,23.7,1,1,5,0,0,0,0,0,0,0,1,0,1,not_detected,infiltrate,1,0,none,not_tb,0,not_applicable
6825,42,M,16.0,0,1,7,0,1,0,1,0,1,1,2,0,0,N/A,infiltrate,1,1,extrapulmonary,extrapulmonary_tb,1,cured
6826,36,M,24.8,0,0,0,0,0,0,0,0,0,0,0,0,0,N/A,normal,0,0,none,not_tb,0,not_applicable
6827,25,M,22.2,1,0,0,1,0,0,0,0,0,0,1,0,1,not_detected,normal,0,0,none,not_tb,0,not_applicable
6828,42,F,18.6,0,0,0,1,1,1,0,0,1,1,3,1,1,not_detected,pleural_effusion,1,1,pulmonary,smear_positive_ptb,0,cured
6829,47,F,22.3,0,0,0,0,0,0,0,0,0,0,0,0,0,N/A,normal,0,0,none,not_tb,0,not_applicable
6830,23,F,21.9,1,0,0,0,0,0,0,0,0,0,0,0,0,N/A,old_tb_scar,1,0,none,not_tb,0,not_applicable
6831,35,M,19.0,0,1,2,0,0,0,0,0,0,1,1,0,0,N/A,infiltrate,1,0,none,not_tb,0,not_applicable
6832,46,F,14.7,1,0,0,0,1,0,0,1,1,0,1,0,1,not_detected,cavity,1,1,pulmonary,smear_negative_ptb,0,cured
6833,24,M,14.2,0,1,3,0,1,1,0,0,1,0,3,1,0,N/A,normal,0,1,extrapulmonary,extrapulmonary_tb,0,cured
6834,34,F,23.0,0,0,0,0,0,0,0,0,1,0,0,0,0,N/A,normal,0,0,none,not_tb,0,not_applicable
6835,28,M,12.4,0,1,4,1,1,0,0,0,0,1,3,1,1,detected,pleural_effusion,1,1,pulmonary,smear_positive_ptb,1,died
6836,37,M,24.5,0,0,0,0,0,0,0,0,0,0,0,0,0,N/A,old_tb_scar,1,0,none,not_tb,0,not_applicable
6837,33,M,23.8,0,0,0,0,0,0,0,1,0,0,0,0,0,N/A,old_tb_scar,1,0,none,not_tb,0,not_applicable
6838,43,F,20.9,0,0,0,1,0,0,0,0,0,0,1,0,0,N/A,old_tb_scar,1,0,none,not_tb,0,not_applicable
6839,41,F,25.6,0,0,0,0,0,0,0,0,0,0,0,0,0,N/A,normal,0,0,none,not_tb,0,not_applicable
6840,59,F,17.8,0,1,8,0,0,1,0,1,1,1,2,0,1,not_detected,cavity,1,1,pulmonary,smear_negative_ptb,0,cured
6841,38,F,23.5,0,0,0,1,0,0,0,0,0,0,1,0,0,N/A,infiltrate,1,0,none,not_tb,0,not_applicable
6842,23,F,15.1,1,0,0,0,0,0,0,0,0,0,0,0,0,N/A,normal,0,0,none,not_tb,0,not_applicable
6843,66,F,14.2,0,0,0,0,0,0,0,0,1,1,0,0,0,N/A,normal,0,0,none,not_tb,0,not_applicable
6844,52,M,21.2,0,0,0,0,0,1,0,0,1,0,1,0,0,N/A,normal,0,0,none,not_tb,0,not_applicable
6845,35,F,19.6,1,1,4,1,1,0,0,0,1,1,3,0,1,not_detected,infiltrate,1,1,pulmonary,smear_negative_ptb,0,cured
6846,48,M,20.9,0,1,8,1,1,1,0,1,1,1,4,0,1,not_detected,cavity,1,1,pulmonary,smear_negative_ptb,0,cured
6847,47,M,21.4,1,1,4,0,0,0,0,0,0,0,1,0,0,N/A,normal,0,0,none,not_tb,0,not_applicable
6848,18,M,19.1,1,0,0,1,1,0,1,1,1,0,2,0,1,not_detected,cavity,1,1,pulmonary,smear_negative_ptb,0,died
6849,30,M,24.8,0,0,0,0,0,0,0,0,0,0,0,0,0,N/A,normal,0,0,none,not_tb,0,not_applicable
6850,50,F,21.6,0,0,0,0,0,0,0,0,1,0,0,0,0,N/A,infiltrate,1,0,none,not_tb,0,not_applicable
6851,16,F,20.0,0,1,6,0,0,1,0,0,1,0,2,1,1,not_detected,infiltrate,1,1,pulmonary,smear_positive_ptb,0,cured
6852,36,M,15.7,1,0,0,1,1,1,0,0,1,1,3,0,1,not_detected,normal,0,1,extrapulmonary,extrapulmonary_tb,0,lost_to_followup
6853,39,F,16.2,0,0,0,0,0,0,0,0,0,0,0,0,0,N/A,normal,0,0,none,not_tb,0,not_applicable
6854,37,M,17.2,0,1,9,0,0,1,0,0,0,1,2,1,1,not_detected,infiltrate,1,1,pulmonary,smear_positive_ptb,0,cured
6855,49,M,20.4,0,1,10,1,1,0,0,0,1,1,3,1,0,N/A,pleural_effusion,1,1,extrapulmonary,extrapulmonary_tb,0,cured
6856,44,M,16.7,1,0,0,0,0,0,0,1,1,0,0,0,1,not_detected,miliary,1,1,pulmonary,smear_negative_ptb,0,cured
6857,34,M,20.1,0,1,6,1,0,0,1,0,1,0,2,1,1,not_detected,infiltrate,1,1,pulmonary,smear_positive_ptb,1,cured
6858,37,M,18.4,1,0,0,0,0,0,0,0,0,0,0,0,0,N/A,other_pathology,1,0,none,not_tb,0,not_applicable
6859,16,M,20.0,0,1,3,0,0,1,0,0,0,0,2,0,0,N/A,normal,0,0,none,not_tb,0,not_applicable
6860,43,M,22.8,0,0,0,0,0,0,0,0,0,0,0,0,0,N/A,normal,0,0,none,not_tb,0,not_applicable
6861,34,M,19.7,0,1,7,0,0,0,0,0,1,0,1,0,0,N/A,normal,0,0,none,not_tb,0,not_applicable
6862,21,F,20.3,1,0,0,0,0,0,0,1,0,0,0,0,0,N/A,normal,0,0,none,not_tb,0,not_applicable
6863,33,M,12.0,1,1,5,1,1,0,1,1,1,0,3,0,1,detected,cavity,1,1,pulmonary,smear_negative_ptb,1,cured
6864,58,M,24.9,0,0,0,1,1,0,0,0,0,0,2,0,0,N/A,normal,0,0,none,not_tb,0,not_applicable
6865,20,M,21.6,0,0,0,0,0,0,0,0,0,0,0,0,0,N/A,normal,0,0,none,not_tb,0,not_applicable
6866,35,M,18.7,0,0,0,0,0,0,0,1,0,0,0,1,0,N/A,old_tb_scar,1,0,none,not_tb,0,not_applicable
6867,57,M,28.4,0,0,0,0,0,0,0,1,1,0,0,0,0,N/A,normal,0,0,none,not_tb,0,not_applicable
6868,52,M,16.5,1,0,0,1,1,0,1,1,1,0,2,1,1,not_detected,infiltrate,1,1,pulmonary,smear_positive_ptb,0,died
6869,49,F,20.2,0,0,0,0,0,0,0,0,0,0,0,0,0,N/A,normal,0,0,none,not_tb,0,not_applicable
6870,47,M,16.1,0,1,6,1,0,1,0,1,1,1,3,1,1,not_detected,infiltrate,1,1,pulmonary,smear_positive_ptb,0,cured
6871,62,F,25.9,0,1,2,0,0,0,0,0,0,0,1,0,0,N/A,infiltrate,1,0,none,not_tb,0,not_applicable
6872,51,M,27.0,0,0,0,1,0,0,0,0,0,0,1,0,0,N/A,normal,0,0,none,not_tb,0,not_applicable
6873,23,M,26.7,0,0,0,1,0,1,0,0,0,0,2,0,0,N/A,normal,0,0,none,not_tb,0,not_applicable
6874,45,M,26.6,0,0,0,0,0,0,0,0,1,0,0,0,0,N/A,normal,0,0,none,not_tb,0,not_applicable
6875,21,M,19.9,1,0,0,0,0,0,0,0,0,1,0,0,0,N/A,old_tb_scar,1,0,none,not_tb,0,not_applicable
6876,37,M,27.9,0,0,0,0,0,0,0,0,0,0,0,0,0,N/A,normal,0,0,none,not_tb,0,not_applicable
6877,41,M,18.0,1,1,4,0,0,1,0,0,1,1,2,1,1,not_detected,infiltrate,1,1,pulmonary,smear_positive_ptb,0,cured
6878,54,M,16.6,0,1,4,1,0,0,0,0,0,0,2,0,0,N/A,normal,0,0,none,not_tb,0,not_applicable
6879,18,F,17.4,0,0,0,1,1,1,0,0,1,1,3,1,1,not_detected,pleural_effusion,1,1,pulmonary,smear_positive_ptb,0,cured
6880,33,M,19.3,1,1,3,0,1,1,0,1,1,1,3,0,1,not_detected,cavity,1,1,pulmonary,smear_negative_ptb,0,lost_to_followup
6881,47,M,16.9,1,0,0,1,0,1,0,1,1,0,2,0,1,not_detected,cavity,1,1,pulmonary,smear_negative_ptb,0,died
6882,17,F,22.5,0,0,0,1,0,0,0,0,0,0,1,0,0,N/A,normal,0,0,none,not_tb,0,not_applicable
6883,53,M,23.9,0,0,0,0,0,0,0,0,0,0,0,0,0,N/A,old_tb_scar,1,0,none,not_tb,0,not_applicable
6884,25,F,23.4,0,0,0,1,0,1,0,0,0,0,2,0,0,N/A,other_pathology,1,0,none,not_tb,0,not_applicable
6885,47,F,24.3,0,0,0,0,0,0,0,0,0,0,0,0,0,N/A,other_pathology,1,0,none,not_tb,0,not_applicable
6886,38,F,21.4,0,0,0,0,0,0,0,0,0,0,0,0,0,N/A,normal,0,0,none,not_tb,0,not_applicable
6887,45,M,19.5,0,0,0,0,0,0,0,0,0,1,0,0,0,N/A,normal,0,0,none,not_tb,0,not_applicable
6888,24,M,14.8,1,1,3,0,1,0,1,1,1,0,2,1,1,not_detected,infiltrate,1,1,pulmonary,smear_positive_ptb,0,died
6889,38,F,21.7,0,0,0,0,0,0,0,0,0,0,0,0,0,N/A,other_pathology,1,0,none,not_tb,0,not_applicable
6890,30,F,17.2,1,1,2,0,0,1,0,1,1,0,2,1,1,detected,infiltrate,1,1,pulmonary,smear_positive_ptb,1,completed
6891,37,F,18.2,0,1,4,0,1,1,0,1,0,1,3,1,1,not_detected,cavity,1,1,pulmonary,smear_positive_ptb,0,cured
6892,29,M,13.3,0,1,3,0,0,1,0,1,1,1,2,0,1,detected,normal,0,1,extrapulmonary,extrapulmonary_tb,0,completed
6893,35,M,16.7,1,0,0,0,0,0,0,0,0,0,0,0,0,N/A,infiltrate,1,0,none,not_tb,0,not_applicable
6894,32,M,23.8,1,0,0,0,0,1,0,0,0,0,1,0,0,N/A,normal,0,0,none,not_tb,0,not_applicable
6895,51,M,16.3,0,0,0,1,0,0,0,0,0,1,1,0,0,N/A,infiltrate,1,0,none,not_tb,0,not_applicable
6896,33,M,21.3,0,1,3,0,0,0,0,0,0,0,1,0,0,N/A,infiltrate,1,0,none,not_tb,0,not_applicable
6897,34,F,16.4,0,1,5,1,0,1,0,0,1,1,3,1,1,detected,pleural_effusion,1,1,pulmonary,smear_positive_ptb,1,completed
6898,34,M,18.9,0,0,0,0,0,0,0,0,1,0,0,0,0,N/A,normal,0,0,none,not_tb,0,not_applicable
6899,27,F,22.3,0,0,0,0,0,0,0,0,0,0,0,0,0,N/A,normal,0,0,none,not_tb,0,not_applicable
6900,33,F,18.6,1,0,0,1,0,0,0,0,1,0,1,0,0,N/A,normal,0,1,extrapulmonary,extrapulmonary_tb,0,died
6901,45,M,19.9,1,0,0,1,0,0,0,1,1,1,1,0,1,not_detected,normal,0,1,extrapulmonary,extrapulmonary_tb,0,lost_to_followup
6902,17,M,15.7,0,1,5,1,1,1,0,1,0,0,4,1,1,detected,infiltrate,1,1,pulmonary,smear_positive_ptb,0,completed
6903,44,F,16.3,0,1,8,1,0,0,0,0,0,0,2,1,1,not_detected,infiltrate,1,1,pulmonary,smear_positive_ptb,0,completed
6904,29,M,21.3,1,0,0,1,1,1,0,0,1,0,3,0,1,not_detected,cavity,1,1,pulmonary,smear_negative_ptb,0,lost_to_followup
6905,48,M,21.2,1,0,0,0,0,0,0,1,1,0,0,0,0,N/A,normal,0,0,none,not_tb,0,not_applicable
6906,25,F,23.3,0,0,0,0,0,0,0,0,0,0,0,0,0,N/A,old_tb_scar,1,0,none,not_tb,0,not_applicable
6907,35,F,17.3,0,0,0,1,0,0,0,0,0,0,1,1,1,not_detected,cavity,1,1,pulmonary,smear_positive_ptb,0,completed
6908,37,F,23.6,0,0,0,0,0,0,0,0,0,0,0,0,0,N/A,other_pathology,1,0,none,not_tb,0,not_applicable
6909,39,F,13.3,0,0,0,0,0,0,0,1,0,0,0,0,0,N/A,normal,0,0,none,not_tb,0,not_applicable
6910,29,M,26.0,0,0,0,0,0,1,0,0,0,1,1,0,0,N/A,normal,0,0,none,not_tb,0,not_applicable
6911,44,F,20.4,0,0,0,0,0,0,0,1,0,0,0,0,0,N/A,other_pathology,1,0,none,not_tb,0,not_applicable
6912,32,F,17.6,0,1,2,0,0,0,0,0,0,0,1,0,0,N/A,old_tb_scar,1,0,none,not_tb,0,not_applicable
6913,31,F,18.3,0,0,0,0,0,0,0,1,0,1,0,0,0,N/A,normal,0,0,none,not_tb,0,not_applicable
6914,36,F,21.1,0,0,0,0,0,0,0,0,0,0,0,0,0,N/A,normal,0,0,none,not_tb,0,not_applicable
6915,40,F,21.6,0,0,0,0,0,0,0,0,1,0,0,0,0,N/A,infiltrate,1,0,none,not_tb,0,not_applicable
6916,50,F,18.9,0,1,3,1,0,1,0,1,1,1,3,0,1,not_detected,infiltrate,1,1,pulmonary,smear_negative_ptb,0,cured
6917,40,M,15.5,1,1,5,1,1,0,0,0,1,1,3,0,1,not_detected,infiltrate,1,1,pulmonary,smear_negative_ptb,0,died
6918,42,F,25.0,1,0,0,0,0,0,0,0,0,0,0,0,0,N/A,other_pathology,1,0,none,not_tb,0,not_applicable
6919,34,M,20.2,1,1,4,0,0,1,0,1,0,0,2,0,0,N/A,old_tb_scar,1,0,none,not_tb,0,not_applicable
6920,44,F,17.1,1,0,0,1,1,1,0,0,1,0,3,0,1,not_detected,pleural_effusion,1,1,pulmonary,smear_negative_ptb,0,completed
6921,47,F,21.2,0,1,2,0,0,0,0,0,1,0,1,0,0,N/A,normal,0,0,none,not_tb,0,not_applicable
6922,47,F,24.3,0,0,0,0,0,0,0,0,1,0,0,0,0,N/A,normal,0,0,none,not_tb,0,not_applicable
6923,31,M,21.9,0,0,0,0,0,0,0,0,1,1,0,0,0,N/A,normal,0,0,none,not_tb,0,not_applicable
6924,46,M,17.1,0,1,5,1,1,1,0,0,1,1,4,0,1,not_detected,cavity,1,1,pulmonary,smear_negative_ptb,0,died
6925,57,M,20.9,0,0,0,0,0,0,0,0,0,0,0,0,0,N/A,normal,0,0,none,not_tb,0,not_applicable
6926,22,M,26.3,0,0,0,0,0,0,0,0,1,0,0,0,0,N/A,normal,0,0,none,not_tb,0,not_applicable
6927,23,M,21.1,1,1,4,0,0,1,0,0,0,0,2,0,0,N/A,normal,0,1,extrapulmonary,extrapulmonary_tb,0,cured
6928,49,F,23.3,1,0,0,0,0,0,0,0,1,0,0,0,0,N/A,infiltrate,1,0,none,not_tb,0,not_applicable
6929,39,M,22.5,1,0,0,0,0,0,0,0,0,0,0,0,0,N/A,normal,0,0,none,not_tb,0,not_applicable
6930,25,F,30.1,0,0,0,0,0,0,0,0,0,0,0,0,0,N/A,normal,0,0,none,not_tb,0,not_applicable
6931,30,M,23.6,1,0,0,0,0,0,0,0,0,0,0,0,0,N/A,old_tb_scar,1,0,none,not_tb,0,not_applicable
6932,35,F,22.6,1,0,0,0,0,0,0,0,0,0,0,0,0,N/A,normal,0,0,none,not_tb,0,not_applicable
6933,42,M,18.0,0,1,6,0,1,0,0,0,1,1,2,1,1,not_detected,infiltrate,1,1,pulmonary,smear_positive_ptb,0,failed
6934,35,F,19.4,0,1,6,1,0,1,0,0,1,0,3,0,0,N/A,infiltrate,1,1,pulmonary,smear_negative_ptb,0,cured
6935,68,F,12.0,0,0,0,0,0,0,0,0,0,0,0,0,0,N/A,normal,0,0,none,not_tb,0,not_applicable
6936,44,F,25.6,0,0,0,0,0,0,0,1,0,0,0,0,0,N/A,normal,0,0,none,not_tb,0,not_applicable
6937,69,F,17.5,0,0,0,0,0,0,0,0,0,0,0,0,0,N/A,old_tb_scar,1,0,none,not_tb,0,not_applicable
6938,48,M,19.5,0,0,0,1,0,0,0,0,0,0,1,0,0,N/A,other_pathology,1,0,none,not_tb,0,not_applicable
6939,27,M,17.1,1,0,0,0,0,0,0,0,0,0,0,0,0,N/A,normal,0,0,none,not_tb,0,not_applicable
6940,73,M,16.7,0,0,0,1,1,1,0,0,0,0,3,1,1,not_detected,normal,0,1,pulmonary,smear_positive_ptb,0,cured
6941,30,F,17.6,0,1,5,1,1,1,0,1,1,1,4,0,1,not_detected,normal,0,1,pulmonary,smear_negative_ptb,0,died
6942,20,M,20.7,1,1,3,1,0,0,0,1,1,0,2,0,1,detected,infiltrate,1,1,pulmonary,smear_negative_ptb,1,lost_to_followup
6943,65,M,26.5,0,0,0,0,0,0,0,0,0,0,0,0,0,N/A,normal,0,0,none,not_tb,0,not_applicable
6944,37,F,28.8,0,0,0,0,0,0,0,0,0,0,0,0,0,N/A,infiltrate,1,0,none,not_tb,0,not_applicable
6945,49,M,22.4,0,0,0,0,0,0,0,0,0,1,0,0,0,N/A,normal,0,0,none,not_tb,0,not_applicable
6946,27,F,21.2,0,0,0,0,0,0,0,1,0,0,0,0,0,N/A,normal,0,0,none,not_tb,0,not_applicable
6947,42,F,24.7,0,0,0,0,0,0,0,1,0,0,0,0,0,N/A,old_tb_scar,1,0,none,not_tb,0,not_applicable
6948,48,F,19.0,0,0,0,0,0,0,0,1,0,0,0,0,0,N/A,normal,0,0,none,not_tb,0,not_applicable
6949,38,F,16.1,1,1,5,1,1,0,0,0,1,1,3,0,1,not_detected,cavity,1,1,pulmonary,smear_negative_ptb,0,completed
6950,41,F,20.7,0,0,0,1,0,0,0,0,0,1,1,0,0,N/A,normal,0,0,none,not_tb,0,not_applicable
6951,28,F,21.9,0,0,0,1,0,1,0,0,0,0,2,0,0,N/A,normal,0,0,none,not_tb,0,not_applicable
6952,46,F,14.8,0,0,0,0,0,0,0,0,0,0,0,0,0,N/A,infiltrate,1,0,none,not_tb,0,not_applicable
6953,52,M,21.2,0,0,0,1,0,0,0,1,1,0,1,0,1,detected,infiltrate,1,1,pulmonary,smear_negative_ptb,0,cured
6954,38,F,22.8,0,0,0,0,0,1,0,0,1,0,1,0,0,N/A,infiltrate,1,0,none,not_tb,0,not_applicable
6955,16,F,24.8,1,0,0,0,0,0,0,0,0,0,0,0,0,N/A,normal,0,0,none,not_tb,0,not_applicable
6956,33,M,16.5,1,0,0,1,0,0,0,0,0,0,1,0,0,N/A,other_pathology,1,0,none,not_tb,0,not_applicable
6957,35,M,19.7,0,0,0,0,0,0,0,0,0,0,0,0,0,N/A,normal,0,0,none,not_tb,0,not_applicable
6958,26,M,19.5,0,0,0,0,0,0,0,0,1,0,0,0,0,N/A,normal,0,0,none,not_tb,0,not_applicable
6959,47,M,21.3,1,0,0,0,1,0,0,0,0,0,1,0,0,N/A,normal,0,0,none,not_tb,0,not_applicable
6960,46,F,21.9,0,0,0,1,0,0,0,0,0,0,1,0,0,N/A,normal,0,0,none,not_tb,0,not_applicable
6961,34,M,25.0,0,1,3,0,0,0,0,0,0,0,1,0,0,N/A,old_tb_scar,1,0,none,not_tb,0,not_applicable
6962,57,M,22.3,0,0,0,0,0,0,0,0,0,0,0,0,0,N/A,normal,0,0,none,not_tb,0,not_applicable
6963,46,M,19.4,0,0,0,0,0,1,0,0,0,0,1,0,0,N/A,normal,0,0,none,not_tb,0,not_applicable
6964,46,M,29.7,0,0,0,1,0,0,0,0,0,0,1,0,0,N/A,other_pathology,1,0,none,not_tb,0,not_applicable
6965,51,M,21.1,0,0,0,0,0,0,0,0,0,0,0,0,0,N/A,normal,0,0,none,not_tb,0,not_applicable
6966,46,M,18.8,0,0,0,0,0,0,0,0,0,0,0,0,0,N/A,normal,0,0,none,not_tb,0,not_applicable
6967,27,M,13.8,0,1,4,1,1,0,0,1,1,0,3,0,1,not_detected,infiltrate,1,1,pulmonary,smear_negative_ptb,0,completed
6968,56,M,18.7,1,1,4,0,1,0,0,0,1,1,2,1,1,not_detected,cavity,1,1,pulmonary,smear_positive_ptb,0,cured
6969,36,F,24.4,0,0,0,0,0,0,0,0,0,0,0,0,0,N/A,other_pathology,1,0,none,not_tb,0,not_applicable
6970,39,M,18.0,0,0,0,0,0,0,0,0,0,0,0,0,0,N/A,normal,0,0,none,not_tb,0,not_applicable
6971,30,F,24.2,0,1,2,0,0,0,0,0,0,0,1,1,0,N/A,normal,0,0,none,not_tb,0,not_applicable
6972,17,M,22.3,0,0,0,0,0,0,0,0,1,0,0,0,0,N/A,old_tb_scar,1,0,none,not_tb,0,not_applicable
6973,52,M,15.8,1,0,0,0,0,0,0,1,1,1,0,0,0,N/A,normal,0,0,none,not_tb,0,not_applicable
6974,29,F,24.2,0,1,2,0,0,0,0,0,0,0,1,0,0,N/A,other_pathology,1,0,none,not_tb,0,not_applicable
6975,29,M,21.1,1,0,0,0,0,0,0,0,0,0,0,0,0,N/A,other_pathology,1,0,none,not_tb,0,not_applicable
6976,50,M,18.1,1,0,0,0,0,0,0,0,0,1,0,0,0,N/A,normal,0,0,none,not_tb,0,not_applicable
6977,53,F,25.3,0,0,0,0,0,0,0,0,0,0,0,0,0,N/A,normal,0,0,none,not_tb,0,not_applicable
6978,39,M,25.3,0,0,0,0,0,0,0,0,0,1,0,0,0,N/A,old_tb_scar,1,0,none,not_tb,0,not_applicable
6979,24,F,18.0,0,0,0,1,0,0,0,0,0,0,1,0,0,N/A,normal,0,0,none,not_tb,0,not_applicable
6980,49,F,19.2,0,1,5,1,0,1,0,0,1,1,3,0,0,N/A,pleural_effusion,1,1,pulmonary,smear_negative_ptb,1,died
6981,22,F,19.0,1,0,0,1,1,0,0,1,1,0,2,0,1,not_detected,infiltrate,1,1,pulmonary,smear_negative_ptb,0,failed
6982,57,F,18.3,1,1,5,1,0,1,0,1,0,0,3,0,1,not_detected,infiltrate,1,1,pulmonary,smear_negative_ptb,0,cured
6983,25,M,17.2,1,0,0,1,0,1,0,1,1,1,2,0,0,N/A,normal,0,1,extrapulmonary,extrapulmonary_tb,0,cured
6984,47,F,21.5,0,1,3,0,0,0,0,0,0,0,1,0,0,N/A,normal,0,0,none,not_tb,0,not_applicable
6985,58,M,20.8,0,1,5,1,0,1,0,1,0,0,3,1,1,not_detected,pleural_effusion,1,1,pulmonary,smear_positive_ptb,0,cured
6986,62,F,19.5,1,1,8,0,1,0,0,1,1,1,2,0,1,not_detected,infiltrate,1,1,pulmonary,smear_negative_ptb,0,completed
6987,30,F,15.3,0,0,0,1,0,0,0,0,0,0,1,0,0,N/A,infiltrate,1,0,none,not_tb,0,not_applicable
6988,26,M,14.5,0,0,0,0,0,0,0,0,0,1,0,0,0,N/A,old_tb_scar,1,0,none,not_tb,0,not_applicable
6989,57,M,15.5,0,0,0,0,0,0,0,1,0,0,0,0,0,N/A,normal,0,0,none,not_tb,0,not_applicable
6990,35,M,17.2,0,0,0,0,0,0,0,0,0,0,0,0,0,N/A,normal,0,0,none,not_tb,0,not_applicable
6991,17,M,19.4,0,1,2,0,0,0,0,0,1,0,1,0,0,N/A,normal,0,0,none,not_tb,0,not_applicable
6992,37,M,20.4,0,1,4,1,0,0,0,0,0,0,2,0,0,N/A,normal,0,0,none,not_tb,0,not_applicable
6993,22,F,21.8,0,0,0,0,0,0,0,0,1,0,0,0,0,N/A,normal,0,0,none,not_tb,0,not_applicable
6994,50,M,18.4,0,1,8,1,1,0,0,0,1,1,3,0,1,not_detected,cavity,1,1,pulmonary,smear_negative_ptb,0,cured
6995,32,F,21.8,1,0,0,0,0,0,0,0,0,0,0,0,0,N/A,normal,0,0,none,not_tb,0,not_applicable
6996,18,F,26.0,0,0,0,0,0,0,0,0,0,0,0,0,0,N/A,normal,0,0,none,not_tb,0,not_applicable
6997,48,F,16.1,0,0,0,0,0,1,0,0,0,0,1,0,0,N/A,other_pathology,1,0,none,not_tb,0,not_applicable
6998,48,M,19.3,0,0,0,1,0,1,0,0,1,0,2,1,1,not_detected,cavity,1,1,pulmonary,smear_positive_ptb,0,cured
6999,42,F,23.2,0,0,0,1,0,0,0,0,0,0,1,0,0,N/A,infiltrate,1,0,none,not_tb,0,not_applicable
7000,37,F,17.6,0,0,0,0,0,0,0,0,0,0,0,0,0,N/A,normal,0,0,none,not_tb,0,not_applicable
7001,80,F,19.8,1,1,4,0,0,1,0,0,1,0,2,0,0,N/A,normal,0,1,extrapulmonary,extrapulmonary_tb,1,failed
7002,24,F,19.4,1,1,3,1,0,1,0,1,1,0,3,0,1,not_detected,normal,0,1,pulmonary,smear_negative_ptb,0,lost_to_followup
7003,64,F,21.8,0,1,7,0,0,0,0,0,0,0,1,0,0,N/A,normal,0,0,none,not_tb,0,not_applicable
7004,45,M,12.5,0,1,10,1,1,0,0,1,1,1,3,1,0,N/A,cavity,1,1,pulmonary,smear_positive_ptb,0,cured
7005,31,F,20.9,1,0,0,0,0,0,0,1,0,0,0,1,0,N/A,infiltrate,1,1,extrapulmonary,extrapulmonary_tb,0,cured
7006,28,M,22.8,0,0,0,0,0,0,0,0,0,0,0,0,0,N/A,normal,0,0,none,not_tb,0,not_applicable
7007,16,F,23.4,0,0,0,0,0,0,0,0,1,0,0,0,0,N/A,normal,0,0,none,not_tb,0,not_applicable
7008,41,M,12.0,0,0,0,0,0,0,0,0,0,0,0,0,0,N/A,other_pathology,1,0,none,not_tb,0,not_applicable
7009,60,M,20.1,0,0,0,0,0,0,0,0,0,1,0,0,0,N/A,normal,0,0,none,not_tb,0,not_applicable
7010,42,M,14.9,1,1,5,1,0,0,0,1,1,0,2,1,1,not_detected,cavity,1,1,pulmonary,smear_positive_ptb,0,completed
7011,51,M,21.7,1,0,0,0,1,0,0,0,0,1,1,0,1,not_detected,cavity,1,1,pulmonary,smear_negative_ptb,0,failed
7012,41,F,18.1,0,0,0,0,0,0,0,0,0,0,0,0,0,N/A,normal,0,0,none,not_tb,0,not_applicable
7013,45,M,27.2,0,0,0,0,0,0,0,0,0,0,0,0,0,N/A,normal,0,0,none,not_tb,0,not_applicable
7014,32,F,25.3,0,0,0,0,0,0,0,0,0,0,0,0,0,N/A,normal,0,0,none,not_tb,0,not_applicable
7015,30,M,19.1,1,1,6,0,1,0,0,1,1,0,2,1,1,detected,cavity,1,1,pulmonary,smear_positive_ptb,1,failed
7016,40,F,26.0,0,0,0,0,0,0,0,0,0,0,0,0,0,N/A,normal,0,0,none,not_tb,0,not_applicable
7017,19,M,18.7,0,0,0,0,1,0,0,1,0,0,1,0,0,N/A,other_pathology,1,0,none,not_tb,0,not_applicable
7018,63,M,19.3,0,0,0,0,0,0,0,0,0,0,0,0,0,N/A,normal,0,0,none,not_tb,0,not_applicable
7019,23,M,25.2,0,0,0,0,0,0,0,0,0,0,0,0,0,N/A,normal,0,0,none,not_tb,0,not_applicable
7020,22,M,18.7,0,0,0,0,0,0,0,1,0,0,0,0,0,N/A,other_pathology,1,0,none,not_tb,0,not_applicable
7021,27,F,17.4,1,0,0,0,0,0,0,0,1,0,0,0,0,N/A,normal,0,0,none,not_tb,0,not_applicable
7022,35,F,20.9,1,0,0,0,0,0,0,0,0,1,0,0,0,N/A,old_tb_scar,1,0,none,not_tb,0,not_applicable
7023,25,M,18.9,0,0,0,0,0,0,0,0,0,0,0,0,0,N/A,normal,0,0,none,not_tb,0,not_applicable
7024,38,M,28.5,1,0,0,1,0,0,0,0,0,0,1,0,0,N/A,old_tb_scar,1,0,none,not_tb,0,not_applicable
7025,63,M,24.7,1,0,0,0,0,0,0,0,0,0,0,0,0,N/A,normal,0,0,none,not_tb,0,not_applicable
7026,48,M,20.0,0,0,0,1,0,0,0,0,0,0,1,0,0,N/A,old_tb_scar,1,0,none,not_tb,0,not_applicable
7027,44,F,16.0,1,1,4,0,0,1,0,1,1,0,2,1,1,not_detected,infiltrate,1,1,pulmonary,smear_positive_ptb,0,lost_to_followup
7028,64,M,23.2,0,0,0,0,0,0,0,0,1,0,0,0,0,N/A,normal,0,0,none,not_tb,0,not_applicable
7029,33,F,26.2,0,0,0,1,0,0,0,0,0,0,1,0,0,N/A,normal,0,0,none,not_tb,0,not_applicable
7030,39,F,23.0,0,0,0,0,0,1,0,0,0,0,1,0,0,N/A,normal,0,0,none,not_tb,0,not_applicable
7031,37,M,16.1,1,1,6,0,1,1,0,0,1,0,3,0,0,N/A,infiltrate,1,1,pulmonary,smear_negative_ptb,0,died
7032,50,M,17.0,0,0,0,0,0,0,0,0,0,0,0,0,0,N/A,normal,0,0,none,not_tb,0,not_applicable
7033,37,M,20.7,0,0,0,0,0,0,0,0,0,0,0,0,0,N/A,normal,0,0,none,not_tb,0,not_applicable
7034,34,M,23.1,0,0,0,0,0,0,0,0,1,0,0,0,0,N/A,normal,0,0,none,not_tb,0,not_applicable
7035,46,M,17.3,0,1,5,1,1,1,0,0,0,0,4,1,1,not_detected,infiltrate,1,1,pulmonary,smear_positive_ptb,0,completed
7036,47,F,25.5,0,0,0,1,0,0,0,0,1,0,1,0,0,N/A,normal,0,0,none,not_tb,0,not_applicable
7037,47,M,19.8,1,1,5,0,0,1,0,0,1,1,2,1,1,not_detected,infiltrate,1,1,pulmonary,smear_positive_ptb,0,died
7038,45,F,19.1,1,1,7,0,1,0,0,0,1,0,2,0,0,N/A,pleural_effusion,1,1,extrapulmonary,extrapulmonary_tb,0,died
7039,29,F,23.8,0,0,0,0,0,0,0,0,1,0,0,0,0,N/A,other_pathology,1,0,none,not_tb,0,not_applicable
7040,40,F,17.1,0,0,0,0,0,0,0,1,0,0,0,0,0,N/A,normal,0,0,none,not_tb,0,not_applicable
7041,43,F,20.3,0,0,0,0,0,0,0,0,0,0,0,0,0,N/A,normal,0,0,none,not_tb,0,not_applicable
7042,29,M,15.9,1,0,0,0,0,0,1,0,0,0,0,0,1,not_detected,miliary,1,1,pulmonary,smear_negative_ptb,0,lost_to_followup
7043,47,M,19.5,1,1,7,0,0,0,0,0,1,1,1,0,1,not_detected,infiltrate,1,1,pulmonary,smear_negative_ptb,0,lost_to_followup
7044,49,M,18.4,0,0,0,1,0,0,0,0,0,0,1,0,0,N/A,old_tb_scar,1,0,none,not_tb,0,not_applicable
7045,47,F,22.3,0,0,0,0,0,0,0,0,0,0,0,0,0,N/A,normal,0,0,none,not_tb,0,not_applicable
7046,53,F,18.1,1,1,5,0,0,0,0,1,1,1,1,0,0,N/A,pleural_effusion,1,1,extrapulmonary,extrapulmonary_tb,0,completed
7047,32,M,24.1,0,0,0,0,0,0,0,0,0,0,0,0,0,N/A,normal,0,0,none,not_tb,0,not_applicable
7048,24,M,17.8,0,0,0,0,0,0,0,0,0,0,0,0,0,N/A,infiltrate,1,0,none,not_tb,0,not_applicable
7049,52,M,19.6,1,1,8,1,0,1,0,1,1,1,3,1,1,not_detected,infiltrate,1,1,pulmonary,smear_positive_ptb,0,completed
7050,26,M,18.3,0,0,0,0,0,0,0,0,0,0,0,0,0,N/A,normal,0,0,none,not_tb,0,not_applicable
7051,23,F,18.6,1,0,0,0,0,0,0,0,1,0,0,0,0,N/A,normal,0,0,none,not_tb,0,not_applicable
7052,25,M,18.1,0,1,4,1,1,0,0,0,1,1,3,0,1,not_detected,infiltrate,1,1,pulmonary,smear_negative_ptb,0,cured
7053,39,M,26.2,1,0,0,0,0,0,0,0,0,0,0,0,0,N/A,normal,0,0,none,not_tb,0,not_applicable
7054,29,M,19.1,0,0,0,0,0,0,0,0,0,0,0,0,0,N/A,normal,0,0,none,not_tb,0,not_applicable
7055,28,M,14.1,1,0,0,1,1,1,0,0,1,0,3,0,1,not_detected,normal,0,1,extrapulmonary,extrapulmonary_tb,0,cured
7056,20,M,16.1,0,1,2,1,0,1,0,1,1,1,3,1,1,not_detected,cavity,1,1,pulmonary,smear_positive_ptb,0,cured
7057,19,F,17.5,0,1,5,0,1,1,0,0,1,0,3,1,1,not_detected,cavity,1,1,pulmonary,smear_positive_ptb,0,cured
7058,44,M,28.5,0,0,0,0,0,0,0,0,0,0,0,0,0,N/A,normal,0,0,none,not_tb,0,not_applicable
7059,51,F,23.4,0,0,0,0,0,0,0,0,0,1,0,0,0,N/A,normal,0,0,none,not_tb,0,not_applicable
7060,48,M,19.4,0,0,0,0,0,0,0,0,0,0,0,0,0,N/A,normal,0,0,none,not_tb,0,not_applicable
7061,34,M,21.5,1,0,0,0,0,0,0,0,0,0,0,0,0,N/A,normal,0,0,none,not_tb,0,not_applicable
7062,56,M,27.5,0,0,0,0,0,0,0,1,0,0,0,0,0,N/A,old_tb_scar,1,0,none,not_tb,0,not_applicable
7063,52,M,21.2,0,0,0,0,0,0,0,0,1,0,0,0,0,N/A,normal,0,0,none,not_tb,0,not_applicable
7064,41,M,21.2,0,0,0,0,0,0,0,1,0,0,0,0,0,N/A,normal,0,0,none,not_tb,0,not_applicable
7065,52,M,20.6,0,0,0,0,0,0,0,0,1,0,0,0,0,N/A,normal,0,0,none,not_tb,0,not_applicable
7066,23,F,24.4,1,0,0,0,0,0,1,0,0,0,0,0,0,N/A,normal,0,0,none,not_tb,0,not_applicable
7067,44,F,20.2,0,0,0,0,0,1,0,0,1,0,1,0,0,N/A,other_pathology,1,0,none,not_tb,0,not_applicable
7068,22,F,20.7,1,1,2,0,1,0,0,0,0,1,2,1,1,not_detected,cavity,1,1,pulmonary,smear_positive_ptb,0,died
7069,60,M,21.2,1,1,3,1,1,0,0,0,1,0,3,1,1,not_detected,normal,0,1,pulmonary,smear_positive_ptb,0,cured
7070,33,F,24.1,0,0,0,0,0,0,0,0,1,0,0,0,0,N/A,normal,0,0,none,not_tb,0,not_applicable
7071,31,F,21.2,1,0,0,1,1,0,0,0,1,0,2,0,0,N/A,normal,0,0,none,not_tb,0,not_applicable
7072,31,M,17.1,1,0,0,0,0,0,0,0,0,1,0,0,0,N/A,normal,0,0,none,not_tb,0,not_applicable
7073,35,M,21.2,1,0,0,0,0,0,0,0,1,0,0,0,0,N/A,old_tb_scar,1,0,none,not_tb,0,not_applicable
7074,45,M,19.7,0,0,0,0,0,0,0,0,0,1,0,0,0,N/A,infiltrate,1,0,none,not_tb,0,not_applicable
7075,54,F,16.6,0,1,5,1,1,1,0,1,1,1,4,1,1,not_detected,cavity,1,1,pulmonary,smear_positive_ptb,0,cured
7076,15,M,21.2,1,0,0,0,0,0,0,0,0,0,0,0,0,N/A,old_tb_scar,1,0,none,not_tb,0,not_applicable
7077,40,M,23.7,0,0,0,0,0,0,0,0,0,1,0,0,0,N/A,normal,0,0,none,not_tb,0,not_applicable
7078,25,F,19.8,0,0,0,0,0,0,0,0,0,0,0,0,0,N/A,normal,0,0,none,not_tb,0,not_applicable
7079,33,M,15.1,1,0,0,0,1,0,0,0,0,1,1,0,1,not_detected,cavity,1,1,pulmonary,smear_negative_ptb,0,cured
7080,46,F,18.6,0,1,3,0,0,0,0,0,1,0,1,0,0,N/A,old_tb_scar,1,0,none,not_tb,0,not_applicable
7081,31,F,22.7,1,1,7,1,1,1,0,1,1,1,4,1,1,not_detected,infiltrate,1,1,pulmonary,smear_positive_ptb,0,lost_to_followup
7082,35,F,23.9,0,0,0,0,0,1,0,0,1,0,1,0,0,N/A,normal,0,0,none,not_tb,0,not_applicable
7083,30,F,16.1,0,1,8,0,0,0,0,0,1,1,1,0,1,not_detected,cavity,1,1,pulmonary,smear_negative_ptb,0,cured
7084,66,M,21.7,0,0,0,0,1,0,0,0,1,0,1,0,0,N/A,normal,0,1,pulmonary,smear_negative_ptb,0,cured
7085,25,F,21.2,1,0,0,0,0,0,0,0,1,1,0,1,0,N/A,old_tb_scar,1,0,none,not_tb,0,not_applicable
7086,48,F,30.0,0,0,0,1,0,0,0,0,0,0,1,0,0,N/A,normal,0,0,none,not_tb,0,not_applicable
7087,17,F,19.2,0,1,5,1,0,1,0,0,1,0,3,0,1,not_detected,normal,0,1,pulmonary,smear_negative_ptb,0,cured
7088,22,M,19.9,0,1,2,0,0,0,0,1,1,1,1,1,1,not_detected,cavity,1,1,pulmonary,smear_positive_ptb,0,cured
7089,30,M,24.9,0,1,2,0,0,0,0,0,0,1,1,0,0,N/A,other_pathology,1,0,none,not_tb,0,not_applicable
7090,68,M,27.2,1,0,0,0,0,0,0,0,0,0,0,0,0,N/A,other_pathology,1,0,none,not_tb,0,not_applicable
7091,43,M,20.5,0,1,2,0,0,0,0,1,0,0,1,0,0,N/A,normal,0,0,none,not_tb,0,not_applicable
7092,40,M,26.9,0,0,0,0,1,0,0,0,0,0,1,0,0,N/A,other_pathology,1,0,none,not_tb,0,not_applicable
7093,54,F,16.9,1,1,3,1,1,0,0,1,1,1,3,1,0,N/A,normal,0,1,extrapulmonary,extrapulmonary_tb,0,lost_to_followup
7094,36,F,20.7,0,1,2,0,0,0,0,0,0,0,1,0,0,N/A,normal,0,0,none,not_tb,0,not_applicable
7095,32,F,22.0,0,0,0,1,1,0,0,0,0,0,2,0,0,N/A,normal,0,0,none,not_tb,0,not_applicable
7096,41,M,25.2,0,0,0,0,0,0,0,0,0,0,0,0,0,N/A,normal,0,0,none,not_tb,0,not_applicable
7097,36,M,20.8,0,0,0,0,0,0,0,0,0,0,0,0,0,N/A,old_tb_scar,1,0,none,not_tb,0,not_applicable
7098,21,M,27.8,0,0,0,0,0,0,0,0,0,0,0,0,0,N/A,other_pathology,1,0,none,not_tb,0,not_applicable
7099,50,M,26.6,0,0,0,0,0,0,0,0,0,0,0,0,0,N/A,normal,0,0,none,not_tb,0,not_applicable
7100,30,M,18.6,1,1,2,0,1,1,0,0,1,0,3,0,0,N/A,normal,0,1,pulmonary,smear_negative_ptb,0,failed
7101,25,M,16.1,0,0,0,0,1,1,1,0,1,0,2,1,1,not_detected,cavity,1,1,pulmonary,smear_positive_ptb,0,cured
7102,60,M,25.5,0,0,0,0,0,0,0,0,0,0,0,0,0,N/A,infiltrate,1,0,none,not_tb,0,not_applicable
7103,22,M,14.7,0,0,0,0,0,0,0,0,0,0,0,0,0,N/A,normal,0,0,none,not_tb,0,not_applicable
7104,69,M,20.4,1,1,4,0,0,0,0,0,0,0,1,0,1,not_detected,normal,0,1,extrapulmonary,extrapulmonary_tb,0,cured
7105,54,M,19.1,0,0,0,0,0,0,0,0,0,1,0,0,0,N/A,normal,0,0,none,not_tb,0,not_applicable
7106,30,M,26.4,0,0,0,0,0,0,0,0,0,0,0,0,0,N/A,infiltrate,1,0,none,not_tb,0,not_applicable
7107,44,F,15.0,1,1,4,1,0,0,1,1,0,1,2,0,1,not_detected,miliary,1,1,pulmonary,smear_negative_ptb,0,cured
7108,29,M,19.7,0,0,0,0,0,0,0,0,1,0,0,0,0,N/A,normal,0,0,none,not_tb,0,not_applicable
7109,23,M,23.5,0,0,0,1,0,0,0,0,1,0,1,0,0,N/A,normal,0,0,none,not_tb,0,not_applicable
7110,26,M,24.1,0,0,0,0,0,0,0,0,0,0,0,0,0,N/A,other_pathology,1,0,none,not_tb,0,not_applicable
7111,46,F,19.8,0,0,0,1,0,0,0,0,0,0,1,1,0,N/A,normal,0,0,none,not_tb,0,not_applicable
7112,35,F,17.7,1,1,5,1,0,0,0,0,0,1,2,0,0,N/A,normal,0,1,extrapulmonary,extrapulmonary_tb,0,died
7113,42,F,25.3,0,0,0,0,1,1,0,0,0,0,2,0,0,N/A,other_pathology,1,0,none,not_tb,0,not_applicable
7114,27,M,25.5,1,0,0,0,0,0,0,0,0,0,0,1,0,N/A,normal,0,0,none,not_tb,0,not_applicable
7115,50,F,20.8,0,0,0,1,0,0,0,0,0,0,1,0,0,N/A,normal,0,0,none,not_tb,0,not_applicable
7116,39,F,19.9,0,0,0,0,0,0,0,0,0,0,0,0,0,N/A,other_pathology,1,0,none,not_tb,0,not_applicable
7117,39,M,17.2,1,0,0,0,0,0,0,0,1,0,0,0,0,N/A,infiltrate,1,0,none,not_tb,0,not_applicable
7118,36,F,22.9,0,0,0,1,0,1,0,0,0,0,2,0,0,N/A,old_tb_scar,1,0,none,not_tb,0,not_applicable
7119,44,M,24.8,0,0,0,0,1,0,0,0,0,0,1,0,0,N/A,normal,0,0,none,not_tb,0,not_applicable
7120,34,F,18.9,1,0,0,1,1,1,0,0,1,1,3,1,1,not_detected,pleural_effusion,1,1,pulmonary,smear_positive_ptb,0,completed
7121,46,M,18.8,0,0,0,0,0,0,0,0,0,0,0,0,0,N/A,normal,0,0,none,not_tb,0,not_applicable
7122,49,M,28.3,0,0,0,0,0,0,0,0,0,1,0,0,0,N/A,infiltrate,1,0,none,not_tb,0,not_applicable
7123,42,F,14.6,0,0,0,0,0,0,0,0,0,0,0,0,0,N/A,normal,0,0,none,not_tb,0,not_applicable
7124,35,F,20.7,1,1,8,1,1,0,0,1,0,0,3,1,1,detected,miliary,1,1,pulmonary,smear_positive_ptb,1,died
7125,55,M,22.8,0,1,4,0,0,0,0,0,0,0,1,0,0,N/A,normal,0,0,none,not_tb,0,not_applicable
7126,24,F,23.6,1,0,0,0,0,0,0,0,1,0,0,0,0,N/A,normal,0,0,none,not_tb,0,not_applicable
7127,37,M,16.5,0,0,0,0,1,1,0,1,0,0,2,1,1,not_detected,infiltrate,1,1,pulmonary,smear_positive_ptb,0,lost_to_followup
7128,24,M,21.5,0,0,0,0,0,0,0,0,0,1,0,0,0,N/A,normal,0,0,none,not_tb,0,not_applicable
7129,35,F,19.2,1,0,0,1,0,0,0,0,1,0,1,0,1,not_detected,pleural_effusion,1,1,pulmonary,smear_negative_ptb,0,cured
7130,43,M,21.7,0,0,0,0,0,1,0,0,0,0,1,0,0,N/A,normal,0,0,none,not_tb,0,not_applicable
7131,33,M,14.0,1,1,8,0,0,1,0,0,0,0,2,0,1,not_detected,infiltrate,1,1,pulmonary,smear_negative_ptb,0,cured
7132,50,F,28.0,0,0,0,0,1,0,0,0,1,0,1,0,0,N/A,normal,0,0,none,not_tb,0,not_applicable
7133,25,M,20.1,1,1,2,1,1,1,0,0,0,0,4,0,1,not_detected,infiltrate,1,1,pulmonary,smear_negative_ptb,0,completed
7134,25,M,22.1,1,0,0,0,0,0,0,0,0,1,0,0,0,N/A,other_pathology,1,0,none,not_tb,0,not_applicable
7135,21,M,22.3,0,0,0,0,0,0,0,0,1,0,0,0,0,N/A,other_pathology,1,0,none,not_tb,0,not_applicable
7136,49,F,22.7,0,1,3,1,1,1,1,0,1,0,4,0,1,not_detected,normal,0,1,pulmonary,smear_negative_ptb,0,completed
7137,25,M,16.6,1,0,0,1,0,0,0,0,1,1,1,0,1,not_detected,cavity,1,1,pulmonary,smear_negative_ptb,0,died
7138,54,M,16.1,0,0,0,1,1,1,1,1,1,0,3,0,1,not_detected,infiltrate,1,1,pulmonary,smear_negative_ptb,0,cured
7139,38,F,20.6,1,0,0,1,0,1,0,0,1,0,2,0,0,N/A,normal,0,1,extrapulmonary,extrapulmonary_tb,0,cured
7140,45,M,23.6,0,0,0,0,0,1,0,0,0,0,1,0,1,not_detected,old_tb_scar,1,0,none,not_tb,0,not_applicable
7141,18,M,16.0,1,0,0,1,1,1,0,1,1,0,3,0,0,N/A,infiltrate,1,1,extrapulmonary,extrapulmonary_tb,1,cured
7142,39,F,25.8,0,0,0,0,0,0,0,0,0,0,0,0,0,N/A,normal,0,0,none,not_tb,0,not_applicable
7143,44,F,19.2,1,1,3,1,0,1,0,0,0,0,3,1,1,not_detected,infiltrate,1,1,pulmonary,smear_positive_ptb,0,cured
7144,47,M,18.9,0,0,0,0,0,0,0,0,0,0,0,0,0,N/A,old_tb_scar,1,0,none,not_tb,0,not_applicable
7145,20,F,23.7,0,0,0,0,0,0,0,0,1,0,0,0,0,N/A,old_tb_scar,1,0,none,not_tb,0,not_applicable
7146,45,F,23.2,0,0,0,0,0,0,0,0,0,0,0,0,0,N/A,old_tb_scar,1,0,none,not_tb,0,not_applicable
7147,24,M,21.7,0,0,0,0,0,0,0,1,0,1,0,0,0,N/A,normal,0,0,none,not_tb,0,not_applicable
7148,45,F,23.3,1,0,0,0,0,0,0,1,0,0,0,0,0,N/A,normal,0,0,none,not_tb,0,not_applicable
7149,51,F,24.2,1,0,0,0,0,0,0,0,0,0,0,0,0,N/A,normal,0,0,none,not_tb,0,not_applicable
7150,42,F,25.2,0,0,0,0,0,0,0,0,0,0,0,0,0,N/A,normal,0,0,none,not_tb,0,not_applicable
7151,22,M,22.4,1,0,0,0,0,0,0,0,1,0,0,0,0,N/A,normal,0,0,none,not_tb,0,not_applicable
7152,47,F,21.1,0,1,2,0,0,0,0,0,0,1,1,0,0,N/A,normal,0,0,none,not_tb,0,not_applicable
7153,29,F,19.1,1,1,2,1,0,1,0,0,1,0,3,1,1,not_detected,infiltrate,1,1,pulmonary,smear_positive_ptb,0,cured
7154,40,M,26.2,0,0,0,0,0,0,0,0,0,1,0,0,1,not_detected,normal,0,0,none,not_tb,0,not_applicable
7155,37,F,24.2,0,0,0,0,0,0,0,0,0,0,0,1,0,N/A,infiltrate,1,0,none,not_tb,0,not_applicable
7156,31,F,20.9,0,0,0,0,1,0,0,0,0,0,1,0,0,N/A,normal,0,0,none,not_tb,0,not_applicable
7157,17,F,18.6,0,1,5,0,0,1,0,0,1,0,2,1,1,not_detected,normal,0,1,pulmonary,smear_positive_ptb,0,cured
7158,27,F,27.8,0,0,0,0,0,0,0,0,0,1,0,0,0,N/A,normal,0,0,none,not_tb,0,not_applicable
7159,46,M,24.6,0,0,0,0,0,0,0,0,1,0,0,1,0,N/A,normal,0,0,none,not_tb,0,not_applicable
7160,48,M,18.9,0,1,7,1,0,1,0,0,1,1,3,0,1,not_detected,miliary,1,1,pulmonary,smear_negative_ptb,0,cured
7161,48,F,21.4,0,1,5,0,0,1,1,1,1,1,2,1,1,not_detected,infiltrate,1,1,pulmonary,smear_positive_ptb,0,cured
7162,15,M,17.1,0,1,5,0,0,0,0,0,0,1,1,1,1,not_detected,cavity,1,1,pulmonary,smear_positive_ptb,0,completed
7163,28,M,23.2,1,0,0,0,0,0,0,0,0,1,0,0,0,N/A,normal,0,0,none,not_tb,0,not_applicable
7164,16,F,28.6,0,0,0,0,0,0,0,1,0,0,0,0,0,N/A,normal,0,0,none,not_tb,0,not_applicable
7165,27,F,20.1,0,0,0,1,1,1,0,1,0,1,3,0,1,not_detected,normal,0,1,pulmonary,smear_negative_ptb,0,completed
7166,19,M,22.6,1,1,4,0,1,1,0,0,1,0,3,0,0,N/A,normal,0,1,pulmonary,smear_negative_ptb,0,failed
7167,38,F,21.7,1,0,0,0,0,0,0,0,0,0,0,0,0,N/A,other_pathology,1,0,none,not_tb,0,not_applicable
7168,40,M,20.3,0,0,0,0,0,1,0,0,0,0,1,0,0,N/A,normal,0,0,none,not_tb,0,not_applicable
7169,52,M,21.4,1,1,8,1,1,1,0,1,1,0,4,0,1,not_detected,cavity,1,1,pulmonary,smear_negative_ptb,0,cured
7170,46,M,15.6,0,0,0,0,0,0,0,1,0,0,0,0,0,N/A,normal,0,0,none,not_tb,0,not_applicable
7171,29,M,19.0,0,0,0,1,0,1,0,1,0,1,2,0,0,N/A,normal,0,1,extrapulmonary,extrapulmonary_tb,0,completed
7172,22,M,25.6,0,1,4,0,0,0,0,0,1,0,1,0,0,N/A,normal,0,0,none,not_tb,0,not_applicable
7173,32,F,19.9,1,1,2,1,0,1,0,1,1,0,3,0,1,not_detected,infiltrate,1,1,pulmonary,smear_negative_ptb,0,cured
7174,17,F,13.2,0,1,3,1,0,1,0,0,0,1,3,1,1,not_detected,normal,0,1,pulmonary,smear_positive_ptb,0,cured
7175,57,M,17.3,0,0,0,0,0,0,0,1,0,0,0,0,0,N/A,normal,0,0,none,not_tb,0,not_applicable
7176,29,M,18.2,0,1,9,0,1,1,0,1,1,0,3,0,0,N/A,normal,0,1,pulmonary,smear_negative_ptb,0,cured
7177,47,M,19.7,0,1,3,0,0,0,0,1,1,1,1,1,1,not_detected,infiltrate,1,1,pulmonary,smear_positive_ptb,0,cured
7178,18,F,23.8,0,0,0,1,0,0,0,0,0,0,1,0,0,N/A,old_tb_scar,1,0,none,not_tb,0,not_applicable
7179,44,F,18.5,1,0,0,1,0,1,0,0,1,1,2,0,1,not_detected,normal,0,1,pulmonary,smear_negative_ptb,0,lost_to_followup
7180,52,M,20.3,0,1,2,1,0,0,0,1,0,0,2,1,1,not_detected,infiltrate,1,1,pulmonary,smear_positive_ptb,0,cured
7181,24,M,23.5,0,0,0,0,0,0,0,0,1,0,0,0,0,N/A,other_pathology,1,0,none,not_tb,0,not_applicable
7182,43,M,21.5,0,0,0,0,0,0,0,0,0,1,0,0,0,N/A,normal,0,0,none,not_tb,0,not_applicable
7183,33,F,23.9,1,0,0,0,0,0,0,0,0,0,0,0,0,N/A,normal,0,0,none,not_tb,0,not_applicable
7184,71,M,16.9,0,1,4,0,0,1,0,0,1,1,2,1,1,not_detected,normal,0,1,extrapulmonary,extrapulmonary_tb,0,cured
7185,53,M,24.2,0,0,0,0,0,0,0,0,0,0,0,0,0,N/A,normal,0,0,none,not_tb,0,not_applicable
7186,36,M,19.0,0,0,0,0,0,0,0,0,0,1,0,0,0,N/A,normal,0,0,none,not_tb,0,not_applicable
7187,26,M,23.7,0,0,0,1,0,0,0,0,1,0,1,0,0,N/A,normal,0,0,none,not_tb,0,not_applicable
7188,37,M,19.7,1,0,0,0,0,1,0,0,0,0,1,0,1,not_detected,infiltrate,1,1,pulmonary,smear_negative_ptb,0,cured
7189,38,M,17.8,1,1,7,1,0,1,0,0,0,1,3,1,1,not_detected,infiltrate,1,1,pulmonary,smear_positive_ptb,0,cured
7190,58,F,20.1,0,1,2,1,1,1,1,1,1,1,4,1,1,not_detected,infiltrate,1,1,pulmonary,smear_positive_ptb,0,cured
7191,46,M,27.4,0,0,0,1,0,0,0,0,0,0,1,0,0,N/A,normal,0,0,none,not_tb,0,not_applicable
7192,43,M,18.4,1,0,0,0,0,0,0,0,0,0,0,1,0,N/A,normal,0,0,none,not_tb,0,not_applicable
7193,29,M,20.9,0,1,9,1,1,0,1,1,1,1,3,0,0,N/A,normal,0,1,extrapulmonary,extrapulmonary_tb,1,cured
7194,46,M,21.2,1,0,0,1,1,1,1,0,1,1,3,1,1,not_detected,cavity,1,1,pulmonary,smear_positive_ptb,0,cured
7195,32,F,21.3,0,0,0,0,0,0,0,0,0,0,0,0,0,N/A,other_pathology,1,0,none,not_tb,0,not_applicable
7196,18,F,24.8,0,0,0,0,1,0,0,0,0,0,1,0,0,N/A,old_tb_scar,1,0,none,not_tb,0,not_applicable
7197,57,M,21.1,0,0,0,1,0,0,0,0,0,0,1,0,0,N/A,normal,0,0,none,not_tb,0,not_applicable
7198,34,F,26.4,0,0,0,0,0,0,0,0,0,0,0,0,0,N/A,normal,0,0,none,not_tb,0,not_applicable
7199,29,F,12.0,0,0,0,0,0,0,1,0,0,0,0,1,1,not_detected,infiltrate,1,1,pulmonary,smear_positive_ptb,0,cured
7200,57,F,27.1,0,0,0,0,0,0,0,0,0,0,0,0,0,N/A,other_pathology,1,0,none,not_tb,0,not_applicable
7201,56,M,18.1,1,0,0,0,0,0,0,0,0,0,0,0,0,N/A,normal,0,0,none,not_tb,0,not_applicable
7202,32,M,22.3,0,0,0,0,0,0,0,0,0,0,0,0,0,N/A,normal,0,0,none,not_tb,0,not_applicable
7203,23,M,16.5,1,0,0,1,1,0,0,1,1,1,2,0,1,not_detected,cavity,1,1,pulmonary,smear_negative_ptb,0,completed
7204,42,F,27.2,1,1,4,0,0,0,0,0,0,0,1,0,0,N/A,other_pathology,1,0,none,not_tb,0,not_applicable
7205,34,F,17.9,0,1,6,1,1,1,0,1,1,0,4,1,1,not_detected,infiltrate,1,1,pulmonary,smear_positive_ptb,0,cured
7206,40,M,17.1,0,1,2,1,0,1,0,0,0,1,3,0,0,N/A,pleural_effusion,1,1,pulmonary,smear_negative_ptb,0,cured
7207,18,M,21.3,1,1,6,0,0,0,0,0,1,1,1,0,1,not_detected,miliary,1,1,pulmonary,smear_negative_ptb,0,cured
7208,55,M,24.6,0,0,0,0,0,0,0,1,0,1,0,1,0,N/A,other_pathology,1,0,none,not_tb,0,not_applicable
7209,15,M,20.8,0,0,0,0,0,0,0,0,0,0,0,0,0,N/A,normal,0,0,none,not_tb,0,not_applicable
7210,20,F,18.5,0,1,3,0,0,0,0,0,0,0,1,0,0,N/A,other_pathology,1,0,none,not_tb,0,not_applicable
7211,33,M,18.1,0,0,0,0,0,0,0,0,0,0,0,0,0,N/A,normal,0,0,none,not_tb,0,not_applicable
7212,51,F,26.5,0,0,0,0,0,0,0,0,0,0,0,0,0,N/A,normal,0,0,none,not_tb,0,not_applicable
7213,26,F,23.5,0,0,0,1,0,0,0,0,0,0,1,0,0,N/A,normal,0,0,none,not_tb,0,not_applicable
7214,48,F,22.6,0,0,0,1,0,0,0,0,0,0,1,0,0,N/A,normal,0,0,none,not_tb,0,not_applicable
7215,35,F,23.7,0,1,2,0,0,0,0,0,1,0,1,0,0,N/A,normal,0,0,none,not_tb,0,not_applicable
7216,51,M,15.2,0,0,0,1,0,0,0,0,0,0,1,0,0,N/A,normal,0,0,none,not_tb,0,not_applicable
7217,35,F,20.9,0,1,3,0,0,0,0,0,1,0,1,0,0,N/A,other_pathology,1,0,none,not_tb,0,not_applicable
7218,28,F,21.0,1,1,8,1,0,0,0,0,1,1,2,0,0,N/A,other_pathology,1,0,none,not_tb,0,not_applicable
7219,30,M,25.4,0,0,0,0,0,0,0,0,0,0,0,0,0,N/A,normal,0,0,none,not_tb,0,not_applicable
7220,46,M,14.8,0,1,6,1,1,1,1,1,0,1,4,1,1,not_detected,miliary,1,1,pulmonary,smear_positive_ptb,0,cured
7221,33,M,25.7,0,0,0,1,0,0,0,0,0,0,1,0,0,N/A,normal,0,0,none,not_tb,0,not_applicable
7222,39,M,28.3,1,0,0,0,0,0,0,0,0,1,0,0,0,N/A,normal,0,0,none,not_tb,0,not_applicable
7223,56,M,16.0,0,0,0,0,0,0,0,0,0,0,0,0,1,not_detected,infiltrate,1,0,none,not_tb,0,not_applicable
7224,63,M,18.5,0,1,6,1,1,0,0,0,0,0,3,0,1,not_detected,infiltrate,1,1,pulmonary,smear_negative_ptb,0,completed
7225,53,F,19.7,0,1,3,0,1,1,0,0,0,1,3,1,1,not_detected,infiltrate,1,1,pulmonary,smear_positive_ptb,0,lost_to_followup
7226,43,M,20.7,0,1,4,1,1,0,0,0,1,0,3,0,0,N/A,cavity,1,1,pulmonary,smear_negative_ptb,0,lost_to_followup
7227,40,M,13.1,0,1,6,0,0,1,0,0,1,1,2,1,1,not_detected,cavity,1,1,pulmonary,smear_positive_ptb,0,cured
7228,55,M,19.3,0,0,0,1,0,0,0,0,1,1,1,1,1,not_detected,infiltrate,1,1,pulmonary,smear_positive_ptb,0,cured
7229,33,M,18.0,0,1,4,0,0,0,0,1,1,1,1,0,1,not_detected,infiltrate,1,1,pulmonary,smear_negative_ptb,0,completed
7230,26,F,17.8,1,1,7,1,1,0,0,1,0,1,3,0,1,not_detected,normal,0,1,pulmonary,smear_negative_ptb,0,cured
7231,53,M,23.7,0,1,4,0,0,1,0,0,1,0,2,1,1,not_detected,pleural_effusion,1,1,pulmonary,smear_positive_ptb,0,cured
7232,28,M,21.2,0,0,0,0,0,1,0,0,0,0,1,0,0,N/A,normal,0,0,none,not_tb,0,not_applicable
7233,44,M,23.6,0,0,0,0,0,0,0,0,0,0,0,0,1,not_detected,normal,0,0,none,not_tb,0,not_applicable
7234,59,M,21.6,0,0,0,1,0,0,0,0,1,1,1,0,0,N/A,normal,0,0,none,not_tb,0,not_applicable
7235,53,F,22.8,1,0,0,0,0,0,0,0,0,0,0,0,0,N/A,normal,0,0,none,not_tb,0,not_applicable
7236,40,F,23.9,0,0,0,0,0,0,0,0,0,0,0,0,0,N/A,infiltrate,1,0,none,not_tb,0,not_applicable
7237,40,M,20.7,0,0,0,0,1,1,0,1,1,0,2,0,1,not_detected,infiltrate,1,1,pulmonary,smear_negative_ptb,0,cured
7238,24,F,16.6,1,0,0,1,0,0,0,0,1,1,1,1,1,not_detected,miliary,1,1,pulmonary,smear_positive_ptb,0,cured
7239,33,M,18.9,1,0,0,1,1,0,0,0,1,1,2,0,1,not_detected,cavity,1,1,pulmonary,smear_negative_ptb,0,failed
7240,35,F,19.0,1,1,10,1,0,0,0,0,1,0,2,0,1,not_detected,infiltrate,1,1,pulmonary,smear_negative_ptb,0,cured
7241,45,M,14.4,0,1,6,0,1,1,0,1,0,0,3,0,1,not_detected,normal,0,1,pulmonary,smear_negative_ptb,0,completed
7242,26,M,16.1,1,0,0,1,1,0,0,1,0,0,2,1,1,detected,infiltrate,1,1,pulmonary,smear_positive_ptb,0,cured
7243,47,F,20.7,0,1,4,1,0,0,0,0,1,0,2,0,1,not_detected,normal,0,1,extrapulmonary,extrapulmonary_tb,0,completed
7244,19,F,20.4,0,0,0,0,0,0,0,0,0,0,0,0,0,N/A,normal,0,0,none,not_tb,0,not_applicable
7245,39,M,31.1,0,0,0,0,0,0,0,0,0,0,0,0,0,N/A,normal,0,0,none,not_tb,0,not_applicable
7246,17,F,20.9,1,1,10,1,0,1,1,0,1,1,3,0,0,N/A,infiltrate,1,1,pulmonary,smear_negative_ptb,0,completed
7247,51,F,19.6,1,0,0,1,1,0,0,1,0,1,2,1,1,not_detected,cavity,1,1,pulmonary,smear_positive_ptb,0,cured
7248,33,M,22.3,0,1,9,0,1,1,1,1,1,0,3,0,0,N/A,infiltrate,1,1,extrapulmonary,extrapulmonary_tb,0,cured
7249,46,F,24.7,0,0,0,0,0,0,0,0,1,1,0,0,0,N/A,normal,0,0,none,not_tb,0,not_applicable
7250,43,F,22.6,0,0,0,0,0,0,0,0,1,0,0,0,0,N/A,normal,0,0,none,not_tb,0,not_applicable
7251,37,M,17.1,0,0,0,0,0,0,0,0,1,0,0,0,0,N/A,normal,0,0,none,not_tb,0,not_applicable
7252,31,M,24.3,0,0,0,0,0,0,0,0,0,0,0,0,0,N/A,normal,0,0,none,not_tb,0,not_applicable
7253,32,F,26.9,1,0,0,0,0,1,0,0,0,0,1,0,0,N/A,other_pathology,1,0,none,not_tb,0,not_applicable
7254,23,F,19.9,0,0,0,0,0,0,0,0,0,0,0,0,0,N/A,normal,0,0,none,not_tb,0,not_applicable
7255,60,M,15.6,0,0,0,1,0,1,0,1,0,0,2,0,0,N/A,normal,0,0,none,not_tb,0,not_applicable
7256,25,M,18.3,0,1,2,0,0,0,0,0,0,0,1,0,0,N/A,normal,0,0,none,not_tb,0,not_applicable
7257,33,M,28.2,0,0,0,0,0,0,1,0,0,0,0,0,0,N/A,normal,0,0,none,not_tb,0,not_applicable
7258,28,F,22.3,1,0,0,1,0,0,0,0,0,0,1,0,0,N/A,other_pathology,1,0,none,not_tb,0,not_applicable
7259,62,F,27.1,0,0,0,0,0,0,0,0,0,0,0,1,0,N/A,old_tb_scar,1,0,none,not_tb,0,not_applicable
7260,53,M,22.1,0,0,0,0,0,0,0,0,0,0,0,0,0,N/A,normal,0,0,none,not_tb,0,not_applicable
7261,42,F,20.3,0,0,0,0,0,0,0,0,0,0,0,0,0,N/A,normal,0,0,none,not_tb,0,not_applicable
7262,53,F,23.8,1,0,0,1,1,1,1,0,0,0,3,0,1,not_detected,cavity,1,1,pulmonary,smear_negative_ptb,0,completed
7263,35,M,17.6,0,1,6,0,0,1,0,0,1,1,2,1,1,not_detected,miliary,1,1,pulmonary,smear_positive_ptb,0,completed
7264,24,M,21.1,0,0,0,0,0,1,0,0,1,0,1,0,0,N/A,old_tb_scar,1,0,none,not_tb,0,not_applicable
7265,55,M,23.6,0,0,0,0,0,0,0,0,1,0,0,0,0,N/A,normal,0,0,none,not_tb,0,not_applicable
7266,44,M,17.8,1,0,0,0,0,1,0,0,1,1,1,0,1,not_detected,infiltrate,1,1,pulmonary,smear_negative_ptb,0,cured
7267,29,M,20.4,1,1,7,1,1,1,0,1,1,1,4,1,1,not_detected,infiltrate,1,1,pulmonary,smear_positive_ptb,0,cured
7268,34,F,23.6,0,0,0,0,0,0,0,1,1,0,0,0,0,N/A,normal,0,0,none,not_tb,0,not_applicable
7269,44,F,19.7,0,1,2,1,0,1,0,1,1,0,3,1,1,detected,cavity,1,1,pulmonary,smear_positive_ptb,1,cured
7270,44,M,17.0,1,0,0,1,0,1,0,0,0,0,2,1,1,not_detected,miliary,1,1,pulmonary,smear_positive_ptb,0,cured
7271,38,F,14.3,0,0,0,1,1,0,0,0,0,0,2,1,1,detected,infiltrate,1,1,pulmonary,smear_positive_ptb,1,completed
7272,57,F,19.1,0,0,0,1,0,0,0,0,0,0,1,0,0,N/A,normal,0,0,none,not_tb,0,not_applicable
7273,37,M,16.6,0,1,5,0,1,1,1,0,0,1,3,0,1,not_detected,normal,0,1,extrapulmonary,extrapulmonary_tb,0,cured
7274,49,M,23.0,1,0,0,0,0,0,0,1,0,0,0,0,0,N/A,normal,0,0,none,not_tb,0,not_applicable
7275,37,F,19.1,0,0,0,0,0,0,0,0,0,0,0,0,0,N/A,normal,0,0,none,not_tb,0,not_applicable
7276,31,F,14.8,0,0,0,1,0,0,0,0,1,1,1,0,0,N/A,normal,0,1,extrapulmonary,extrapulmonary_tb,0,lost_to_followup
7277,32,M,15.6,0,0,0,1,0,1,0,0,1,0,2,0,0,N/A,cavity,1,1,pulmonary,smear_negative_ptb,0,completed
7278,23,F,19.5,1,1,5,0,0,0,0,0,1,1,1,0,0,N/A,normal,0,1,extrapulmonary,extrapulmonary_tb,0,completed
7279,52,F,24.4,1,0,0,0,0,0,0,0,0,0,0,0,0,N/A,normal,0,0,none,not_tb,0,not_applicable
7280,28,F,17.2,1,1,8,0,1,1,0,0,1,0,3,0,1,not_detected,infiltrate,1,1,pulmonary,smear_negative_ptb,0,cured
7281,31,F,20.6,0,0,0,0,0,0,0,0,0,1,0,0,0,N/A,normal,0,0,none,not_tb,0,not_applicable
7282,32,M,24.1,0,0,0,1,0,0,0,0,1,0,1,0,0,N/A,normal,0,0,none,not_tb,0,not_applicable
7283,39,M,18.9,1,0,0,0,0,1,0,0,1,0,1,1,0,N/A,normal,0,1,extrapulmonary,extrapulmonary_tb,0,completed
7284,22,M,21.5,0,1,6,1,1,0,0,0,1,1,3,0,1,not_detected,cavity,1,1,pulmonary,smear_negative_ptb,0,cured
7285,22,F,18.1,1,0,0,1,0,1,0,1,1,1,2,0,1,not_detected,infiltrate,1,1,pulmonary,smear_negative_ptb,0,completed
7286,56,F,19.1,0,0,0,0,0,0,0,0,1,1,0,0,0,N/A,infiltrate,1,0,none,not_tb,0,not_applicable
7287,50,F,25.8,0,0,0,0,0,0,0,0,0,0,0,0,0,N/A,normal,0,0,none,not_tb,0,not_applicable
7288,28,M,20.9,0,0,0,0,0,0,0,0,0,0,0,0,0,N/A,normal,0,0,none,not_tb,0,not_applicable
7289,17,M,16.5,0,1,9,1,1,0,0,0,1,1,3,0,1,not_detected,infiltrate,1,1,pulmonary,smear_negative_ptb,0,died
7290,44,M,25.1,0,0,0,0,0,1,0,0,0,0,1,0,0,N/A,normal,0,0,none,not_tb,0,not_applicable
7291,29,M,22.1,1,0,0,1,1,0,0,0,0,0,2,0,1,not_detected,infiltrate,1,1,pulmonary,smear_negative_ptb,0,cured
7292,45,M,19.0,0,1,8,0,1,0,0,1,0,1,2,1,1,not_detected,normal,0,1,pulmonary,smear_positive_ptb,0,completed
7293,47,F,18.5,0,0,0,0,0,0,0,0,0,0,0,0,0,N/A,normal,0,0,none,not_tb,0,not_applicable
7294,46,M,22.3,1,1,6,1,0,0,0,0,1,0,2,1,1,not_detected,infiltrate,1,1,pulmonary,smear_positive_ptb,0,completed
7295,30,F,23.3,0,0,0,0,0,0,0,1,0,1,0,0,0,N/A,normal,0,0,none,not_tb,0,not_applicable
7296,65,F,22.8,0,0,0,1,0,0,0,0,0,0,1,0,0,N/A,infiltrate,1,0,none,not_tb,0,not_applicable
7297,18,F,17.5,0,0,0,0,1,1,0,1,0,0,2,1,1,detected,pleural_effusion,1,1,pulmonary,smear_positive_ptb,0,cured
7298,48,M,26.0,0,0,0,0,0,0,0,0,0,0,0,0,0,N/A,normal,0,0,none,not_tb,0,not_applicable
7299,36,F,18.1,1,0,0,0,0,0,0,0,1,0,0,0,0,N/A,normal,0,0,none,not_tb,0,not_applicable
7300,37,F,15.5,1,0,0,0,0,1,0,1,1,0,1,0,1,not_detected,infiltrate,1,1,pulmonary,smear_negative_ptb,0,completed
7301,25,M,28.6,0,0,0,0,0,0,0,0,1,0,0,0,0,N/A,normal,0,0,none,not_tb,0,not_applicable
7302,35,F,19.0,0,0,0,0,1,0,0,0,1,0,1,0,0,N/A,other_pathology,1,0,none,not_tb,0,not_applicable
7303,36,F,25.4,0,0,0,0,0,0,0,0,0,0,0,1,0,N/A,normal,0,0,none,not_tb,0,not_applicable
7304,41,M,21.9,0,1,2,0,1,0,0,0,1,0,2,0,0,N/A,miliary,1,1,pulmonary,smear_negative_ptb,1,died
7305,20,M,22.7,0,0,0,0,0,0,0,0,0,1,0,0,0,N/A,other_pathology,1,0,none,not_tb,0,not_applicable
7306,18,M,18.9,0,0,0,0,0,0,0,0,0,0,0,0,0,N/A,normal,0,0,none,not_tb,0,not_applicable
7307,53,M,20.1,0,1,7,1,0,0,0,1,0,0,2,1,1,not_detected,miliary,1,1,pulmonary,smear_positive_ptb,0,cured
7308,42,F,22.0,0,1,8,1,1,0,0,0,1,1,3,1,1,not_detected,infiltrate,1,1,pulmonary,smear_positive_ptb,0,completed
7309,39,M,19.4,0,1,4,1,1,0,0,0,1,1,3,0,0,N/A,infiltrate,1,1,extrapulmonary,extrapulmonary_tb,0,completed
7310,34,M,19.4,0,0,0,0,0,0,0,0,0,0,0,0,0,N/A,old_tb_scar,1,0,none,not_tb,0,not_applicable
7311,23,M,19.3,1,1,7,1,1,1,0,1,1,0,4,1,1,not_detected,infiltrate,1,1,pulmonary,smear_positive_ptb,0,completed
7312,36,M,17.2,1,0,0,0,0,0,0,1,1,0,0,0,0,N/A,other_pathology,1,0,none,not_tb,0,not_applicable
7313,45,M,18.6,0,0,0,0,0,0,0,0,0,0,0,1,0,N/A,normal,0,0,none,not_tb,0,not_applicable
7314,52,F,21.1,0,0,0,0,0,1,0,0,0,0,1,0,0,N/A,old_tb_scar,1,0,none,not_tb,0,not_applicable
7315,56,M,18.7,0,1,2,1,1,0,0,0,1,0,3,1,1,not_detected,cavity,1,1,pulmonary,smear_positive_ptb,0,cured
7316,29,M,17.8,0,0,0,0,0,0,0,0,0,0,0,0,0,N/A,normal,0,0,none,not_tb,0,not_applicable
7317,41,F,22.9,1,0,0,0,0,0,0,0,1,0,0,0,0,N/A,normal,0,0,none,not_tb,0,not_applicable
7318,69,F,23.8,0,0,0,0,0,1,0,1,0,0,1,0,0,N/A,normal,0,0,none,not_tb,0,not_applicable
7319,44,M,21.2,0,0,0,0,0,0,0,0,0,0,0,0,0,N/A,normal,0,0,none,not_tb,0,not_applicable
7320,50,M,14.4,1,0,0,0,0,1,0,0,1,0,1,0,0,N/A,normal,0,0,none,not_tb,0,not_applicable
7321,42,M,22.4,0,0,0,0,0,0,0,1,1,0,0,0,0,N/A,old_tb_scar,1,0,none,not_tb,0,not_applicable
7322,38,M,28.4,0,0,0,0,0,0,0,0,0,0,0,0,0,N/A,normal,0,0,none,not_tb,0,not_applicable
7323,48,M,23.6,1,0,0,0,0,0,0,0,0,0,0,0,0,N/A,normal,0,0,none,not_tb,0,not_applicable
7324,42,F,22.1,1,0,0,0,0,0,0,0,0,0,0,1,0,N/A,other_pathology,1,0,none,not_tb,0,not_applicable
7325,34,F,20.7,0,1,2,0,0,0,0,0,1,0,1,0,0,N/A,normal,0,0,none,not_tb,0,not_applicable
7326,24,M,19.9,0,1,7,0,1,1,1,1,1,1,3,0,1,not_detected,pleural_effusion,1,1,extrapulmonary,extrapulmonary_tb,0,completed
7327,45,F,22.7,0,0,0,0,0,0,0,0,0,0,0,0,0,N/A,normal,0,0,none,not_tb,0,not_applicable
7328,53,M,24.5,1,0,0,0,0,0,0,0,0,0,0,0,0,N/A,normal,0,0,none,not_tb,0,not_applicable
7329,42,M,15.8,1,0,0,1,0,1,0,0,1,1,2,0,1,not_detected,normal,0,1,pulmonary,smear_negative_ptb,0,died
7330,39,M,22.4,0,0,0,0,0,0,0,0,0,0,0,1,0,N/A,normal,0,0,none,not_tb,0,not_applicable
7331,25,M,20.4,0,0,0,0,0,0,0,0,0,0,0,1,0,N/A,other_pathology,1,0,none,not_tb,0,not_applicable
7332,32,F,19.4,1,1,5,0,0,0,0,1,1,1,1,0,1,not_detected,normal,0,1,pulmonary,smear_negative_ptb,0,cured
7333,42,M,15.2,0,0,0,1,0,0,0,0,0,0,1,0,0,N/A,normal,0,0,none,not_tb,0,not_applicable
7334,35,F,20.6,1,0,0,0,0,1,0,0,0,1,1,0,0,N/A,normal,0,0,none,not_tb,0,not_applicable
7335,59,M,23.9,0,0,0,1,0,0,0,0,0,0,1,0,0,N/A,normal,0,0,none,not_tb,0,not_applicable
7336,26,F,24.5,0,0,0,0,0,0,0,0,0,0,0,0,0,N/A,normal,0,0,none,not_tb,0,not_applicable
7337,29,F,21.9,0,0,0,1,0,0,0,0,0,0,1,0,0,N/A,normal,0,0,none,not_tb,0,not_applicable
7338,40,M,14.4,0,0,0,0,0,0,0,1,0,0,0,0,0,N/A,normal,0,0,none,not_tb,0,not_applicable
7339,31,M,20.1,1,0,0,1,0,0,0,1,0,1,1,0,0,N/A,normal,0,1,extrapulmonary,extrapulmonary_tb,0,completed
7340,49,F,27.5,0,0,0,0,0,0,0,0,0,0,0,0,0,N/A,normal,0,0,none,not_tb,0,not_applicable
7341,21,M,19.1,0,0,0,0,0,0,0,0,0,0,0,0,0,N/A,normal,0,0,none,not_tb,0,not_applicable
7342,63,M,20.5,0,0,0,0,0,0,0,1,0,0,0,0,0,N/A,normal,0,0,none,not_tb,0,not_applicable
7343,56,F,24.8,0,0,0,0,0,0,0,0,0,0,0,0,0,N/A,normal,0,0,none,not_tb,0,not_applicable
7344,23,M,24.9,1,0,0,0,0,0,0,0,0,0,0,0,0,N/A,normal,0,0,none,not_tb,0,not_applicable
7345,41,M,25.8,1,0,0,0,0,0,0,0,0,0,0,0,0,N/A,old_tb_scar,1,0,none,not_tb,0,not_applicable
7346,54,M,25.6,0,0,0,0,0,0,0,0,0,1,0,1,0,N/A,normal,0,0,none,not_tb,0,not_applicable
7347,72,M,16.6,0,0,0,0,0,0,0,0,1,0,0,0,0,N/A,other_pathology,1,0,none,not_tb,0,not_applicable
7348,23,M,20.3,1,0,0,0,0,1,0,0,0,0,1,0,0,N/A,normal,0,0,none,not_tb,0,not_applicable
7349,23,M,24.2,1,0,0,0,0,0,0,0,1,0,0,0,0,N/A,normal,0,0,none,not_tb,0,not_applicable
7350,45,M,21.7,1,0,0,0,0,1,0,0,0,0,1,0,0,N/A,normal,0,0,none,not_tb,0,not_applicable
7351,45,M,19.4,0,1,2,1,0,0,0,1,1,0,2,0,1,not_detected,cavity,1,1,pulmonary,smear_negative_ptb,0,cured
7352,41,M,18.2,0,1,2,1,0,0,0,0,1,1,2,1,1,detected,normal,0,1,pulmonary,smear_positive_ptb,1,cured
7353,41,F,17.4,1,0,0,1,0,1,0,0,1,1,2,0,1,not_detected,infiltrate,1,1,extrapulmonary,extrapulmonary_tb,0,cured
7354,53,M,21.2,0,0,0,0,0,0,0,0,0,0,0,0,0,N/A,old_tb_scar,1,0,none,not_tb,0,not_applicable
7355,45,M,18.1,0,0,0,1,0,0,0,0,0,0,1,0,1,not_detected,normal,0,0,none,not_tb,0,not_applicable
7356,15,M,19.5,0,0,0,0,0,0,0,0,1,1,0,0,0,N/A,normal,0,0,none,not_tb,0,not_applicable
7357,40,F,21.8,0,0,0,0,0,0,0,0,0,0,0,0,0,N/A,infiltrate,1,0,none,not_tb,0,not_applicable
7358,44,M,18.4,0,1,4,1,1,1,0,0,1,0,4,1,1,not_detected,pleural_effusion,1,1,pulmonary,smear_positive_ptb,0,cured
7359,63,M,19.9,0,0,0,1,1,0,0,1,1,1,2,0,1,not_detected,normal,0,1,pulmonary,smear_negative_ptb,0,died
7360,32,F,21.0,0,0,0,1,0,0,0,0,0,0,1,0,0,N/A,normal,0,0,none,not_tb,0,not_applicable
7361,36,M,22.7,1,1,4,0,1,0,0,0,0,0,2,1,1,not_detected,cavity,1,1,pulmonary,smear_positive_ptb,0,cured
7362,33,F,26.3,1,0,0,0,0,0,0,1,0,0,0,0,0,N/A,infiltrate,1,0,none,not_tb,0,not_applicable
7363,25,F,20.2,1,0,0,0,0,0,0,0,1,0,0,0,0,N/A,old_tb_scar,1,0,none,not_tb,0,not_applicable
7364,41,F,22.7,0,0,0,0,0,0,0,0,1,0,0,0,0,N/A,normal,0,0,none,not_tb,0,not_applicable
7365,35,M,21.5,1,0,0,0,0,0,1,1,1,1,0,0,1,not_detected,infiltrate,1,1,pulmonary,smear_negative_ptb,0,completed
7366,61,M,19.8,0,0,0,0,1,0,0,0,0,0,1,0,0,N/A,old_tb_scar,1,0,none,not_tb,0,not_applicable
7367,45,M,19.4,1,0,0,0,0,0,0,0,0,0,0,0,1,not_detected,normal,0,0,none,not_tb,0,not_applicable
7368,48,F,26.5,0,0,0,0,0,0,0,0,1,0,0,0,0,N/A,normal,0,0,none,not_tb,0,not_applicable
7369,54,F,24.4,0,0,0,0,0,0,0,0,0,0,0,0,0,N/A,normal,0,0,none,not_tb,0,not_applicable
7370,23,F,25.8,0,0,0,1,0,0,0,0,0,0,1,0,0,N/A,other_pathology,1,0,none,not_tb,0,not_applicable
7371,23,M,19.3,0,1,9,1,1,1,1,0,1,1,4,0,0,N/A,pleural_effusion,1,1,extrapulmonary,extrapulmonary_tb,0,cured
7372,36,F,21.1,0,0,0,0,0,0,0,0,0,0,0,0,0,N/A,other_pathology,1,0,none,not_tb,0,not_applicable
7373,16,M,17.3,0,0,0,1,0,0,0,0,0,0,1,1,0,N/A,other_pathology,1,0,none,not_tb,0,not_applicable
7374,20,F,22.5,0,0,0,0,0,0,0,0,0,0,0,0,0,N/A,old_tb_scar,1,0,none,not_tb,0,not_applicable
7375,56,M,21.6,0,1,2,0,1,1,0,0,1,1,3,0,1,not_detected,infiltrate,1,1,pulmonary,smear_negative_ptb,0,cured
7376,31,M,26.4,0,1,2,0,0,0,0,0,1,1,1,0,0,N/A,infiltrate,1,0,none,not_tb,0,not_applicable
7377,41,M,25.7,0,0,0,0,0,0,0,0,0,0,0,0,0,N/A,normal,0,0,none,not_tb,0,not_applicable
7378,25,F,24.8,0,0,0,1,0,0,0,0,1,0,1,0,0,N/A,normal,0,0,none,not_tb,0,not_applicable
7379,34,M,29.7,0,0,0,0,0,0,0,0,0,0,0,0,1,not_detected,normal,0,0,none,not_tb,0,not_applicable
7380,41,M,14.6,0,1,2,1,0,1,1,0,1,1,3,0,1,not_detected,normal,0,1,extrapulmonary,extrapulmonary_tb,0,cured
7381,19,M,22.8,0,0,0,0,0,0,0,0,0,0,0,0,0,N/A,infiltrate,1,0,none,not_tb,0,not_applicable
7382,18,M,18.7,0,0,0,0,0,0,0,0,0,0,0,0,0,N/A,normal,0,0,none,not_tb,0,not_applicable
7383,29,F,27.4,0,0,0,0,0,0,0,0,0,0,0,0,1,not_detected,normal,0,0,none,not_tb,0,not_applicable
7384,39,M,20.1,1,0,0,0,0,0,0,0,0,0,0,0,0,N/A,normal,0,0,none,not_tb,0,not_applicable
7385,44,M,21.0,1,1,2,0,0,0,0,1,0,1,1,0,1,not_detected,infiltrate,1,1,pulmonary,smear_negative_ptb,0,cured
7386,54,F,20.4,0,0,0,0,0,0,0,0,0,0,0,0,0,N/A,old_tb_scar,1,0,none,not_tb,0,not_applicable
7387,46,M,23.5,0,0,0,0,0,0,0,0,0,0,0,0,0,N/A,normal,0,0,none,not_tb,0,not_applicable
7388,37,M,21.6,0,0,0,0,0,1,0,0,1,0,1,0,0,N/A,normal,0,0,none,not_tb,0,not_applicable
7389,65,M,18.5,0,1,6,1,0,1,0,0,0,0,3,1,1,not_detected,miliary,1,1,pulmonary,smear_positive_ptb,0,cured
7390,54,M,23.2,0,0,0,0,0,0,0,0,0,0,0,0,0,N/A,normal,0,0,none,not_tb,0,not_applicable
7391,52,M,20.8,0,1,8,0,0,1,1,1,0,1,2,1,1,not_detected,infiltrate,1,1,pulmonary,smear_positive_ptb,0,completed
7392,44,M,18.2,0,1,2,0,0,1,0,0,1,1,2,1,1,not_detected,infiltrate,1,1,pulmonary,smear_positive_ptb,0,cured
7393,40,M,25.1,1,0,0,0,0,0,0,0,0,0,0,1,0,N/A,normal,0,0,none,not_tb,0,not_applicable
7394,26,F,25.6,0,0,0,0,0,0,0,1,0,0,0,0,0,N/A,normal,0,0,none,not_tb,0,not_applicable
7395,30,F,17.5,0,1,8,1,1,1,0,1,1,1,4,1,1,not_detected,cavity,1,1,pulmonary,smear_positive_ptb,0,cured
7396,34,F,28.6,1,0,0,0,0,0,0,0,1,0,0,0,0,N/A,normal,0,0,none,not_tb,0,not_applicable
7397,41,M,24.6,0,0,0,0,0,1,0,0,0,0,1,0,0,N/A,infiltrate,1,0,none,not_tb,0,not_applicable
7398,51,M,20.5,0,0,0,0,0,0,0,0,0,0,0,0,0,N/A,normal,0,0,none,not_tb,0,not_applicable
7399,39,F,24.1,1,0,0,0,0,0,0,0,0,0,0,0,0,N/A,normal,0,0,none,not_tb,0,not_applicable
7400,35,F,25.6,0,0,0,0,0,0,1,0,0,0,0,0,0,N/A,normal,0,0,none,not_tb,0,not_applicable
7401,53,M,20.0,0,1,2,0,0,1,0,0,1,1,2,1,1,not_detected,infiltrate,1,1,pulmonary,smear_positive_ptb,0,completed
7402,20,M,22.7,0,0,0,0,0,0,0,0,0,0,0,0,0,N/A,normal,0,0,none,not_tb,0,not_applicable
7403,18,M,12.0,0,0,0,0,0,0,0,0,1,0,0,0,0,N/A,normal,0,0,none,not_tb,0,not_applicable
7404,23,M,16.1,1,1,4,1,1,1,1,1,1,1,4,1,1,not_detected,infiltrate,1,1,pulmonary,smear_positive_ptb,0,cured
7405,43,M,24.4,0,0,0,0,0,1,0,0,0,0,1,0,0,N/A,normal,0,0,none,not_tb,0,not_applicable
7406,40,M,16.0,1,1,3,1,1,1,0,1,1,0,4,0,1,not_detected,normal,0,1,pulmonary,smear_negative_ptb,0,lost_to_followup
7407,53,F,19.8,0,1,5,0,1,0,0,0,1,1,2,0,1,not_detected,infiltrate,1,1,pulmonary,smear_negative_ptb,0,cured
7408,44,M,25.1,0,0,0,0,0,0,0,0,0,0,0,0,0,N/A,normal,0,0,none,not_tb,0,not_applicable
7409,53,F,21.6,0,0,0,0,0,1,0,0,1,0,1,0,0,N/A,normal,0,0,none,not_tb,0,not_applicable
7410,35,M,15.8,0,0,0,0,0,1,0,0,1,0,1,0,0,N/A,normal,0,0,none,not_tb,0,not_applicable
7411,30,F,19.4,0,0,0,0,0,0,0,0,0,0,0,0,0,N/A,normal,0,0,none,not_tb,0,not_applicable
7412,34,F,24.4,1,0,0,0,0,0,0,0,0,0,0,0,0,N/A,normal,0,0,none,not_tb,0,not_applicable
7413,74,M,26.4,0,0,0,0,0,0,0,0,0,0,0,0,1,not_detected,other_pathology,1,0,none,not_tb,0,not_applicable
7414,56,F,14.7,0,0,0,1,0,0,0,0,0,1,1,0,0,N/A,normal,0,0,none,not_tb,0,not_applicable
7415,20,F,22.3,0,0,0,0,1,0,0,0,0,0,1,0,0,N/A,normal,0,0,none,not_tb,0,not_applicable
7416,20,F,14.8,1,1,4,0,1,0,0,1,1,0,2,0,1,detected,infiltrate,1,1,pulmonary,smear_negative_ptb,1,died
7417,31,M,22.3,0,0,0,0,0,0,0,0,0,0,0,0,0,N/A,normal,0,0,none,not_tb,0,not_applicable
7418,48,F,18.1,1,0,0,0,1,1,1,0,1,1,2,0,1,not_detected,normal,0,1,extrapulmonary,extrapulmonary_tb,0,cured
7419,49,M,24.4,0,1,5,1,1,0,0,0,1,1,3,0,0,N/A,pleural_effusion,1,1,extrapulmonary,extrapulmonary_tb,0,cured
7420,46,M,17.2,0,1,5,0,0,0,0,0,0,1,1,1,1,not_detected,infiltrate,1,1,pulmonary,smear_positive_ptb,0,cured
7421,33,M,25.7,0,0,0,0,0,0,0,0,0,0,0,0,0,N/A,normal,0,0,none,not_tb,0,not_applicable
7422,34,M,25.5,0,0,0,1,0,0,0,0,0,0,1,0,0,N/A,normal,0,0,none,not_tb,0,not_applicable
7423,29,M,21.3,1,0,0,0,0,0,0,0,0,0,0,0,0,N/A,normal,0,0,none,not_tb,0,not_applicable
7424,15,M,22.4,0,0,0,0,0,0,0,0,0,0,0,0,0,N/A,normal,0,0,none,not_tb,0,not_applicable
7425,25,F,22.0,0,0,0,0,0,0,0,0,0,0,0,0,0,N/A,old_tb_scar,1,0,none,not_tb,0,not_applicable
7426,22,M,16.6,0,0,0,1,0,1,0,1,1,1,2,1,1,not_detected,infiltrate,1,1,pulmonary,smear_positive_ptb,0,cured
7427,21,F,16.4,1,0,0,0,0,0,0,1,1,1,0,0,1,not_detected,normal,0,1,extrapulmonary,extrapulmonary_tb,0,died
7428,43,M,20.6,0,0,0,1,0,0,0,0,1,0,1,0,0,N/A,normal,0,0,none,not_tb,0,not_applicable
7429,28,F,18.0,1,0,0,0,0,0,0,0,0,0,0,0,0,N/A,normal,0,0,none,not_tb,0,not_applicable
7430,58,F,17.2,1,0,0,1,0,0,1,1,1,1,1,0,0,N/A,pleural_effusion,1,1,extrapulmonary,extrapulmonary_tb,0,died
7431,31,F,18.0,1,1,6,1,1,0,0,0,1,1,3,1,1,not_detected,cavity,1,1,pulmonary,smear_positive_ptb,0,completed
7432,32,F,18.9,1,1,5,0,0,1,0,0,0,1,2,0,1,not_detected,infiltrate,1,1,extrapulmonary,extrapulmonary_tb,0,cured
7433,27,F,23.6,1,0,0,0,0,0,0,0,0,0,0,0,0,N/A,normal,0,0,none,not_tb,0,not_applicable
7434,33,M,18.0,1,0,0,1,1,0,0,0,1,1,2,1,1,not_detected,cavity,1,1,pulmonary,smear_positive_ptb,0,completed
7435,36,M,19.3,0,0,0,1,0,0,0,0,0,0,1,0,0,N/A,infiltrate,1,0,none,not_tb,0,not_applicable
7436,27,M,19.6,0,0,0,0,0,1,0,0,1,0,1,1,1,detected,normal,0,1,pulmonary,smear_positive_ptb,1,completed
7437,36,M,24.8,0,0,0,0,0,0,0,0,1,0,0,0,0,N/A,normal,0,0,none,not_tb,0,not_applicable
7438,36,M,17.3,1,0,0,0,1,0,0,1,1,0,1,0,0,N/A,normal,0,1,pulmonary,smear_negative_ptb,0,completed
7439,15,M,16.0,0,1,3,1,0,0,0,1,1,0,2,1,1,not_detected,miliary,1,1,pulmonary,smear_positive_ptb,0,cured
7440,30,F,17.4,1,1,4,0,0,0,0,0,1,1,1,0,1,not_detected,miliary,1,1,pulmonary,smear_negative_ptb,0,failed
7441,42,F,18.0,1,1,9,1,1,0,0,0,1,0,3,1,1,not_detected,cavity,1,1,pulmonary,smear_positive_ptb,0,cured
7442,18,F,21.4,0,1,2,1,1,0,0,1,1,1,3,0,0,N/A,normal,0,1,extrapulmonary,extrapulmonary_tb,0,cured
7443,21,F,24.4,0,0,0,0,0,0,0,0,0,0,0,0,0,N/A,normal,0,0,none,not_tb,0,not_applicable
7444,47,M,18.5,0,1,2,1,1,1,0,0,1,1,4,0,0,N/A,normal,0,1,extrapulmonary,extrapulmonary_tb,0,cured
7445,35,M,28.7,0,0,0,0,0,0,0,0,0,0,0,0,0,N/A,other_pathology,1,0,none,not_tb,0,not_applicable
7446,51,F,21.9,0,0,0,0,0,0,0,0,0,0,0,0,0,N/A,old_tb_scar,1,0,none,not_tb,0,not_applicable
7447,17,F,26.9,0,0,0,0,0,0,0,1,0,0,0,0,0,N/A,normal,0,0,none,not_tb,0,not_applicable
7448,17,M,21.6,0,1,5,1,1,1,0,0,0,0,4,0,1,detected,miliary,1,1,pulmonary,smear_negative_ptb,0,died
7449,21,M,26.0,0,0,0,0,0,0,0,0,1,1,0,0,0,N/A,old_tb_scar,1,0,none,not_tb,0,not_applicable
7450,48,M,23.1,0,0,0,0,0,0,0,0,0,0,0,0,0,N/A,normal,0,0,none,not_tb,0,not_applicable
7451,51,M,22.4,1,1,2,0,0,0,0,0,0,0,1,0,0,N/A,normal,0,0,none,not_tb,0,not_applicable
7452,27,M,22.0,0,0,0,0,1,0,0,0,0,1,1,0,0,N/A,normal,0,0,none,not_tb,0,not_applicable
7453,32,M,20.6,1,1,5,1,1,0,0,1,1,0,3,0,1,not_detected,cavity,1,1,pulmonary,smear_negative_ptb,0,cured
7454,45,F,19.2,1,0,0,0,1,0,0,0,1,0,1,0,0,N/A,infiltrate,1,0,none,not_tb,0,not_applicable
7455,46,F,21.1,0,0,0,0,1,0,0,1,1,1,1,0,0,N/A,normal,0,0,none,not_tb,0,not_applicable
7456,30,M,27.8,0,0,0,0,0,0,0,0,0,0,0,0,0,N/A,normal,0,0,none,not_tb,0,not_applicable
7457,35,F,24.2,0,0,0,0,0,0,0,0,0,0,0,0,0,N/A,normal,0,0,none,not_tb,0,not_applicable
7458,35,F,25.3,0,0,0,0,0,0,0,0,0,0,0,0,0,N/A,normal,0,0,none,not_tb,0,not_applicable
7459,35,M,15.4,1,1,4,1,0,1,0,1,0,0,3,0,1,not_detected,infiltrate,1,1,pulmonary,smear_negative_ptb,0,cured
7460,26,F,20.5,0,0,0,0,0,0,0,1,0,0,0,0,0,N/A,normal,0,0,none,not_tb,0,not_applicable
7461,22,M,19.3,1,1,5,0,0,0,1,0,1,1,1,0,0,N/A,normal,0,1,extrapulmonary,extrapulmonary_tb,0,completed
7462,33,M,18.4,0,1,5,0,1,0,0,1,1,1,2,1,1,not_detected,normal,0,1,pulmonary,smear_positive_ptb,0,cured
7463,41,M,17.7,1,0,0,0,0,0,0,0,0,0,0,0,0,N/A,normal,0,0,none,not_tb,0,not_applicable
7464,40,F,24.7,0,0,0,0,0,0,0,1,0,0,0,0,0,N/A,normal,0,0,none,not_tb,0,not_applicable
7465,46,F,25.8,0,1,3,1,0,0,0,0,0,0,2,0,0,N/A,normal,0,0,none,not_tb,0,not_applicable
7466,56,M,17.8,1,1,4,0,1,0,0,1,1,1,2,0,1,not_detected,miliary,1,1,pulmonary,smear_negative_ptb,0,completed
7467,55,M,20.5,0,0,0,0,0,0,0,0,1,1,0,0,1,detected,pleural_effusion,1,1,pulmonary,smear_negative_ptb,1,cured
7468,50,M,29.1,0,1,3,0,0,0,0,0,1,0,1,0,0,N/A,old_tb_scar,1,0,none,not_tb,0,not_applicable
7469,36,F,27.3,1,1,2,0,0,0,0,0,0,0,1,0,0,N/A,infiltrate,1,0,none,not_tb,0,not_applicable
7470,47,F,17.9,0,0,0,1,1,1,0,1,0,1,3,0,1,not_detected,cavity,1,1,pulmonary,smear_negative_ptb,0,cured
7471,46,M,15.7,0,0,0,1,0,1,0,1,0,0,2,1,1,detected,cavity,1,1,pulmonary,smear_positive_ptb,1,cured
7472,28,F,22.8,0,1,3,1,0,0,0,0,0,0,2,0,0,N/A,normal,0,0,none,not_tb,0,not_applicable
7473,34,M,24.4,0,1,9,1,1,0,1,0,1,0,3,1,1,not_detected,cavity,1,1,pulmonary,smear_positive_ptb,0,cured
7474,37,M,26.7,0,0,0,0,0,0,0,0,0,0,0,0,0,N/A,normal,0,0,none,not_tb,0,not_applicable
7475,19,M,22.0,0,0,0,0,0,0,0,0,1,0,0,0,0,N/A,normal,0,0,none,not_tb,0,not_applicable
7476,44,M,22.4,0,1,8,1,0,1,0,0,1,0,3,0,1,not_detected,miliary,1,1,pulmonary,smear_negative_ptb,0,cured
7477,42,M,26.1,0,0,0,0,0,0,0,0,0,0,0,0,0,N/A,other_pathology,1,0,none,not_tb,0,not_applicable
7478,33,M,13.8,0,1,7,0,1,1,0,0,1,1,3,1,1,not_detected,pleural_effusion,1,1,extrapulmonary,extrapulmonary_tb,0,lost_to_followup
7479,52,M,25.7,0,0,0,0,0,0,0,0,0,0,0,0,0,N/A,old_tb_scar,1,0,none,not_tb,0,not_applicable
7480,28,F,22.4,0,0,0,0,0,0,0,0,0,0,0,0,0,N/A,other_pathology,1,0,none,not_tb,0,not_applicable
7481,36,M,19.0,1,0,0,0,0,0,0,0,0,0,0,0,0,N/A,normal,0,0,none,not_tb,0,not_applicable
7482,38,F,18.7,1,1,6,1,0,1,0,1,1,1,3,0,1,not_detected,pleural_effusion,1,1,pulmonary,smear_negative_ptb,0,cured
7483,29,M,19.5,0,1,5,1,1,1,0,0,1,0,4,1,1,not_detected,pleural_effusion,1,1,pulmonary,smear_positive_ptb,0,cured
7484,23,F,19.2,0,0,0,0,0,0,0,0,0,0,0,0,0,N/A,normal,0,0,none,not_tb,0,not_applicable
7485,57,M,21.6,1,0,0,0,0,0,0,0,1,0,0,0,0,N/A,normal,0,0,none,not_tb,0,not_applicable
7486,42,F,20.8,0,0,0,0,0,0,0,0,0,0,0,0,0,N/A,normal,0,0,none,not_tb,0,not_applicable
7487,29,M,24.8,1,0,0,0,0,0,0,0,0,0,0,0,0,N/A,old_tb_scar,1,0,none,not_tb,0,not_applicable
7488,34,M,17.7,0,1,10,1,0,0,0,1,1,0,2,1,1,not_detected,pleural_effusion,1,1,pulmonary,smear_positive_ptb,0,cured
7489,45,M,16.1,0,0,0,0,0,0,0,0,0,0,0,0,0,N/A,old_tb_scar,1,0,none,not_tb,0,not_applicable
7490,39,M,20.4,0,0,0,0,0,0,0,0,0,0,0,0,0,N/A,normal,0,0,none,not_tb,0,not_applicable
7491,42,F,18.7,0,0,0,0,0,0,0,0,0,0,0,0,0,N/A,old_tb_scar,1,0,none,not_tb,0,not_applicable
7492,63,F,17.5,0,0,0,0,0,0,1,0,1,0,0,0,0,N/A,old_tb_scar,1,0,none,not_tb,0,not_applicable
7493,52,F,21.5,1,1,3,0,1,1,0,1,1,0,3,0,1,not_detected,normal,0,1,pulmonary,smear_negative_ptb,0,cured
7494,32,M,24.8,0,0,0,0,0,1,0,0,0,0,1,0,0,N/A,normal,0,0,none,not_tb,0,not_applicable
7495,29,F,16.1,1,1,3,1,1,1,0,0,1,1,4,0,0,N/A,normal,0,1,extrapulmonary,extrapulmonary_tb,1,cured
7496,26,F,15.3,0,1,8,0,0,0,0,0,0,0,1,0,0,N/A,infiltrate,1,1,pulmonary,smear_negative_ptb,0,cured
7497,31,M,21.6,0,0,0,0,0,0,0,1,0,0,0,0,0,N/A,infiltrate,1,0,none,not_tb,0,not_applicable
7498,31,M,17.4,1,0,0,1,0,0,0,0,0,0,1,0,0,N/A,normal,0,0,none,not_tb,0,not_applicable
7499,61,F,21.2,0,1,3,0,0,0,0,0,1,0,1,0,0,N/A,normal,0,0,none,not_tb,0,not_applicable
7500,24,M,22.2,0,0,0,0,0,0,0,0,1,0,0,0,0,N/A,normal,0,0,none,not_tb,0,not_applicable
7501,33,M,19.3,0,1,3,1,1,0,0,1,1,1,3,0,1,not_detected,pleural_effusion,1,1,extrapulmonary,extrapulmonary_tb,0,completed
7502,62,F,19.4,1,1,5,1,1,1,0,1,0,0,4,0,1,not_detected,cavity,1,1,pulmonary,smear_negative_ptb,0,cured
7503,56,M,19.3,0,1,3,0,0,0,0,0,0,0,1,0,0,N/A,normal,0,0,none,not_tb,0,not_applicable
7504,38,M,22.2,0,0,0,0,0,0,0,1,0,0,0,0,0,N/A,infiltrate,1,0,none,not_tb,0,not_applicable
7505,30,M,26.5,0,1,2,0,0,0,0,0,0,0,1,0,0,N/A,normal,0,0,none,not_tb,0,not_applicable
7506,47,F,14.7,0,0,0,0,0,0,0,0,0,1,0,0,0,N/A,other_pathology,1,0,none,not_tb,0,not_applicable
7507,40,F,23.1,1,0,0,0,0,0,0,0,0,0,0,0,0,N/A,normal,0,0,none,not_tb,0,not_applicable
7508,68,F,17.9,0,0,0,0,0,0,0,1,0,0,0,0,0,N/A,old_tb_scar,1,0,none,not_tb,0,not_applicable
7509,29,F,22.0,1,1,4,0,0,0,0,0,1,1,1,0,1,not_detected,cavity,1,1,pulmonary,smear_negative_ptb,0,completed
7510,35,F,24.9,0,0,0,0,0,1,0,0,1,0,1,0,0,N/A,normal,0,0,none,not_tb,0,not_applicable
7511,33,F,24.7,1,0,0,0,0,1,0,1,0,0,1,0,0,N/A,normal,0,0,none,not_tb,0,not_applicable
7512,48,M,19.0,0,0,0,0,0,0,0,0,1,0,0,0,0,N/A,normal,0,0,none,not_tb,0,not_applicable
7513,32,M,22.9,0,0,0,0,0,0,0,0,0,0,0,0,0,N/A,normal,0,0,none,not_tb,0,not_applicable
7514,35,F,23.3,0,0,0,0,0,0,0,0,0,0,0,0,0,N/A,normal,0,0,none,not_tb,0,not_applicable
7515,37,F,12.6,1,0,0,1,1,1,0,0,1,0,3,1,1,not_detected,pleural_effusion,1,1,pulmonary,smear_positive_ptb,0,died
7516,36,M,22.5,0,0,0,1,0,0,0,0,0,0,1,0,0,N/A,normal,0,0,none,not_tb,0,not_applicable
7517,21,F,20.0,1,0,0,1,0,1,0,0,0,1,2,0,0,N/A,normal,0,1,extrapulmonary,extrapulmonary_tb,0,cured
7518,35,F,17.1,1,0,0,0,0,1,0,0,0,0,1,0,0,N/A,normal,0,0,none,not_tb,0,not_applicable
7519,45,M,24.1,0,0,0,1,1,0,0,0,0,0,2,0,0,N/A,normal,0,0,none,not_tb,0,not_applicable
7520,43,M,22.3,0,0,0,0,0,0,0,0,0,0,0,0,0,N/A,normal,0,0,none,not_tb,0,not_applicable
7521,24,M,26.8,0,0,0,1,0,0,0,0,0,0,1,0,0,N/A,normal,0,0,none,not_tb,0,not_applicable
7522,25,M,17.5,0,1,2,1,1,1,0,0,1,1,4,1,1,not_detected,infiltrate,1,1,pulmonary,smear_positive_ptb,0,completed
7523,57,M,22.6,0,0,0,0,0,0,0,0,0,0,0,0,0,N/A,normal,0,0,none,not_tb,0,not_applicable
7524,25,M,23.2,0,0,0,0,0,0,0,0,0,0,0,0,0,N/A,normal,0,0,none,not_tb,0,not_applicable
7525,73,M,12.2,0,0,0,0,0,0,0,0,1,0,0,0,0,N/A,other_pathology,1,0,none,not_tb,0,not_applicable
7526,32,M,20.8,0,0,0,0,0,0,0,0,1,0,0,0,0,N/A,old_tb_scar,1,0,none,not_tb,0,not_applicable
7527,42,F,22.3,0,0,0,0,0,0,0,0,0,0,0,0,0,N/A,normal,0,0,none,not_tb,0,not_applicable
7528,27,F,12.6,0,1,3,1,1,0,0,1,1,0,3,0,1,not_detected,normal,0,1,extrapulmonary,extrapulmonary_tb,0,cured
7529,30,M,24.4,0,0,0,0,0,0,0,0,1,0,0,0,0,N/A,normal,0,0,none,not_tb,0,not_applicable
7530,48,M,22.3,0,0,0,0,0,0,0,0,0,0,0,0,0,N/A,normal,0,0,none,not_tb,0,not_applicable
7531,27,M,18.7,0,0,0,1,0,0,0,1,1,0,1,1,1,not_detected,cavity,1,1,pulmonary,smear_positive_ptb,0,cured
7532,17,M,24.5,1,0,0,0,0,0,0,1,0,0,0,0,0,N/A,normal,0,0,none,not_tb,0,not_applicable
7533,25,M,17.5,1,1,4,1,1,1,0,1,1,1,4,0,1,not_detected,normal,0,1,pulmonary,smear_negative_ptb,0,cured
7534,29,M,22.2,1,0,0,0,0,0,0,0,0,0,0,0,1,not_detected,normal,0,0,none,not_tb,0,not_applicable
7535,21,M,25.0,0,0,0,0,0,0,0,0,0,0,0,0,0,N/A,normal,0,0,none,not_tb,0,not_applicable
7536,37,F,18.6,0,1,8,1,0,1,0,1,1,0,3,1,1,not_detected,pleural_effusion,1,1,pulmonary,smear_positive_ptb,0,died
7537,62,M,15.5,1,0,0,1,0,0,0,0,0,0,1,0,0,N/A,normal,0,0,none,not_tb,0,not_applicable
7538,55,F,22.2,0,0,0,0,0,0,0,0,0,0,0,0,0,N/A,normal,0,0,none,not_tb,0,not_applicable
7539,46,M,18.7,0,1,6,1,1,0,0,0,1,1,3,0,1,not_detected,infiltrate,1,1,pulmonary,smear_negative_ptb,0,failed
7540,39,M,25.2,0,0,0,0,0,0,0,0,0,0,0,0,0,N/A,normal,0,0,none,not_tb,0,not_applicable
7541,32,F,17.6,1,1,12,1,0,0,0,1,1,0,2,0,1,not_detected,normal,0,1,extrapulmonary,extrapulmonary_tb,0,cured
7542,24,M,18.6,0,0,0,0,0,0,0,0,0,0,0,0,0,N/A,infiltrate,1,0,none,not_tb,0,not_applicable
7543,16,F,18.6,0,0,0,0,0,0,0,0,0,0,0,0,0,N/A,other_pathology,1,0,none,not_tb,0,not_applicable
7544,30,F,22.1,0,1,4,1,0,0,0,1,1,0,2,1,1,not_detected,infiltrate,1,1,pulmonary,smear_positive_ptb,0,cured
7545,44,M,23.0,1,0,0,0,0,0,0,0,0,0,0,0,0,N/A,normal,0,0,none,not_tb,0,not_applicable
7546,37,M,22.0,1,0,0,0,1,1,1,0,0,1,2,0,1,not_detected,infiltrate,1,1,pulmonary,smear_negative_ptb,0,cured
7547,41,M,22.3,0,0,0,1,0,0,0,1,1,1,1,1,1,not_detected,miliary,1,1,pulmonary,smear_positive_ptb,0,cured
7548,29,M,19.4,0,0,0,0,0,0,0,0,1,0,0,0,0,N/A,other_pathology,1,0,none,not_tb,0,not_applicable
7549,43,M,19.1,1,0,0,1,0,0,0,0,1,0,1,0,0,N/A,normal,0,0,none,not_tb,0,not_applicable
7550,34,M,18.2,0,1,2,0,0,0,0,0,1,1,1,1,1,detected,infiltrate,1,1,pulmonary,smear_positive_ptb,1,died
7551,44,F,20.0,1,1,3,0,0,1,0,1,1,0,2,1,1,not_detected,cavity,1,1,pulmonary,smear_positive_ptb,0,cured
7552,46,F,17.1,0,0,0,0,0,0,0,0,1,0,0,0,0,N/A,normal,0,0,none,not_tb,0,not_applicable
7553,38,M,23.6,0,1,2,0,0,0,0,0,1,0,1,0,0,N/A,other_pathology,1,0,none,not_tb,0,not_applicable
7554,45,M,19.5,1,1,5,1,0,1,1,1,0,1,3,0,0,N/A,normal,0,1,pulmonary,smear_negative_ptb,0,completed
7555,39,F,15.7,1,1,5,1,1,1,0,1,1,0,4,0,1,not_detected,infiltrate,1,1,pulmonary,smear_negative_ptb,0,cured
7556,32,F,18.2,0,0,0,0,0,0,0,1,0,0,0,0,0,N/A,normal,0,0,none,not_tb,0,not_applicable
7557,52,M,19.6,0,1,2,1,1,0,0,0,1,0,3,0,1,not_detected,infiltrate,1,1,pulmonary,smear_negative_ptb,0,cured
7558,27,M,29.3,1,0,0,0,0,1,0,0,0,0,1,0,0,N/A,normal,0,0,none,not_tb,0,not_applicable
7559,37,F,21.0,0,0,0,0,0,0,0,1,0,0,0,0,0,N/A,normal,0,0,none,not_tb,0,not_applicable
7560,19,F,19.3,1,1,3,1,1,1,0,0,0,1,4,1,1,not_detected,pleural_effusion,1,1,pulmonary,smear_positive_ptb,0,cured
7561,49,F,19.9,0,0,0,0,0,0,0,0,0,0,0,0,0,N/A,normal,0,0,none,not_tb,0,not_applicable
7562,40,M,22.8,0,0,0,0,0,0,0,0,0,1,0,0,0,N/A,normal,0,0,none,not_tb,0,not_applicable
7563,67,M,19.8,0,0,0,0,0,1,0,0,0,0,1,0,0,N/A,normal,0,0,none,not_tb,0,not_applicable
7564,19,M,21.1,0,1,6,0,0,0,0,0,0,0,1,0,0,N/A,normal,0,0,none,not_tb,0,not_applicable
7565,45,M,30.6,0,0,0,0,0,0,0,0,1,0,0,0,0,N/A,normal,0,0,none,not_tb,0,not_applicable
7566,59,F,22.4,0,0,0,0,0,0,0,0,0,0,0,0,0,N/A,normal,0,0,none,not_tb,0,not_applicable
7567,61,M,14.6,0,1,3,1,1,1,0,0,1,1,4,1,1,not_detected,infiltrate,1,1,pulmonary,smear_positive_ptb,0,cured
7568,40,F,20.1,1,0,0,1,0,1,0,1,1,1,2,1,1,not_detected,cavity,1,1,pulmonary,smear_positive_ptb,0,failed
7569,18,F,26.0,0,0,0,0,0,0,0,0,0,0,0,0,0,N/A,infiltrate,1,0,none,not_tb,0,not_applicable
7570,66,F,24.4,0,0,0,0,0,0,0,0,0,0,0,0,0,N/A,normal,0,0,none,not_tb,0,not_applicable
7571,43,F,18.1,1,1,6,1,1,1,0,1,1,1,4,0,1,not_detected,pleural_effusion,1,1,extrapulmonary,extrapulmonary_tb,0,cured
7572,47,F,18.8,0,0,0,0,0,0,0,0,0,0,0,0,0,N/A,normal,0,0,none,not_tb,0,not_applicable
7573,22,M,18.9,0,0,0,0,0,0,0,0,1,0,0,0,0,N/A,normal,0,0,none,not_tb,0,not_applicable
7574,51,M,21.3,0,0,0,0,0,0,0,0,0,0,0,0,0,N/A,old_tb_scar,1,0,none,not_tb,0,not_applicable
7575,33,M,20.7,0,0,0,0,1,0,1,0,1,0,1,0,0,N/A,normal,0,0,none,not_tb,0,not_applicable
7576,37,F,20.0,0,0,0,0,0,0,0,1,0,0,0,0,0,N/A,old_tb_scar,1,0,none,not_tb,0,not_applicable
7577,33,F,21.5,1,1,5,0,1,0,0,0,0,1,2,0,1,not_detected,infiltrate,1,1,pulmonary,smear_negative_ptb,0,died
7578,40,M,25.2,0,0,0,0,0,0,0,0,0,1,0,0,0,N/A,normal,0,0,none,not_tb,0,not_applicable
7579,49,M,26.4,0,0,0,0,0,0,0,0,1,0,0,0,0,N/A,normal,0,0,none,not_tb,0,not_applicable
7580,52,M,19.2,1,0,0,0,0,0,0,0,1,0,0,0,0,N/A,normal,0,0,none,not_tb,0,not_applicable
7581,15,M,18.8,0,0,0,0,0,0,0,0,0,0,0,0,0,N/A,normal,0,0,none,not_tb,0,not_applicable
7582,22,F,22.3,0,0,0,0,0,0,0,0,0,0,0,0,0,N/A,infiltrate,1,0,none,not_tb,0,not_applicable
7583,16,M,19.5,0,1,5,1,0,0,0,0,1,1,2,1,1,not_detected,infiltrate,1,1,pulmonary,smear_positive_ptb,0,cured
7584,67,F,22.3,1,0,0,0,0,1,0,0,0,0,1,0,0,N/A,other_pathology,1,0,none,not_tb,0,not_applicable
7585,49,M,23.2,0,0,0,0,0,0,0,0,0,0,0,0,0,N/A,normal,0,0,none,not_tb,0,not_applicable
7586,49,M,22.5,0,1,3,0,1,0,0,0,0,1,2,1,1,not_detected,cavity,1,1,pulmonary,smear_positive_ptb,0,cured
7587,37,M,18.0,1,1,4,1,0,1,0,0,1,0,3,0,1,not_detected,pleural_effusion,1,1,pulmonary,smear_negative_ptb,0,cured
7588,16,F,24.8,0,0,0,0,0,0,0,1,0,0,0,0,0,N/A,normal,0,0,none,not_tb,0,not_applicable
7589,28,F,19.8,1,1,3,1,1,1,0,0,0,1,4,0,1,not_detected,infiltrate,1,1,pulmonary,smear_negative_ptb,0,completed
7590,22,M,22.3,0,0,0,0,0,0,0,0,0,1,0,0,0,N/A,normal,0,0,none,not_tb,0,not_applicable
7591,28,M,24.7,0,1,2,0,1,0,0,0,0,0,2,0,0,N/A,normal,0,0,none,not_tb,0,not_applicable
7592,30,F,16.6,1,0,0,0,0,1,0,1,1,0,1,0,1,detected,infiltrate,1,1,pulmonary,smear_negative_ptb,1,cured
7593,25,F,18.6,0,1,2,0,0,1,0,0,0,1,2,0,0,N/A,other_pathology,1,0,none,not_tb,0,not_applicable
7594,64,F,23.5,0,0,0,0,0,0,0,0,0,0,0,0,0,N/A,normal,0,0,none,not_tb,0,not_applicable
7595,49,F,16.3,0,0,0,1,0,0,0,0,0,0,1,0,0,N/A,normal,0,0,none,not_tb,0,not_applicable
7596,32,F,19.8,1,1,5,1,1,1,0,1,0,1,4,0,1,not_detected,pleural_effusion,1,1,pulmonary,smear_negative_ptb,0,cured
7597,39,M,18.1,0,0,0,0,0,0,0,0,0,0,0,0,0,N/A,other_pathology,1,0,none,not_tb,0,not_applicable
7598,69,F,22.3,1,0,0,1,0,1,0,0,0,1,2,0,0,N/A,cavity,1,1,pulmonary,smear_negative_ptb,0,died
7599,48,M,20.6,0,0,0,0,0,0,0,0,0,0,0,0,0,N/A,normal,0,0,none,not_tb,0,not_applicable
7600,29,F,22.1,0,1,5,0,0,1,0,0,1,1,2,1,1,not_detected,infiltrate,1,1,pulmonary,smear_positive_ptb,0,cured
7601,34,F,21.3,1,0,0,0,0,0,0,0,0,0,0,0,0,N/A,normal,0,0,none,not_tb,0,not_applicable
7602,33,F,17.9,1,1,6,0,1,1,0,0,0,0,3,0,1,not_detected,pleural_effusion,1,1,extrapulmonary,extrapulmonary_tb,0,died
7603,35,M,20.7,1,1,2,1,1,1,0,1,1,1,4,1,0,N/A,normal,0,1,extrapulmonary,extrapulmonary_tb,0,cured
7604,51,M,23.0,1,0,0,0,0,0,0,1,0,0,0,0,0,N/A,normal,0,0,none,not_tb,0,not_applicable
7605,53,F,18.3,0,1,4,0,0,0,0,0,1,1,1,0,0,N/A,miliary,1,1,pulmonary,smear_negative_ptb,0,completed
7606,63,F,17.5,0,1,6,0,1,0,0,0,1,0,2,1,1,not_detected,normal,0,1,pulmonary,smear_positive_ptb,0,cured
7607,61,F,17.5,1,1,4,1,1,0,0,1,0,0,3,0,0,N/A,cavity,1,1,pulmonary,smear_negative_ptb,0,cured
7608,20,M,24.4,0,1,8,1,0,0,0,0,1,1,2,1,1,not_detected,infiltrate,1,1,pulmonary,smear_positive_ptb,0,cured
7609,43,M,14.3,0,1,4,0,0,1,0,1,1,1,2,0,1,not_detected,normal,0,1,pulmonary,smear_negative_ptb,0,cured
7610,35,F,15.5,1,0,0,1,0,0,0,0,0,0,1,1,1,detected,cavity,1,1,pulmonary,smear_positive_ptb,0,completed
7611,36,F,21.4,0,1,2,1,0,1,1,1,1,0,3,1,1,not_detected,miliary,1,1,pulmonary,smear_positive_ptb,0,cured
7612,21,F,21.3,1,0,0,0,0,1,1,0,1,1,1,1,1,not_detected,infiltrate,1,1,pulmonary,smear_positive_ptb,0,completed
7613,53,F,16.2,0,1,7,0,1,1,0,1,1,1,3,1,1,not_detected,normal,0,1,pulmonary,smear_positive_ptb,0,cured
7614,43,M,15.9,0,0,0,0,0,1,0,0,0,0,1,0,0,N/A,old_tb_scar,1,0,none,not_tb,0,not_applicable
7615,37,M,21.7,0,1,5,0,1,1,0,0,0,1,3,1,1,not_detected,infiltrate,1,1,pulmonary,smear_positive_ptb,0,completed
7616,33,F,18.3,0,1,3,0,0,0,0,0,0,0,1,0,0,N/A,other_pathology,1,0,none,not_tb,0,not_applicable
7617,52,M,17.3,0,1,3,0,0,1,0,0,1,1,2,0,1,not_detected,infiltrate,1,1,pulmonary,smear_negative_ptb,0,lost_to_followup
7618,39,F,18.7,0,1,2,0,1,1,1,0,0,0,3,0,0,N/A,normal,0,1,extrapulmonary,extrapulmonary_tb,0,completed
7619,36,F,15.8,1,1,5,1,1,1,0,1,1,0,4,0,0,N/A,infiltrate,1,1,pulmonary,smear_negative_ptb,0,completed
7620,20,F,20.8,1,0,0,1,1,1,0,0,1,0,3,0,0,N/A,infiltrate,1,1,pulmonary,smear_negative_ptb,0,died
7621,26,M,18.6,1,1,2,1,0,0,0,0,1,1,2,1,1,not_detected,infiltrate,1,1,pulmonary,smear_positive_ptb,0,failed
7622,24,F,18.9,0,0,0,0,0,0,0,0,1,0,0,0,0,N/A,normal,0,0,none,not_tb,0,not_applicable
7623,51,M,16.5,0,1,2,0,1,1,0,1,1,0,3,0,1,detected,infiltrate,1,1,pulmonary,smear_negative_ptb,1,cured
7624,29,M,21.7,0,0,0,0,0,0,0,1,1,0,0,0,0,N/A,infiltrate,1,1,pulmonary,smear_negative_ptb,0,cured
7625,37,M,21.0,0,0,0,1,0,0,0,0,0,0,1,0,0,N/A,normal,0,0,none,not_tb,0,not_applicable
7626,41,M,20.0,0,1,7,0,1,1,0,0,1,1,3,1,1,not_detected,infiltrate,1,1,pulmonary,smear_positive_ptb,0,cured
7627,25,F,22.0,0,0,0,0,0,0,0,0,0,1,0,0,0,N/A,normal,0,0,none,not_tb,0,not_applicable
7628,29,F,15.9,0,0,0,0,0,0,0,0,0,0,0,0,0,N/A,normal,0,0,none,not_tb,0,not_applicable
7629,57,M,20.4,0,1,3,1,0,0,1,0,1,1,2,0,0,N/A,normal,0,1,extrapulmonary,extrapulmonary_tb,0,failed
7630,67,F,25.8,0,0,0,0,0,0,0,0,0,0,0,0,0,N/A,infiltrate,1,0,none,not_tb,0,not_applicable
7631,22,M,28.4,0,0,0,0,0,0,0,0,0,1,0,0,0,N/A,normal,0,0,none,not_tb,0,not_applicable
7632,77,F,13.7,1,0,0,1,0,1,0,0,0,0,2,0,1,not_detected,normal,0,1,extrapulmonary,extrapulmonary_tb,0,cured
7633,21,F,12.0,0,0,0,0,0,0,0,0,0,0,0,0,0,N/A,normal,0,0,none,not_tb,0,not_applicable
7634,33,M,24.2,0,0,0,0,0,0,0,0,1,0,0,0,0,N/A,normal,0,0,none,not_tb,0,not_applicable
7635,25,M,19.9,0,0,0,0,0,1,0,0,0,0,1,0,0,N/A,normal,0,0,none,not_tb,0,not_applicable
7636,63,M,14.9,1,1,5,1,0,1,0,1,1,0,3,1,1,not_detected,infiltrate,1,1,pulmonary,smear_positive_ptb,0,failed
7637,69,M,18.8,1,1,8,1,0,1,0,0,0,1,3,1,1,not_detected,infiltrate,1,1,pulmonary,smear_positive_ptb,0,died
7638,45,F,20.4,0,0,0,1,0,0,0,0,1,0,1,0,0,N/A,normal,0,0,none,not_tb,0,not_applicable
7639,76,M,17.5,0,0,0,0,0,0,0,0,0,0,0,0,0,N/A,normal,0,0,none,not_tb,0,not_applicable
7640,48,M,21.7,0,0,0,0,0,1,0,0,1,0,1,0,0,N/A,normal,0,0,none,not_tb,0,not_applicable
7641,20,M,24.0,0,0,0,0,0,0,0,0,0,0,0,0,0,N/A,infiltrate,1,0,none,not_tb,0,not_applicable
7642,24,F,22.6,0,0,0,0,0,0,0,0,0,0,0,0,0,N/A,normal,0,0,none,not_tb,0,not_applicable
7643,37,M,22.6,0,0,0,0,0,0,0,1,1,0,0,0,0,N/A,normal,0,0,none,not_tb,0,not_applicable
7644,65,F,23.6,1,1,5,0,0,0,0,0,0,0,1,0,0,N/A,normal,0,0,none,not_tb,0,not_applicable
7645,35,F,16.1,1,0,0,0,0,0,0,0,0,0,0,0,1,not_detected,normal,0,0,none,not_tb,0,not_applicable
7646,43,M,21.8,0,0,0,0,0,0,0,0,0,1,0,0,0,N/A,old_tb_scar,1,0,none,not_tb,0,not_applicable
7647,16,M,22.8,0,0,0,0,0,0,0,0,0,0,0,0,0,N/A,normal,0,0,none,not_tb,0,not_applicable
7648,32,M,20.7,0,0,0,0,0,0,0,0,0,0,0,0,0,N/A,normal,0,0,none,not_tb,0,not_applicable
7649,30,M,19.1,0,1,3,0,0,0,0,0,0,0,1,0,0,N/A,normal,0,0,none,not_tb,0,not_applicable
7650,36,F,16.6,1,0,0,1,1,0,0,0,0,0,2,0,0,N/A,infiltrate,1,1,pulmonary,smear_negative_ptb,0,lost_to_followup
7651,48,F,21.0,0,0,0,1,0,0,0,0,0,1,1,0,0,N/A,normal,0,0,none,not_tb,0,not_applicable
7652,36,M,25.2,1,1,2,0,0,1,0,0,0,0,2,0,0,N/A,infiltrate,1,0,none,not_tb,0,not_applicable
7653,25,M,27.3,0,0,0,1,0,0,0,0,0,0,1,0,0,N/A,normal,0,0,none,not_tb,0,not_applicable
7654,48,M,26.6,0,0,0,0,0,1,0,1,1,0,1,0,0,N/A,normal,0,0,none,not_tb,0,not_applicable
7655,30,M,16.5,0,0,0,0,0,0,0,0,0,0,0,0,0,N/A,old_tb_scar,1,0,none,not_tb,0,not_applicable
7656,46,F,18.7,0,0,0,1,0,0,0,1,0,0,1,0,0,N/A,other_pathology,1,0,none,not_tb,0,not_applicable
7657,40,F,20.1,0,0,0,1,0,1,0,0,0,1,2,1,1,not_detected,pleural_effusion,1,1,pulmonary,smear_positive_ptb,0,cured
7658,48,F,26.6,0,0,0,0,0,0,0,0,0,1,0,0,0,N/A,normal,0,0,none,not_tb,0,not_applicable
7659,38,M,18.6,1,0,0,0,0,0,0,0,1,0,0,0,0,N/A,normal,0,0,none,not_tb,0,not_applicable
7660,41,M,22.6,0,0,0,0,0,0,0,0,0,0,0,0,1,not_detected,normal,0,0,none,not_tb,0,not_applicable
7661,56,M,15.7,0,1,5,0,1,1,0,0,1,1,3,1,1,not_detected,normal,0,1,extrapulmonary,extrapulmonary_tb,0,cured
7662,52,F,23.0,1,0,0,0,0,0,0,0,0,0,0,0,0,N/A,normal,0,0,none,not_tb,0,not_applicable
7663,41,F,19.7,0,0,0,0,0,0,0,0,0,0,0,0,0,N/A,normal,0,0,none,not_tb,0,not_applicable
7664,44,F,19.0,1,0,0,1,1,1,1,1,0,0,3,0,1,not_detected,infiltrate,1,1,pulmonary,smear_negative_ptb,0,lost_to_followup
7665,26,M,17.8,1,0,0,0,0,0,0,0,0,0,0,0,0,N/A,other_pathology,1,0,none,not_tb,0,not_applicable
7666,48,M,16.3,0,0,0,0,0,0,0,0,1,0,0,0,0,N/A,other_pathology,1,0,none,not_tb,0,not_applicable
7667,51,F,32.8,0,0,0,0,1,0,0,0,0,0,1,0,0,N/A,normal,0,0,none,not_tb,0,not_applicable
7668,30,M,22.2,0,0,0,0,0,0,0,0,0,0,0,0,0,N/A,old_tb_scar,1,0,none,not_tb,0,not_applicable
7669,27,F,29.5,0,1,4,0,0,0,0,0,0,0,1,0,0,N/A,normal,0,0,none,not_tb,0,not_applicable
7670,28,M,27.3,0,1,5,0,1,0,0,0,0,0,2,0,0,N/A,old_tb_scar,1,0,none,not_tb,0,not_applicable
7671,41,F,16.3,0,0,0,0,0,0,0,0,0,0,0,0,0,N/A,normal,0,0,none,not_tb,0,not_applicable
7672,43,M,23.3,0,0,0,0,0,0,0,0,1,0,0,0,0,N/A,normal,0,0,none,not_tb,0,not_applicable
7673,34,F,17.5,1,0,0,0,0,0,0,0,0,0,0,0,0,N/A,normal,0,0,none,not_tb,0,not_applicable
7674,35,M,17.8,0,1,3,1,1,1,0,0,1,1,4,1,1,not_detected,pleural_effusion,1,1,pulmonary,smear_positive_ptb,0,completed
7675,35,M,15.4,0,0,0,0,0,0,0,0,0,0,0,0,0,N/A,normal,0,0,none,not_tb,0,not_applicable
7676,63,M,16.5,0,0,0,0,1,0,0,0,0,0,1,0,0,N/A,normal,0,0,none,not_tb,0,not_applicable
7677,36,M,19.0,0,0,0,1,0,1,0,1,0,0,2,0,0,N/A,normal,0,0,none,not_tb,0,not_applicable
7678,54,F,20.1,0,0,0,0,0,0,0,0,0,0,0,0,0,N/A,normal,0,0,none,not_tb,0,not_applicable
7679,66,F,18.6,0,1,3,1,1,1,0,0,1,0,4,0,0,N/A,pleural_effusion,1,1,pulmonary,smear_negative_ptb,1,died
7680,36,F,15.9,0,1,7,1,1,1,1,1,1,1,4,1,1,not_detected,miliary,1,1,pulmonary,smear_positive_ptb,0,cured
7681,62,F,18.9,0,1,4,0,0,0,0,1,1,0,1,0,1,not_detected,cavity,1,1,pulmonary,smear_negative_ptb,0,cured
7682,46,F,26.0,0,1,2,0,0,0,0,0,1,0,1,1,0,N/A,normal,0,0,none,not_tb,0,not_applicable
7683,49,M,23.0,0,0,0,1,0,0,0,0,1,0,1,0,0,N/A,normal,0,0,none,not_tb,0,not_applicable
7684,47,F,21.8,0,0,0,0,0,0,0,0,0,0,0,0,0,N/A,other_pathology,1,0,none,not_tb,0,not_applicable
7685,60,M,23.2,0,0,0,0,0,0,0,0,1,0,0,0,0,N/A,normal,0,0,none,not_tb,0,not_applicable
7686,54,F,17.0,0,0,0,0,0,0,0,0,1,0,0,0,0,N/A,normal,0,0,none,not_tb,0,not_applicable
7687,55,M,25.3,0,0,0,0,0,0,0,0,0,0,0,0,0,N/A,normal,0,0,none,not_tb,0,not_applicable
7688,50,F,17.8,0,0,0,1,0,0,0,0,1,0,1,0,0,N/A,infiltrate,1,0,none,not_tb,0,not_applicable
7689,46,M,27.4,0,0,0,0,0,0,0,0,0,1,0,0,0,N/A,other_pathology,1,0,none,not_tb,0,not_applicable
7690,52,M,20.4,1,0,0,0,1,1,0,0,1,0,2,0,1,not_detected,pleural_effusion,1,1,pulmonary,smear_negative_ptb,0,cured
7691,35,M,23.9,1,1,5,0,0,0,0,0,0,0,1,0,0,N/A,normal,0,0,none,not_tb,0,not_applicable
7692,26,M,20.0,0,1,9,0,1,0,0,1,0,0,2,0,0,N/A,normal,0,1,extrapulmonary,extrapulmonary_tb,0,cured
7693,62,M,22.0,0,0,0,1,0,0,0,0,0,0,1,0,0,N/A,other_pathology,1,0,none,not_tb,0,not_applicable
7694,62,M,19.2,0,0,0,1,0,1,0,0,1,0,2,0,0,N/A,infiltrate,1,0,none,not_tb,0,not_applicable
7695,39,M,18.7,0,0,0,0,0,0,0,0,0,0,0,0,0,N/A,normal,0,0,none,not_tb,0,not_applicable
7696,31,F,22.9,1,1,4,0,0,0,1,1,1,1,1,1,1,not_detected,infiltrate,1,1,pulmonary,smear_positive_ptb,0,completed
7697,48,M,22.4,0,0,0,1,0,0,0,0,0,0,1,0,0,N/A,other_pathology,1,0,none,not_tb,0,not_applicable
7698,28,F,18.1,0,0,0,0,0,0,0,0,0,1,0,0,0,N/A,normal,0,0,none,not_tb,0,not_applicable
7699,24,M,23.8,0,0,0,0,0,0,0,0,0,0,0,0,0,N/A,infiltrate,1,0,none,not_tb,0,not_applicable
7700,24,M,23.2,0,0,0,0,0,0,0,0,0,1,0,0,0,N/A,infiltrate,1,0,none,not_tb,0,not_applicable
7701,37,M,20.8,0,0,0,0,1,0,0,0,0,0,1,0,0,N/A,old_tb_scar,1,0,none,not_tb,0,not_applicable
7702,38,M,18.9,1,0,0,1,0,0,0,0,0,0,1,0,0,N/A,normal,0,0,none,not_tb,0,not_applicable
7703,31,M,20.3,1,1,7,1,1,0,1,1,1,1,3,0,1,not_detected,infiltrate,1,1,pulmonary,smear_negative_ptb,0,died
7704,37,F,25.3,0,0,0,0,0,0,0,0,0,0,0,0,0,N/A,old_tb_scar,1,0,none,not_tb,0,not_applicable
7705,57,M,23.1,0,0,0,0,0,0,0,0,0,0,0,0,0,N/A,normal,0,0,none,not_tb,0,not_applicable
7706,38,M,22.3,0,0,0,0,0,0,0,0,0,0,0,0,1,not_detected,normal,0,0,none,not_tb,0,not_applicable
7707,35,M,16.5,1,0,0,1,1,0,0,1,1,1,2,0,0,N/A,infiltrate,1,1,extrapulmonary,extrapulmonary_tb,0,cured
7708,47,M,19.7,0,1,2,0,1,1,0,0,0,0,3,1,1,detected,infiltrate,1,1,pulmonary,smear_positive_ptb,1,failed
7709,49,M,19.8,0,0,0,0,0,0,0,0,0,0,0,0,0,N/A,other_pathology,1,0,none,not_tb,0,not_applicable
7710,64,F,17.5,0,0,0,0,0,0,0,0,0,0,0,0,0,N/A,normal,0,0,none,not_tb,0,not_applicable
7711,45,M,25.9,0,0,0,0,0,0,0,0,0,0,0,0,0,N/A,old_tb_scar,1,0,none,not_tb,0,not_applicable
7712,16,F,18.4,0,0,0,0,0,0,0,0,0,0,0,0,0,N/A,normal,0,0,none,not_tb,0,not_applicable
7713,46,M,15.4,0,0,0,0,0,0,0,0,0,0,0,0,0,N/A,normal,0,0,none,not_tb,0,not_applicable
7714,24,M,21.8,0,1,10,0,1,1,1,0,0,0,3,0,1,detected,pleural_effusion,1,1,pulmonary,smear_negative_ptb,1,cured
7715,68,M,15.9,0,0,0,0,0,0,0,0,0,0,0,0,0,N/A,normal,0,0,none,not_tb,0,not_applicable
7716,44,M,20.6,0,0,0,0,0,0,0,0,0,0,0,0,0,N/A,other_pathology,1,0,none,not_tb,0,not_applicable
7717,32,M,18.2,0,0,0,0,0,0,0,0,1,0,0,0,0,N/A,normal,0,0,none,not_tb,0,not_applicable
7718,40,F,16.7,1,0,0,1,1,0,0,1,0,1,2,0,0,N/A,infiltrate,1,1,pulmonary,smear_negative_ptb,0,completed
7719,52,F,29.8,0,1,6,0,0,0,0,0,0,0,1,0,0,N/A,old_tb_scar,1,0,none,not_tb,0,not_applicable
7720,25,M,21.6,0,0,0,0,0,0,0,0,1,0,0,0,0,N/A,normal,0,0,none,not_tb,0,not_applicable
7721,47,M,23.3,1,0,0,0,0,0,0,0,0,1,0,0,0,N/A,normal,0,0,none,not_tb,0,not_applicable
7722,18,F,20.5,0,1,6,0,1,0,0,1,0,1,2,1,1,not_detected,infiltrate,1,1,pulmonary,smear_positive_ptb,0,cured
7723,31,M,16.9,0,1,7,1,0,1,1,0,1,1,3,1,1,not_detected,cavity,1,1,pulmonary,smear_positive_ptb,0,cured
7724,26,M,25.8,1,0,0,0,0,0,0,0,0,0,0,0,0,N/A,infiltrate,1,0,none,not_tb,0,not_applicable
7725,54,F,23.3,0,0,0,0,0,0,0,0,0,0,0,0,0,N/A,normal,0,0,none,not_tb,0,not_applicable
7726,52,M,24.6,0,0,0,1,0,0,0,0,0,1,1,0,0,N/A,old_tb_scar,1,0,none,not_tb,0,not_applicable
7727,29,M,19.5,0,0,0,0,1,0,0,1,0,1,1,0,0,N/A,normal,0,0,none,not_tb,0,not_applicable
7728,43,M,23.6,0,0,0,0,0,0,0,0,0,0,0,0,0,N/A,normal,0,0,none,not_tb,0,not_applicable
7729,39,F,18.5,0,1,4,0,1,1,1,1,1,1,3,0,0,N/A,pleural_effusion,1,1,extrapulmonary,extrapulmonary_tb,0,cured
7730,38,M,26.0,0,0,0,0,0,0,0,0,1,0,0,0,0,N/A,normal,0,0,none,not_tb,0,not_applicable
7731,28,F,20.1,1,0,0,1,0,0,0,0,0,1,1,0,0,N/A,normal,0,0,none,not_tb,0,not_applicable
7732,22,M,29.1,0,0,0,0,0,0,0,0,0,0,0,0,0,N/A,normal,0,0,none,not_tb,0,not_applicable
7733,27,M,19.3,1,1,6,0,1,0,0,0,0,0,2,0,1,not_detected,infiltrate,1,1,pulmonary,smear_negative_ptb,0,failed
7734,41,M,21.6,0,0,0,0,0,0,0,0,0,0,0,0,0,N/A,normal,0,0,none,not_tb,0,not_applicable
7735,51,F,21.2,0,0,0,0,0,1,0,0,0,0,1,0,0,N/A,normal,0,0,none,not_tb,0,not_applicable
7736,58,M,18.5,1,0,0,0,0,0,0,0,0,0,0,0,1,not_detected,infiltrate,1,1,pulmonary,smear_negative_ptb,0,completed
7737,53,F,19.8,0,0,0,0,0,0,0,0,0,0,0,0,0,N/A,normal,0,0,none,not_tb,0,not_applicable
7738,58,M,24.3,0,0,0,1,0,0,0,0,0,0,1,0,0,N/A,infiltrate,1,0,none,not_tb,0,not_applicable
7739,23,M,22.0,0,0,0,0,0,0,0,0,1,0,0,0,0,N/A,normal,0,0,none,not_tb,0,not_applicable
7740,65,M,23.4,1,1,5,1,1,1,0,1,1,0,4,0,1,not_detected,cavity,1,1,pulmonary,smear_negative_ptb,0,cured
7741,47,M,20.5,0,0,0,0,0,0,0,1,0,0,0,0,0,N/A,normal,0,0,none,not_tb,0,not_applicable
7742,31,M,18.2,1,0,0,1,0,0,1,0,1,0,1,1,1,not_detected,infiltrate,1,1,pulmonary,smear_positive_ptb,0,cured
7743,50,F,20.5,0,0,0,0,0,0,0,0,1,0,0,0,0,N/A,normal,0,0,none,not_tb,0,not_applicable
7744,22,F,28.5,0,1,2,0,0,0,1,0,0,0,1,0,0,N/A,normal,0,0,none,not_tb,0,not_applicable
7745,47,F,16.9,0,0,0,0,0,0,0,0,0,1,0,0,0,N/A,other_pathology,1,0,none,not_tb,0,not_applicable
7746,55,F,22.3,0,0,0,0,0,0,0,0,0,0,0,1,0,N/A,other_pathology,1,0,none,not_tb,0,not_applicable
7747,32,M,19.3,0,1,5,1,0,0,1,0,0,1,2,1,1,not_detected,pleural_effusion,1,1,pulmonary,smear_positive_ptb,0,cured
7748,51,F,15.7,0,1,6,1,1,0,0,1,0,1,3,1,1,not_detected,miliary,1,1,pulmonary,smear_positive_ptb,0,completed
7749,27,M,31.3,0,1,2,0,0,0,0,0,0,0,1,0,0,N/A,normal,0,0,none,not_tb,0,not_applicable
7750,40,F,18.7,0,0,0,0,0,0,0,0,0,0,0,0,0,N/A,normal,0,0,none,not_tb,0,not_applicable
7751,37,F,22.1,0,0,0,1,0,0,0,0,1,0,1,0,0,N/A,normal,0,0,none,not_tb,0,not_applicable
7752,22,M,22.7,0,1,3,1,0,1,0,0,1,0,3,0,0,N/A,normal,0,1,extrapulmonary,extrapulmonary_tb,0,cured
7753,32,F,17.6,1,1,7,0,0,0,0,0,0,0,1,1,1,not_detected,infiltrate,1,1,pulmonary,smear_positive_ptb,0,cured
7754,50,F,22.5,0,0,0,0,0,0,0,0,0,0,0,0,0,N/A,normal,0,0,none,not_tb,0,not_applicable
7755,48,M,17.6,0,0,0,1,0,1,0,1,0,1,2,1,1,not_detected,infiltrate,1,1,pulmonary,smear_positive_ptb,0,cured
7756,49,F,21.8,0,0,0,0,0,0,0,0,0,0,0,0,0,N/A,normal,0,0,none,not_tb,0,not_applicable
7757,24,M,25.8,0,0,0,0,0,0,0,0,0,0,0,0,0,N/A,normal,0,0,none,not_tb,0,not_applicable
7758,40,M,17.4,1,0,0,1,0,1,0,1,1,0,2,0,1,not_detected,miliary,1,1,pulmonary,smear_negative_ptb,0,cured
7759,40,M,12.7,1,0,0,0,0,0,0,0,0,0,0,0,0,N/A,normal,0,0,none,not_tb,0,not_applicable
7760,59,M,18.4,0,1,3,1,1,1,0,1,1,1,4,0,0,N/A,normal,0,1,extrapulmonary,extrapulmonary_tb,0,cured
7761,59,M,18.7,0,0,0,1,0,0,0,0,1,1,1,1,1,not_detected,normal,0,1,pulmonary,smear_positive_ptb,0,cured
7762,34,F,22.7,0,0,0,0,0,0,0,0,0,0,0,0,0,N/A,old_tb_scar,1,0,none,not_tb,0,not_applicable
7763,45,M,21.4,0,1,2,0,0,0,0,0,1,0,1,0,0,N/A,normal,0,0,none,not_tb,0,not_applicable
7764,28,M,19.0,1,0,0,0,0,0,0,0,0,1,0,0,0,N/A,normal,0,0,none,not_tb,0,not_applicable
7765,15,F,21.1,0,0,0,0,0,1,0,0,1,0,1,0,0,N/A,normal,0,0,none,not_tb,0,not_applicable
7766,57,M,22.9,0,0,0,1,1,0,0,0,0,1,2,1,1,not_detected,infiltrate,1,1,pulmonary,smear_positive_ptb,0,cured
7767,23,F,21.9,0,0,0,0,0,0,0,1,1,0,0,0,0,N/A,normal,0,0,none,not_tb,0,not_applicable
7768,34,M,20.1,1,0,0,0,1,1,1,0,1,1,2,1,1,not_detected,infiltrate,1,1,pulmonary,smear_positive_ptb,0,cured
7769,35,F,15.9,0,0,0,1,0,1,0,1,1,0,2,1,1,not_detected,infiltrate,1,1,pulmonary,smear_positive_ptb,0,completed
7770,48,F,21.0,0,1,3,0,0,0,0,0,0,0,1,0,0,N/A,normal,0,0,none,not_tb,0,not_applicable
7771,46,M,16.0,0,1,7,0,1,1,0,1,1,0,3,1,1,not_detected,infiltrate,1,1,pulmonary,smear_positive_ptb,0,cured
7772,29,M,21.7,0,1,5,1,1,0,0,0,1,0,3,0,1,not_detected,normal,0,1,pulmonary,smear_negative_ptb,0,cured
7773,40,M,14.6,1,1,5,1,1,1,0,0,1,1,4,1,1,not_detected,infiltrate,1,1,pulmonary,smear_positive_ptb,0,cured
7774,39,F,23.3,0,0,0,0,0,0,0,0,0,0,0,0,0,N/A,normal,0,0,none,not_tb,0,not_applicable
7775,48,F,23.2,0,0,0,1,0,0,0,0,0,0,1,0,1,not_detected,normal,0,0,none,not_tb,0,not_applicable
7776,23,M,23.0,0,0,0,0,1,0,0,0,0,0,1,0,0,N/A,normal,0,0,none,not_tb,0,not_applicable
7777,29,M,12.6,0,1,2,1,0,1,0,0,1,0,3,0,0,N/A,cavity,1,1,pulmonary,smear_negative_ptb,0,died
7778,33,F,13.4,1,1,3,0,0,1,1,0,0,0,2,1,1,not_detected,infiltrate,1,1,pulmonary,smear_positive_ptb,0,lost_to_followup
7779,48,M,22.4,0,0,0,0,0,0,0,0,0,0,0,0,0,N/A,old_tb_scar,1,0,none,not_tb,0,not_applicable
7780,46,F,16.2,0,0,0,1,1,1,0,1,1,1,3,0,1,not_detected,infiltrate,1,1,pulmonary,smear_negative_ptb,0,cured
7781,29,F,19.8,0,0,0,1,0,0,0,1,0,0,1,0,0,N/A,normal,0,0,none,not_tb,0,not_applicable
7782,67,M,17.4,0,0,0,1,1,0,0,0,1,0,2,1,1,detected,infiltrate,1,1,pulmonary,smear_positive_ptb,1,cured
7783,41,M,18.3,0,1,3,0,0,0,0,0,0,0,1,0,0,N/A,normal,0,0,none,not_tb,0,not_applicable
7784,39,M,17.7,0,0,0,1,0,0,0,0,0,0,1,0,0,N/A,old_tb_scar,1,0,none,not_tb,0,not_applicable
7785,41,M,22.0,1,0,0,0,0,0,0,0,0,0,0,0,0,N/A,normal,0,0,none,not_tb,0,not_applicable
7786,32,F,15.3,0,1,2,0,0,0,0,1,0,0,1,0,0,N/A,normal,0,0,none,not_tb,0,not_applicable
7787,53,F,17.2,1,0,0,1,0,0,1,0,1,1,1,0,1,not_detected,normal,0,1,pulmonary,smear_negative_ptb,0,cured
7788,33,F,19.7,0,0,0,1,0,0,0,0,0,0,1,0,0,N/A,normal,0,0,none,not_tb,0,not_applicable
7789,34,M,18.4,1,0,0,1,1,1,0,0,1,0,3,0,1,detected,cavity,1,1,pulmonary,smear_negative_ptb,1,died
7790,33,M,30.4,0,0,0,0,0,0,0,0,1,0,0,0,0,N/A,other_pathology,1,0,none,not_tb,0,not_applicable
7791,39,F,16.0,1,0,0,0,1,0,0,1,0,0,1,1,1,not_detected,cavity,1,1,pulmonary,smear_positive_ptb,0,lost_to_followup
7792,54,M,19.5,0,1,6,1,1,0,0,1,0,1,3,0,1,detected,infiltrate,1,1,pulmonary,smear_negative_ptb,1,completed
7793,31,M,19.1,1,0,0,1,0,0,0,0,1,1,1,0,1,not_detected,cavity,1,1,pulmonary,smear_negative_ptb,0,cured
7794,25,M,19.9,0,1,4,1,0,1,0,0,0,0,3,1,1,not_detected,pleural_effusion,1,1,pulmonary,smear_positive_ptb,0,cured
7795,39,F,21.3,0,1,5,0,0,0,0,0,0,0,1,0,0,N/A,normal,0,0,none,not_tb,0,not_applicable
7796,35,F,27.0,0,0,0,0,0,0,0,0,0,0,0,0,0,N/A,normal,0,0,none,not_tb,0,not_applicable
7797,55,M,20.2,0,1,3,1,0,0,0,0,1,1,2,1,1,not_detected,cavity,1,1,pulmonary,smear_positive_ptb,0,cured
7798,52,F,20.3,1,0,0,0,1,0,1,0,0,0,1,0,0,N/A,infiltrate,1,1,pulmonary,smear_negative_ptb,0,failed
7799,50,M,17.1,0,0,0,0,0,0,0,0,0,0,0,0,0,N/A,old_tb_scar,1,0,none,not_tb,0,not_applicable
7800,28,M,18.7,0,1,7,1,1,0,1,0,0,1,3,0,1,not_detected,infiltrate,1,1,pulmonary,smear_negative_ptb,0,lost_to_followup
7801,32,M,20.2,0,0,0,0,0,0,0,0,0,0,0,0,0,N/A,normal,0,0,none,not_tb,0,not_applicable
7802,23,F,19.0,0,0,0,0,0,0,0,0,0,1,0,0,0,N/A,normal,0,0,none,not_tb,0,not_applicable
7803,24,M,19.8,0,0,0,1,0,0,0,0,1,0,1,0,0,N/A,normal,0,0,none,not_tb,0,not_applicable
7804,53,M,18.4,1,1,7,1,1,0,0,0,0,1,3,0,1,not_detected,pleural_effusion,1,1,pulmonary,smear_negative_ptb,0,completed
7805,49,M,23.6,0,0,0,0,0,0,0,1,0,1,0,0,0,N/A,normal,0,0,none,not_tb,0,not_applicable
7806,31,F,25.4,1,0,0,0,0,0,0,0,0,0,0,0,0,N/A,normal,0,0,none,not_tb,0,not_applicable
7807,47,F,25.3,0,0,0,0,0,0,0,1,0,1,0,0,0,N/A,infiltrate,1,0,none,not_tb,0,not_applicable
7808,34,M,23.0,1,0,0,0,0,0,0,0,1,0,0,0,0,N/A,normal,0,0,none,not_tb,0,not_applicable
7809,16,F,22.2,0,0,0,0,0,0,0,0,1,1,0,0,0,N/A,normal,0,0,none,not_tb,0,not_applicable
7810,50,M,20.9,0,1,2,0,0,0,0,0,0,0,1,0,0,N/A,normal,0,0,none,not_tb,0,not_applicable
7811,67,M,17.9,0,0,0,1,1,0,0,0,1,0,2,1,1,not_detected,infiltrate,1,1,pulmonary,smear_positive_ptb,0,cured
7812,47,F,19.3,0,0,0,1,0,0,0,0,0,0,1,0,0,N/A,old_tb_scar,1,0,none,not_tb,0,not_applicable
7813,64,F,20.5,0,0,0,0,0,0,0,0,0,0,0,0,0,N/A,other_pathology,1,0,none,not_tb,0,not_applicable
7814,18,M,23.2,0,0,0,0,0,0,0,0,0,0,0,0,0,N/A,normal,0,0,none,not_tb,0,not_applicable
7815,25,M,22.4,0,0,0,1,1,1,0,1,1,1,3,1,1,not_detected,infiltrate,1,1,pulmonary,smear_positive_ptb,0,cured
7816,50,M,21.5,0,0,0,0,0,0,0,0,0,0,0,0,0,N/A,other_pathology,1,0,none,not_tb,0,not_applicable
7817,33,M,16.5,1,1,3,1,1,1,0,1,0,0,4,1,1,not_detected,normal,0,1,pulmonary,smear_positive_ptb,0,cured
7818,21,F,25.4,0,1,3,0,1,0,0,1,0,0,2,0,0,N/A,normal,0,0,none,not_tb,0,not_applicable
7819,39,F,15.0,0,0,0,0,1,0,0,0,0,0,1,0,0,N/A,normal,0,0,none,not_tb,0,not_applicable
7820,36,M,25.7,0,0,0,0,0,0,0,0,0,0,0,0,0,N/A,normal,0,0,none,not_tb,0,not_applicable
7821,45,F,17.0,1,1,2,0,0,0,0,0,0,0,1,0,0,N/A,normal,0,0,none,not_tb,0,not_applicable
7822,58,M,24.3,0,0,0,0,0,0,0,0,1,0,0,0,0,N/A,normal,0,0,none,not_tb,0,not_applicable
7823,31,M,20.3,0,0,0,1,0,0,0,1,1,0,1,0,0,N/A,normal,0,0,none,not_tb,0,not_applicable
7824,22,M,23.1,0,0,0,0,0,0,0,0,0,0,0,0,0,N/A,normal,0,0,none,not_tb,0,not_applicable
7825,25,F,23.7,0,1,2,1,1,1,0,0,0,1,4,1,1,not_detected,pleural_effusion,1,1,pulmonary,smear_positive_ptb,0,lost_to_followup
7826,37,M,16.4,1,1,4,1,0,0,0,1,0,0,2,1,1,not_detected,cavity,1,1,pulmonary,smear_positive_ptb,0,cured
7827,38,F,18.5,0,0,0,0,0,0,0,0,0,0,0,0,0,N/A,normal,0,0,none,not_tb,0,not_applicable
7828,44,M,18.7,0,1,6,0,1,1,0,0,1,0,3,1,1,not_detected,cavity,1,1,pulmonary,smear_positive_ptb,0,died
7829,31,F,27.3,0,0,0,0,0,0,0,0,0,0,0,0,0,N/A,normal,0,0,none,not_tb,0,not_applicable
7830,64,M,22.6,0,0,0,0,0,0,0,0,0,0,0,0,0,N/A,normal,0,0,none,not_tb,0,not_applicable
7831,39,F,22.2,1,0,0,0,0,0,0,0,0,0,0,0,0,N/A,normal,0,0,none,not_tb,0,not_applicable
7832,53,F,22.6,0,0,0,0,0,0,0,0,0,0,0,0,0,N/A,normal,0,0,none,not_tb,0,not_applicable
7833,29,M,18.5,1,0,0,0,0,0,0,1,0,0,0,0,0,N/A,normal,0,0,none,not_tb,0,not_applicable
7834,24,F,22.6,0,0,0,0,0,0,0,0,0,0,0,0,0,N/A,infiltrate,1,0,none,not_tb,0,not_applicable
7835,37,F,17.5,0,1,3,1,1,0,0,1,1,1,3,1,1,not_detected,infiltrate,1,1,pulmonary,smear_positive_ptb,0,completed
7836,23,M,26.6,1,0,0,0,0,0,0,0,0,0,0,0,0,N/A,old_tb_scar,1,0,none,not_tb,0,not_applicable
7837,47,M,24.8,0,0,0,0,0,0,0,0,0,0,0,0,0,N/A,infiltrate,1,0,none,not_tb,0,not_applicable
7838,50,F,17.4,0,1,2,0,0,0,0,0,0,0,1,0,0,N/A,normal,0,0,none,not_tb,0,not_applicable
7839,31,F,17.8,0,1,2,0,1,1,0,0,1,0,3,0,1,not_detected,infiltrate,1,1,pulmonary,smear_negative_ptb,0,cured
7840,16,M,23.8,1,0,0,0,1,1,0,0,0,0,2,0,0,N/A,normal,0,0,none,not_tb,0,not_applicable
7841,37,F,18.6,0,1,2,0,0,0,0,0,0,0,1,0,0,N/A,old_tb_scar,1,0,none,not_tb,0,not_applicable
7842,45,M,18.2,0,0,0,0,0,0,0,0,0,0,0,0,0,N/A,old_tb_scar,1,0,none,not_tb,0,not_applicable
7843,39,M,20.4,0,1,3,0,0,0,0,0,0,0,1,0,0,N/A,normal,0,0,none,not_tb,0,not_applicable
7844,56,F,23.2,0,0,0,0,0,0,0,0,0,0,0,0,0,N/A,normal,0,0,none,not_tb,0,not_applicable
7845,64,M,25.6,0,0,0,1,0,0,0,0,0,0,1,0,0,N/A,other_pathology,1,0,none,not_tb,0,not_applicable
7846,36,M,22.8,0,0,0,0,0,0,0,0,0,0,0,0,0,N/A,normal,0,0,none,not_tb,0,not_applicable
7847,16,M,30.6,1,1,2,0,0,0,0,1,0,0,1,0,0,N/A,other_pathology,1,0,none,not_tb,0,not_applicable
7848,38,M,19.6,1,0,0,0,0,0,0,0,0,0,0,0,0,N/A,normal,0,0,none,not_tb,0,not_applicable
7849,24,M,24.6,0,0,0,0,0,0,0,1,0,0,0,0,0,N/A,old_tb_scar,1,0,none,not_tb,0,not_applicable
7850,20,F,18.1,0,0,0,1,0,0,0,0,0,0,1,0,0,N/A,infiltrate,1,0,none,not_tb,0,not_applicable
7851,39,M,27.6,0,0,0,0,1,0,0,1,0,0,1,0,0,N/A,normal,0,0,none,not_tb,0,not_applicable
7852,32,F,21.9,1,1,4,0,1,1,0,1,1,1,3,0,1,not_detected,normal,0,1,extrapulmonary,extrapulmonary_tb,0,cured
7853,33,F,20.3,1,1,4,0,1,1,0,0,1,0,3,0,0,N/A,infiltrate,1,1,pulmonary,smear_negative_ptb,0,cured
7854,36,M,15.9,0,0,0,0,0,0,0,0,0,0,0,0,0,N/A,normal,0,0,none,not_tb,0,not_applicable
7855,36,M,20.3,1,1,11,0,1,0,0,1,1,0,2,1,1,not_detected,infiltrate,1,1,pulmonary,smear_positive_ptb,0,completed
7856,62,F,19.1,0,0,0,0,0,0,0,0,0,0,0,0,0,N/A,normal,0,0,none,not_tb,0,not_applicable
7857,25,M,23.6,0,0,0,0,0,0,0,0,0,0,0,0,0,N/A,normal,0,0,none,not_tb,0,not_applicable
7858,45,M,14.9,1,1,5,0,1,0,0,0,0,0,2,0,1,detected,normal,0,1,extrapulmonary,extrapulmonary_tb,1,cured
7859,18,F,19.2,0,1,4,0,0,1,0,0,0,1,2,0,1,not_detected,infiltrate,1,1,pulmonary,smear_negative_ptb,0,cured
7860,25,F,20.8,0,1,4,0,0,0,0,0,1,0,1,0,0,N/A,normal,0,0,none,not_tb,0,not_applicable
7861,37,F,19.3,0,0,0,0,0,0,0,1,0,0,0,0,0,N/A,normal,0,0,none,not_tb,0,not_applicable
7862,56,M,24.1,1,0,0,0,0,0,0,0,0,0,0,0,0,N/A,normal,0,0,none,not_tb,0,not_applicable
7863,30,M,21.8,0,0,0,0,0,0,0,0,0,0,0,0,0,N/A,normal,0,0,none,not_tb,0,not_applicable
7864,22,M,18.0,0,0,0,0,1,0,1,0,1,0,1,1,0,N/A,cavity,1,1,pulmonary,smear_positive_ptb,0,completed
7865,43,F,24.6,0,0,0,0,0,0,0,0,0,0,0,0,0,N/A,normal,0,0,none,not_tb,0,not_applicable
7866,44,M,23.3,1,0,0,1,1,1,0,0,0,0,3,0,1,not_detected,normal,0,1,extrapulmonary,extrapulmonary_tb,0,failed
7867,34,M,23.0,1,0,0,0,0,0,0,0,0,0,0,0,0,N/A,other_pathology,1,0,none,not_tb,0,not_applicable
7868,21,M,15.7,0,0,0,0,1,0,0,0,0,0,1,0,0,N/A,normal,0,0,none,not_tb,0,not_applicable
7869,34,F,16.5,0,0,0,0,0,0,0,1,0,0,0,0,0,N/A,normal,0,0,none,not_tb,0,not_applicable
7870,24,F,18.7,0,0,0,1,1,1,0,1,1,0,3,0,0,N/A,normal,0,1,extrapulmonary,extrapulmonary_tb,0,cured
7871,26,M,25.6,0,1,5,0,0,0,0,0,0,0,1,0,0,N/A,normal,0,0,none,not_tb,0,not_applicable
7872,40,M,22.5,0,0,0,0,0,0,0,0,0,0,0,0,0,N/A,normal,0,0,none,not_tb,0,not_applicable
7873,57,M,23.8,0,1,4,0,0,0,0,0,0,0,1,0,0,N/A,infiltrate,1,0,none,not_tb,0,not_applicable
7874,27,M,18.4,1,0,0,1,0,1,0,0,0,0,2,0,1,detected,infiltrate,1,1,pulmonary,smear_negative_ptb,0,completed
7875,55,M,25.4,1,0,0,0,0,1,0,0,1,0,1,0,0,N/A,old_tb_scar,1,0,none,not_tb,0,not_applicable
7876,45,M,20.0,1,0,0,0,1,1,0,1,0,1,2,1,1,not_detected,normal,0,1,extrapulmonary,extrapulmonary_tb,0,cured
7877,42,F,18.4,0,0,0,0,0,1,0,0,1,0,1,0,0,N/A,normal,0,0,none,not_tb,0,not_applicable
7878,38,F,19.6,1,1,8,1,1,0,1,0,1,0,3,0,0,N/A,cavity,1,1,pulmonary,smear_negative_ptb,0,cured
7879,31,F,16.6,0,0,0,0,0,0,0,0,1,0,0,0,0,N/A,old_tb_scar,1,0,none,not_tb,0,not_applicable
7880,40,F,23.6,0,0,0,0,0,1,0,0,0,0,1,0,0,N/A,other_pathology,1,0,none,not_tb,0,not_applicable
7881,26,M,21.0,0,0,0,0,0,0,0,0,0,0,0,0,0,N/A,normal,0,0,none,not_tb,0,not_applicable
7882,24,M,18.9,0,0,0,0,1,1,0,1,1,1,2,0,0,N/A,normal,0,1,extrapulmonary,extrapulmonary_tb,0,cured
7883,30,M,19.3,1,0,0,0,0,0,0,1,0,0,0,1,1,not_detected,infiltrate,1,1,pulmonary,smear_positive_ptb,0,died
7884,22,F,23.0,1,0,0,0,0,0,0,0,0,0,0,0,0,N/A,old_tb_scar,1,0,none,not_tb,0,not_applicable
7885,29,M,27.0,0,1,4,0,0,0,0,0,1,0,1,0,0,N/A,normal,0,0,none,not_tb,0,not_applicable
7886,16,M,22.1,0,0,0,0,0,1,0,0,0,0,1,0,0,N/A,normal,0,0,none,not_tb,0,not_applicable
7887,65,M,19.0,0,1,3,0,1,0,0,1,1,0,2,0,0,N/A,pleural_effusion,1,1,pulmonary,smear_negative_ptb,0,cured
7888,53,M,21.8,0,1,3,1,0,1,0,0,1,1,3,0,1,detected,pleural_effusion,1,1,pulmonary,smear_negative_ptb,0,cured
7889,32,F,23.2,1,1,6,1,1,1,0,0,1,1,4,0,0,N/A,normal,0,1,extrapulmonary,extrapulmonary_tb,0,cured
7890,30,F,18.5,1,1,5,1,1,0,0,0,0,1,3,1,1,not_detected,infiltrate,1,1,pulmonary,smear_positive_ptb,0,cured
7891,49,M,20.2,0,0,0,0,0,0,0,0,0,0,0,0,0,N/A,normal,0,0,none,not_tb,0,not_applicable
7892,48,F,20.4,0,0,0,0,0,0,0,0,0,0,0,0,0,N/A,normal,0,0,none,not_tb,0,not_applicable
7893,39,M,23.6,1,0,0,0,1,0,0,1,0,0,1,0,0,N/A,normal,0,0,none,not_tb,0,not_applicable
7894,38,M,21.3,1,1,2,0,0,0,0,0,1,0,1,0,0,N/A,normal,0,0,none,not_tb,0,not_applicable
7895,56,M,15.9,0,0,0,0,0,0,0,1,0,0,0,0,0,N/A,other_pathology,1,0,none,not_tb,0,not_applicable
7896,49,F,25.9,0,0,0,0,1,0,0,0,0,0,1,0,0,N/A,other_pathology,1,0,none,not_tb,0,not_applicable
7897,35,F,20.5,1,0,0,1,0,1,0,1,1,0,2,0,1,not_detected,cavity,1,1,pulmonary,smear_negative_ptb,0,completed
7898,28,M,26.0,0,1,3,0,0,0,1,0,1,1,1,0,0,N/A,infiltrate,1,0,none,not_tb,0,not_applicable
7899,27,F,21.9,0,1,3,1,1,1,0,1,1,0,4,0,1,not_detected,normal,0,1,pulmonary,smear_negative_ptb,0,cured
7900,32,M,22.7,0,0,0,0,0,0,0,0,0,0,0,0,0,N/A,infiltrate,1,0,none,not_tb,0,not_applicable
7901,52,M,22.9,0,0,0,0,0,0,0,1,0,0,0,0,0,N/A,normal,0,0,none,not_tb,0,not_applicable
7902,31,F,25.5,0,1,3,0,0,0,0,0,0,0,1,0,0,N/A,normal,0,0,none,not_tb,0,not_applicable
7903,44,F,17.7,1,0,0,0,1,0,0,0,1,0,1,0,0,N/A,normal,0,0,none,not_tb,0,not_applicable
7904,29,F,20.8,0,0,0,0,0,0,0,0,0,0,0,0,0,N/A,normal,0,0,none,not_tb,0,not_applicable
7905,60,F,18.4,1,1,5,1,1,1,0,1,0,1,4,0,0,N/A,infiltrate,1,1,pulmonary,smear_negative_ptb,0,died
7906,31,M,25.2,0,0,0,1,0,0,0,0,0,0,1,0,0,N/A,normal,0,0,none,not_tb,0,not_applicable
7907,15,F,20.1,0,0,0,0,0,0,0,0,0,1,0,0,0,N/A,normal,0,0,none,not_tb,0,not_applicable
7908,63,F,19.5,0,0,0,0,0,1,0,0,0,0,1,0,0,N/A,other_pathology,1,0,none,not_tb,0,not_applicable
7909,53,M,17.4,0,0,0,1,1,1,0,0,1,0,3,0,1,not_detected,infiltrate,1,1,pulmonary,smear_negative_ptb,0,completed
7910,39,M,23.6,0,0,0,1,0,0,0,0,1,0,1,0,0,N/A,old_tb_scar,1,0,none,not_tb,0,not_applicable
7911,24,F,21.8,0,0,0,0,0,0,0,0,0,0,0,0,0,N/A,old_tb_scar,1,0,none,not_tb,0,not_applicable
7912,41,M,16.9,1,0,0,1,0,0,0,0,0,1,1,0,0,N/A,normal,0,0,none,not_tb,0,not_applicable
7913,34,M,17.6,0,0,0,0,1,0,0,1,1,0,1,0,0,N/A,normal,0,0,none,not_tb,0,not_applicable
7914,27,F,22.5,0,0,0,0,0,0,0,0,0,0,0,0,0,N/A,other_pathology,1,0,none,not_tb,0,not_applicable
7915,55,F,22.6,0,0,0,0,0,0,0,0,0,0,0,0,0,N/A,normal,0,0,none,not_tb,0,not_applicable
7916,52,F,22.1,0,0,0,0,0,1,0,0,1,0,1,0,0,N/A,normal,0,0,none,not_tb,0,not_applicable
7917,38,F,17.3,0,0,0,1,0,0,0,1,1,1,1,0,1,not_detected,infiltrate,1,1,pulmonary,smear_negative_ptb,0,completed
7918,47,M,24.8,0,0,0,0,0,0,0,0,0,0,0,0,0,N/A,normal,0,0,none,not_tb,0,not_applicable
7919,33,F,19.4,1,1,5,1,1,0,0,0,1,0,3,0,1,not_detected,normal,0,1,extrapulmonary,extrapulmonary_tb,0,died
7920,40,M,19.3,1,0,0,1,1,0,0,1,1,0,2,0,1,not_detected,pleural_effusion,1,1,pulmonary,smear_negative_ptb,0,cured
7921,56,F,23.3,0,0,0,0,0,0,0,0,0,0,0,0,0,N/A,normal,0,0,none,not_tb,0,not_applicable
7922,41,M,27.6,0,1,4,0,0,0,0,0,0,0,1,0,0,N/A,other_pathology,1,0,none,not_tb,0,not_applicable
7923,52,F,18.4,0,0,0,1,0,0,0,0,0,0,1,1,0,N/A,normal,0,0,none,not_tb,0,not_applicable
7924,34,M,20.5,0,0,0,1,0,0,0,0,0,0,1,0,0,N/A,normal,0,0,none,not_tb,0,not_applicable
7925,36,F,17.7,0,1,4,1,1,0,0,0,1,1,3,1,1,not_detected,infiltrate,1,1,pulmonary,smear_positive_ptb,0,lost_to_followup
7926,75,M,21.6,0,1,2,1,1,1,1,1,1,0,4,1,1,not_detected,cavity,1,1,pulmonary,smear_positive_ptb,0,cured
7927,46,M,17.6,0,0,0,1,0,0,0,1,1,0,1,1,1,not_detected,infiltrate,1,1,pulmonary,smear_positive_ptb,0,cured
7928,36,M,19.2,0,0,0,0,0,0,0,0,1,0,0,0,0,N/A,old_tb_scar,1,0,none,not_tb,0,not_applicable
7929,21,M,21.6,0,0,0,0,0,0,0,1,0,0,0,0,0,N/A,other_pathology,1,0,none,not_tb,0,not_applicable
7930,20,F,22.4,0,0,0,1,0,0,0,0,0,0,1,1,0,N/A,old_tb_scar,1,0,none,not_tb,0,not_applicable
7931,51,M,21.5,0,1,6,0,1,1,0,1,0,1,3,1,1,not_detected,cavity,1,1,pulmonary,smear_positive_ptb,0,lost_to_followup
7932,55,M,17.6,1,1,4,1,0,0,0,0,1,0,2,1,1,not_detected,normal,0,1,pulmonary,smear_positive_ptb,0,cured
7933,29,M,16.8,0,1,9,1,0,0,0,0,1,0,2,0,0,N/A,pleural_effusion,1,1,extrapulmonary,extrapulmonary_tb,0,cured
7934,45,M,18.8,1,0,0,0,0,0,0,0,0,0,0,0,0,N/A,normal,0,0,none,not_tb,0,not_applicable
7935,17,F,20.8,0,0,0,0,0,0,0,0,0,0,0,0,0,N/A,normal,0,0,none,not_tb,0,not_applicable
7936,41,M,24.9,1,1,7,0,0,1,0,0,0,1,2,0,0,N/A,normal,0,1,extrapulmonary,extrapulmonary_tb,0,died
7937,37,M,23.3,0,0,0,0,0,0,0,0,0,0,0,0,0,N/A,infiltrate,1,0,none,not_tb,0,not_applicable
7938,65,M,20.0,0,1,2,0,1,0,0,1,0,1,2,1,1,not_detected,infiltrate,1,1,pulmonary,smear_positive_ptb,0,cured
7939,39,M,22.0,0,0,0,0,0,0,0,0,1,0,0,0,0,N/A,old_tb_scar,1,0,none,not_tb,0,not_applicable
7940,34,F,22.5,0,0,0,0,0,0,0,0,0,0,0,0,0,N/A,normal,0,0,none,not_tb,0,not_applicable
7941,41,M,20.5,1,1,5,1,0,0,0,0,1,1,2,1,1,not_detected,infiltrate,1,1,pulmonary,smear_positive_ptb,0,died
7942,44,M,19.9,1,1,5,1,0,0,0,0,0,1,2,1,1,not_detected,normal,0,1,pulmonary,smear_positive_ptb,0,cured
7943,51,F,19.4,0,1,3,0,0,1,0,0,1,0,2,1,1,not_detected,infiltrate,1,1,pulmonary,smear_positive_ptb,0,completed
7944,45,M,18.5,0,1,9,1,0,1,0,0,1,1,3,0,0,N/A,normal,0,1,extrapulmonary,extrapulmonary_tb,0,cured
7945,23,F,20.8,0,0,0,0,0,0,0,0,0,0,0,0,0,N/A,other_pathology,1,0,none,not_tb,0,not_applicable
7946,29,M,23.5,0,0,0,0,0,0,0,0,1,0,0,0,0,N/A,normal,0,0,none,not_tb,0,not_applicable
7947,45,F,22.3,0,0,0,0,0,0,0,0,1,1,0,0,0,N/A,normal,0,0,none,not_tb,0,not_applicable
7948,20,M,23.8,1,1,3,1,1,1,0,0,1,1,4,0,0,N/A,normal,0,1,extrapulmonary,extrapulmonary_tb,0,failed
7949,41,M,21.1,0,1,8,0,1,1,1,0,0,1,3,0,0,N/A,miliary,1,1,pulmonary,smear_negative_ptb,0,cured
7950,58,F,19.6,0,0,0,0,0,0,0,0,0,0,0,0,0,N/A,normal,0,0,none,not_tb,0,not_applicable
7951,39,F,17.9,0,0,0,0,0,0,0,1,1,0,0,0,0,N/A,normal,0,0,none,not_tb,0,not_applicable
7952,53,F,20.6,1,0,0,0,0,0,0,0,1,0,0,0,0,N/A,normal,0,0,none,not_tb,0,not_applicable
7953,42,F,18.2,0,0,0,0,0,0,0,0,0,0,0,0,0,N/A,normal,0,0,none,not_tb,0,not_applicable
7954,32,M,20.4,0,0,0,0,0,1,0,1,0,0,1,0,0,N/A,normal,0,0,none,not_tb,0,not_applicable
7955,34,F,18.6,1,0,0,0,0,0,0,0,0,0,0,0,0,N/A,normal,0,0,none,not_tb,0,not_applicable
7956,45,F,17.7,0,1,6,0,1,1,0,1,1,1,3,1,1,not_detected,miliary,1,1,pulmonary,smear_positive_ptb,0,cured
7957,50,M,17.7,0,1,7,1,0,1,0,0,0,0,3,1,1,not_detected,cavity,1,1,pulmonary,smear_positive_ptb,0,died
7958,47,M,18.9,0,1,5,0,1,0,0,0,1,0,2,1,1,detected,infiltrate,1,1,pulmonary,smear_positive_ptb,1,completed
7959,45,M,18.0,0,1,6,0,1,0,0,1,1,1,2,0,0,N/A,infiltrate,1,1,pulmonary,smear_negative_ptb,0,cured
7960,40,F,18.8,0,0,0,0,0,0,0,0,0,0,0,0,0,N/A,infiltrate,1,0,none,not_tb,0,not_applicable
7961,45,M,26.3,0,0,0,0,0,1,0,1,0,0,1,0,0,N/A,normal,0,0,none,not_tb,0,not_applicable
7962,28,M,23.4,0,1,5,0,0,0,0,0,0,0,1,0,0,N/A,normal,0,0,none,not_tb,0,not_applicable
7963,42,F,20.1,0,0,0,0,0,0,0,0,0,0,0,0,0,N/A,normal,0,0,none,not_tb,0,not_applicable
7964,36,F,16.3,0,1,2,0,0,1,1,1,1,1,2,0,1,not_detected,pleural_effusion,1,1,pulmonary,smear_negative_ptb,0,cured
7965,29,M,14.8,0,1,3,0,1,1,0,1,1,0,3,1,1,not_detected,infiltrate,1,1,pulmonary,smear_positive_ptb,0,cured
7966,52,F,14.6,0,1,2,1,0,1,1,1,1,1,3,1,1,not_detected,infiltrate,1,1,pulmonary,smear_positive_ptb,0,cured
7967,51,M,21.1,0,0,0,0,0,0,0,0,0,1,0,0,0,N/A,normal,0,1,extrapulmonary,extrapulmonary_tb,0,cured
7968,19,F,25.3,0,0,0,0,1,0,0,1,0,0,1,0,0,N/A,normal,0,0,none,not_tb,0,not_applicable
7969,34,M,17.0,1,1,6,1,1,0,0,0,0,0,3,0,0,N/A,infiltrate,1,1,pulmonary,smear_negative_ptb,0,died
7970,28,M,21.9,0,1,6,0,1,0,0,1,0,1,2,1,1,not_detected,miliary,1,1,pulmonary,smear_positive_ptb,0,cured
7971,18,F,24.2,0,0,0,0,0,0,0,0,0,0,0,0,1,not_detected,other_pathology,1,0,none,not_tb,0,not_applicable
7972,23,M,22.7,1,0,0,1,0,0,0,0,1,0,1,0,0,N/A,normal,0,0,none,not_tb,0,not_applicable
7973,37,M,20.7,0,1,5,0,1,1,0,1,0,1,3,0,0,N/A,infiltrate,1,1,pulmonary,smear_negative_ptb,0,cured
7974,18,M,24.2,0,0,0,0,0,0,0,0,0,0,0,0,0,N/A,normal,0,0,none,not_tb,0,not_applicable
7975,46,F,22.5,0,0,0,0,0,0,0,0,1,1,0,0,0,N/A,normal,0,0,none,not_tb,0,not_applicable
7976,40,F,21.2,0,0,0,0,0,0,0,0,0,0,0,0,0,N/A,infiltrate,1,0,none,not_tb,0,not_applicable
7977,35,F,21.6,0,0,0,0,0,0,0,0,0,0,0,0,0,N/A,infiltrate,1,0,none,not_tb,0,not_applicable
7978,34,F,16.4,0,0,0,0,0,0,0,0,0,0,0,0,0,N/A,normal,0,0,none,not_tb,0,not_applicable
7979,41,F,19.2,1,0,0,0,0,0,0,1,0,1,0,0,0,N/A,old_tb_scar,1,0,none,not_tb,0,not_applicable
7980,32,M,23.0,0,1,4,0,1,0,0,0,1,1,2,1,1,not_detected,cavity,1,1,pulmonary,smear_positive_ptb,0,lost_to_followup
7981,43,M,19.1,0,0,0,0,0,0,0,0,0,0,0,0,0,N/A,normal,0,0,none,not_tb,0,not_applicable
7982,40,F,15.5,0,0,0,0,0,0,0,0,0,0,0,0,0,N/A,old_tb_scar,1,0,none,not_tb,0,not_applicable
7983,25,F,25.2,0,0,0,0,0,0,0,1,0,0,0,0,0,N/A,normal,0,0,none,not_tb,0,not_applicable
7984,31,F,22.9,0,0,0,0,0,0,0,0,0,1,0,0,0,N/A,normal,0,0,none,not_tb,0,not_applicable
7985,35,F,23.1,1,0,0,0,0,0,0,0,0,0,0,0,0,N/A,normal,0,0,none,not_tb,0,not_applicable
7986,37,M,21.4,1,0,0,0,0,0,0,0,0,0,0,0,0,N/A,infiltrate,1,0,none,not_tb,0,not_applicable
7987,67,F,25.2,0,0,0,0,0,0,0,1,0,0,0,0,0,N/A,normal,0,0,none,not_tb,0,not_applicable
7988,34,F,27.4,0,0,0,0,0,0,0,0,0,1,0,0,0,N/A,normal,0,0,none,not_tb,0,not_applicable
7989,32,F,20.2,0,0,0,0,0,0,0,0,0,0,0,0,0,N/A,normal,0,0,none,not_tb,0,not_applicable
7990,37,F,20.1,1,1,6,0,1,1,1,1,1,0,3,0,1,not_detected,normal,0,1,pulmonary,smear_negative_ptb,0,died
7991,52,M,25.9,0,0,0,1,0,0,1,0,0,0,1,0,0,N/A,normal,0,0,none,not_tb,0,not_applicable
7992,44,F,17.1,0,0,0,1,1,1,1,1,1,0,3,1,1,not_detected,normal,0,1,pulmonary,smear_positive_ptb,1,failed
7993,60,M,27.3,0,0,0,1,0,0,0,0,1,0,1,0,0,N/A,normal,0,0,none,not_tb,0,not_applicable
7994,41,F,25.9,1,0,0,0,0,0,0,0,0,0,0,0,0,N/A,normal,0,0,none,not_tb,0,not_applicable
7995,56,M,17.7,1,0,0,0,0,0,0,0,0,0,0,0,0,N/A,other_pathology,1,0,none,not_tb,0,not_applicable
7996,30,M,22.5,0,1,6,0,1,1,0,0,0,1,3,0,0,N/A,infiltrate,1,1,pulmonary,smear_negative_ptb,0,cured
7997,44,M,17.8,0,0,0,0,0,0,0,0,0,0,0,0,0,N/A,normal,0,0,none,not_tb,0,not_applicable
7998,26,M,16.8,0,1,6,1,1,1,1,0,1,1,4,1,1,not_detected,infiltrate,1,1,pulmonary,smear_positive_ptb,0,completed
7999,40,M,20.2,0,1,7,1,1,1,1,0,1,1,4,0,1,not_detected,infiltrate,1,1,pulmonary,smear_negative_ptb,0,lost_to_followup
8000,56,F,25.6,1,0,0,0,0,0,0,0,1,0,0,0,0,N/A,normal,0,0,none,not_tb,0,not_applicable
8001,38,M,22.3,0,0,0,0,0,0,0,0,1,0,0,0,0,N/A,old_tb_scar,1,0,none,not_tb,0,not_applicable
8002,38,F,19.8,0,0,0,1,0,0,0,0,1,0,1,0,0,N/A,normal,0,0,none,not_tb,0,not_applicable
8003,40,M,21.1,0,0,0,0,0,0,0,1,1,0,0,0,0,N/A,normal,0,0,none,not_tb,0,not_applicable
8004,48,M,20.7,0,0,0,0,0,0,0,0,1,0,0,0,0,N/A,normal,0,0,none,not_tb,0,not_applicable
8005,55,F,24.9,0,1,2,0,0,0,0,0,0,0,1,0,0,N/A,normal,0,0,none,not_tb,0,not_applicable
8006,28,F,20.6,0,0,0,0,0,0,0,0,0,0,0,0,0,N/A,normal,0,0,none,not_tb,0,not_applicable
8007,46,M,19.7,0,0,0,0,0,0,0,0,0,0,0,0,0,N/A,other_pathology,1,0,none,not_tb,0,not_applicable
8008,46,F,16.8,1,0,0,0,1,0,0,0,0,0,1,0,0,N/A,normal,0,0,none,not_tb,0,not_applicable
8009,46,F,17.0,1,1,4,0,0,0,0,1,1,0,1,0,0,N/A,normal,0,1,extrapulmonary,extrapulmonary_tb,0,died
8010,51,F,18.2,0,1,9,1,0,1,0,0,1,1,3,1,1,not_detected,infiltrate,1,1,pulmonary,smear_positive_ptb,0,cured
8011,33,F,18.0,0,0,0,1,0,0,0,0,0,0,1,0,0,N/A,normal,0,0,none,not_tb,0,not_applicable
8012,35,F,15.9,0,0,0,0,0,0,0,0,0,0,0,0,0,N/A,normal,0,0,none,not_tb,0,not_applicable
8013,29,F,20.9,1,1,7,1,1,1,0,1,1,1,4,1,1,not_detected,cavity,1,1,pulmonary,smear_positive_ptb,0,cured
8014,37,M,18.5,1,0,0,0,0,0,0,1,1,0,0,0,0,N/A,other_pathology,1,0,none,not_tb,0,not_applicable
8015,25,M,17.4,0,0,0,0,0,0,0,0,0,0,0,0,0,N/A,normal,0,0,none,not_tb,0,not_applicable
8016,52,M,27.5,0,0,0,0,0,0,0,0,0,0,0,0,0,N/A,normal,0,0,none,not_tb,0,not_applicable
8017,61,F,20.6,0,1,5,1,1,1,0,0,1,0,4,1,1,not_detected,normal,0,1,pulmonary,smear_positive_ptb,0,cured
8018,36,F,21.1,0,1,3,0,1,0,0,1,0,1,2,1,1,not_detected,cavity,1,1,pulmonary,smear_positive_ptb,0,completed
8019,34,M,23.8,0,0,0,0,0,0,0,0,0,1,0,0,0,N/A,old_tb_scar,1,0,none,not_tb,0,not_applicable
8020,46,F,26.6,0,0,0,0,0,0,0,0,0,0,0,0,0,N/A,normal,0,0,none,not_tb,0,not_applicable
8021,28,M,25.1,0,0,0,0,0,0,0,0,0,0,0,0,0,N/A,normal,0,0,none,not_tb,0,not_applicable
8022,19,M,17.6,1,1,4,1,1,0,0,0,1,1,3,0,0,N/A,normal,0,1,pulmonary,smear_negative_ptb,0,completed
8023,57,F,15.8,0,1,5,1,1,1,1,0,1,1,4,0,0,N/A,normal,0,1,extrapulmonary,extrapulmonary_tb,0,cured
8024,30,M,15.3,0,1,4,0,1,1,1,0,0,1,3,1,1,not_detected,miliary,1,1,pulmonary,smear_positive_ptb,0,cured
8025,45,M,21.5,0,0,0,0,0,0,0,0,0,0,0,0,0,N/A,normal,0,0,none,not_tb,0,not_applicable
8026,33,M,18.2,0,0,0,0,0,0,0,0,0,0,0,0,0,N/A,normal,0,0,none,not_tb,0,not_applicable
8027,29,M,16.5,1,0,0,1,1,1,0,1,0,0,3,1,1,not_detected,infiltrate,1,1,pulmonary,smear_positive_ptb,0,lost_to_followup
8028,44,F,21.5,0,1,3,0,0,0,0,0,0,0,1,0,0,N/A,old_tb_scar,1,0,none,not_tb,0,not_applicable
8029,23,F,26.9,0,0,0,0,0,0,0,0,0,0,0,0,0,N/A,normal,0,0,none,not_tb,0,not_applicable
8030,56,F,16.7,0,0,0,0,0,0,0,1,0,0,0,0,0,N/A,normal,0,0,none,not_tb,0,not_applicable
8031,22,F,18.6,0,1,2,1,1,0,0,0,1,0,3,1,1,not_detected,infiltrate,1,1,pulmonary,smear_positive_ptb,0,failed
8032,43,M,15.4,1,1,6,1,1,0,1,1,1,0,3,1,1,not_detected,infiltrate,1,1,pulmonary,smear_positive_ptb,0,cured
8033,42,M,20.1,0,0,0,0,0,0,0,0,0,0,0,0,1,not_detected,other_pathology,1,0,none,not_tb,0,not_applicable
8034,30,M,20.8,0,1,3,1,1,0,1,1,0,0,3,1,1,not_detected,infiltrate,1,1,pulmonary,smear_positive_ptb,0,cured
8035,20,M,16.4,1,1,5,0,1,1,0,0,0,0,3,0,1,not_detected,normal,0,1,extrapulmonary,extrapulmonary_tb,0,cured
8036,64,F,21.1,0,1,4,0,0,0,0,0,0,0,1,0,0,N/A,normal,0,0,none,not_tb,0,not_applicable
8037,36,M,22.5,0,0,0,0,0,0,0,0,1,1,0,0,0,N/A,other_pathology,1,0,none,not_tb,0,not_applicable
8038,46,M,24.5,0,0,0,0,0,0,0,0,0,0,0,0,0,N/A,normal,0,0,none,not_tb,0,not_applicable
8039,47,M,20.1,0,0,0,0,0,0,0,0,0,0,0,0,0,N/A,normal,0,0,none,not_tb,0,not_applicable
8040,46,F,21.7,1,1,6,0,1,0,0,0,0,1,2,0,1,not_detected,infiltrate,1,1,pulmonary,smear_negative_ptb,0,cured
8041,40,M,20.4,0,0,0,0,0,0,0,0,1,0,0,0,0,N/A,normal,0,0,none,not_tb,0,not_applicable
8042,56,M,23.7,0,1,4,1,1,0,0,0,0,0,3,0,0,N/A,normal,0,0,none,not_tb,0,not_applicable
8043,45,F,18.0,1,0,0,0,1,1,0,1,1,1,2,0,0,N/A,pleural_effusion,1,1,pulmonary,smear_negative_ptb,0,cured
8044,34,M,20.4,0,0,0,0,0,0,0,0,0,1,0,0,1,not_detected,infiltrate,1,1,pulmonary,smear_negative_ptb,0,lost_to_followup
8045,73,F,29.1,1,0,0,0,0,0,0,0,0,0,0,0,0,N/A,normal,0,0,none,not_tb,0,not_applicable
8046,26,M,21.0,1,0,0,0,0,0,0,1,0,0,0,0,0,N/A,normal,0,0,none,not_tb,0,not_applicable
8047,53,F,18.5,0,1,2,0,0,1,0,1,1,1,2,1,1,not_detected,infiltrate,1,1,pulmonary,smear_positive_ptb,0,cured
8048,42,F,20.5,0,0,0,0,0,1,0,0,0,0,1,0,0,N/A,normal,0,0,none,not_tb,0,not_applicable
8049,44,M,19.9,0,0,0,0,0,0,0,0,0,0,0,0,0,N/A,old_tb_scar,1,0,none,not_tb,0,not_applicable
8050,42,F,19.6,0,0,0,0,0,0,0,0,0,0,0,0,0,N/A,normal,0,0,none,not_tb,0,not_applicable
8051,41,M,18.5,1,0,0,1,1,1,0,0,1,0,3,1,1,not_detected,infiltrate,1,1,pulmonary,smear_positive_ptb,0,cured
8052,24,F,16.6,0,1,5,0,1,1,0,1,1,1,3,1,1,not_detected,normal,0,1,extrapulmonary,extrapulmonary_tb,0,cured
8053,18,F,19.4,1,0,0,0,0,0,0,1,0,0,0,0,0,N/A,other_pathology,1,0,none,not_tb,0,not_applicable
8054,21,F,12.0,1,0,0,0,0,0,0,0,0,0,0,0,0,N/A,normal,0,0,none,not_tb,0,not_applicable
8055,53,F,22.0,1,1,4,0,1,1,0,0,1,1,3,0,0,N/A,infiltrate,1,1,pulmonary,smear_negative_ptb,0,failed
8056,18,F,22.6,1,0,0,0,0,1,0,1,1,0,1,0,1,not_detected,miliary,1,1,pulmonary,smear_negative_ptb,0,completed
8057,35,M,24.3,0,0,0,1,1,0,0,0,0,0,2,0,0,N/A,normal,0,0,none,not_tb,0,not_applicable
8058,24,M,18.9,0,0,0,0,0,0,0,0,0,0,0,0,0,N/A,normal,0,0,none,not_tb,0,not_applicable
8059,37,F,15.3,0,1,6,0,1,0,0,1,1,1,2,0,0,N/A,normal,0,1,extrapulmonary,extrapulmonary_tb,0,completed
8060,50,F,16.5,0,0,0,0,0,0,0,0,0,0,0,0,0,N/A,normal,0,0,none,not_tb,0,not_applicable
8061,36,F,20.1,1,0,0,1,0,0,1,1,1,1,1,0,1,not_detected,infiltrate,1,1,pulmonary,smear_negative_ptb,0,died
8062,51,M,21.7,0,1,5,1,0,1,0,0,1,1,3,1,1,not_detected,cavity,1,1,pulmonary,smear_positive_ptb,0,cured
8063,40,M,18.9,0,1,5,1,1,1,0,0,1,1,4,1,1,not_detected,infiltrate,1,1,pulmonary,smear_positive_ptb,0,cured
8064,21,F,25.0,0,1,2,0,0,0,0,0,0,0,1,0,0,N/A,normal,0,0,none,not_tb,0,not_applicable
8065,25,F,23.6,0,1,3,0,0,0,0,0,0,0,1,0,0,N/A,normal,0,0,none,not_tb,0,not_applicable
8066,30,M,16.6,1,1,3,1,0,0,0,1,1,0,2,1,1,not_detected,infiltrate,1,1,pulmonary,smear_positive_ptb,0,failed
8067,53,M,25.5,0,0,0,0,0,0,0,0,0,1,0,0,0,N/A,normal,0,0,none,not_tb,0,not_applicable
8068,25,M,25.3,0,0,0,0,0,0,0,1,1,0,0,0,0,N/A,old_tb_scar,1,0,none,not_tb,0,not_applicable
8069,43,M,18.5,1,0,0,0,0,0,0,0,1,0,0,0,0,N/A,normal,0,0,none,not_tb,0,not_applicable
8070,50,F,24.8,0,0,0,1,0,0,0,0,0,0,1,0,0,N/A,other_pathology,1,0,none,not_tb,0,not_applicable
8071,28,M,21.5,0,0,0,0,0,0,0,0,1,0,0,0,0,N/A,old_tb_scar,1,0,none,not_tb,0,not_applicable
8072,54,M,21.1,0,0,0,0,0,0,0,0,0,0,0,0,0,N/A,normal,0,0,none,not_tb,0,not_applicable
8073,23,M,19.5,0,0,0,1,1,1,0,1,1,1,3,0,0,N/A,infiltrate,1,1,pulmonary,smear_negative_ptb,0,cured
8074,20,M,23.3,0,0,0,0,0,0,0,0,1,0,0,0,0,N/A,infiltrate,1,0,none,not_tb,0,not_applicable
8075,57,F,25.1,0,1,2,0,0,0,0,0,1,1,1,0,0,N/A,normal,0,0,none,not_tb,0,not_applicable
8076,48,M,19.0,0,0,0,0,0,0,0,0,1,0,0,0,0,N/A,old_tb_scar,1,0,none,not_tb,0,not_applicable
8077,17,M,19.9,0,1,6,0,1,0,0,1,1,0,2,0,1,not_detected,normal,0,1,extrapulmonary,extrapulmonary_tb,0,completed
8078,32,M,17.9,1,0,0,0,0,0,0,0,0,0,0,0,0,N/A,normal,0,0,none,not_tb,0,not_applicable
8079,26,F,21.4,0,0,0,1,0,0,0,0,0,0,1,0,0,N/A,normal,0,0,none,not_tb,0,not_applicable
8080,19,F,18.2,0,1,4,1,0,1,0,0,1,1,3,1,1,not_detected,infiltrate,1,1,pulmonary,smear_positive_ptb,0,cured
8081,30,M,25.4,0,0,0,0,0,0,1,0,1,0,0,0,0,N/A,normal,0,0,none,not_tb,0,not_applicable
8082,17,F,22.0,0,0,0,0,0,0,0,0,0,0,0,0,0,N/A,infiltrate,1,0,none,not_tb,0,not_applicable
8083,50,M,21.1,0,0,0,1,0,0,0,1,0,0,1,0,0,N/A,normal,0,0,none,not_tb,0,not_applicable
8084,47,M,27.0,0,1,4,0,0,1,0,0,1,0,2,0,0,N/A,normal,0,0,none,not_tb,0,not_applicable
8085,37,M,17.4,1,1,3,0,0,1,0,1,0,1,2,1,1,not_detected,normal,0,1,extrapulmonary,extrapulmonary_tb,0,lost_to_followup
8086,41,F,17.3,1,1,2,1,0,0,0,1,1,0,2,1,1,not_detected,cavity,1,1,pulmonary,smear_positive_ptb,0,completed
8087,35,F,15.4,0,0,0,0,0,0,0,0,0,0,0,1,0,N/A,infiltrate,1,0,none,not_tb,0,not_applicable
8088,19,M,21.2,0,1,2,0,0,0,0,0,1,0,1,0,0,N/A,other_pathology,1,0,none,not_tb,0,not_applicable
8089,18,M,16.2,0,1,2,1,0,1,0,0,1,1,3,0,1,not_detected,cavity,1,1,pulmonary,smear_negative_ptb,0,cured
8090,38,M,21.1,0,0,0,0,0,0,0,0,0,0,0,0,0,N/A,normal,0,0,none,not_tb,0,not_applicable
8091,21,M,22.8,0,0,0,0,0,0,0,0,0,0,0,0,0,N/A,normal,0,0,none,not_tb,0,not_applicable
8092,53,M,18.2,0,0,0,0,1,1,0,0,0,0,2,0,0,N/A,normal,0,0,none,not_tb,0,not_applicable
8093,30,M,19.1,0,0,0,0,0,1,0,0,0,0,1,0,0,N/A,normal,0,0,none,not_tb,0,not_applicable
8094,50,F,16.4,0,0,0,1,0,0,0,1,0,0,1,0,0,N/A,normal,0,0,none,not_tb,0,not_applicable
8095,38,M,17.2,1,1,4,0,0,0,1,0,1,1,1,0,1,not_detected,pleural_effusion,1,1,pulmonary,smear_negative_ptb,0,died
8096,35,F,16.1,1,1,3,0,1,1,0,0,1,1,3,0,0,N/A,normal,0,1,extrapulmonary,extrapulmonary_tb,0,cured
8097,83,M,23.9,0,1,7,1,0,0,1,0,1,0,2,1,1,not_detected,infiltrate,1,1,pulmonary,smear_positive_ptb,0,cured
8098,21,M,27.3,0,0,0,0,0,0,0,0,0,0,0,0,0,N/A,normal,0,0,none,not_tb,0,not_applicable
8099,35,M,26.7,0,0,0,1,1,1,0,0,0,0,3,0,0,N/A,normal,0,0,none,not_tb,0,not_applicable
8100,24,F,15.3,1,0,0,1,1,1,0,0,1,0,3,1,1,not_detected,pleural_effusion,1,1,pulmonary,smear_positive_ptb,0,died
8101,36,M,21.4,0,0,0,0,0,0,0,1,0,0,0,0,0,N/A,normal,0,0,none,not_tb,0,not_applicable
8102,32,M,17.8,1,0,0,0,0,1,0,0,0,1,1,0,0,N/A,other_pathology,1,0,none,not_tb,0,not_applicable
8103,35,F,23.1,1,1,4,0,0,1,0,0,1,0,2,0,1,detected,miliary,1,1,pulmonary,smear_negative_ptb,1,failed
8104,57,F,20.6,0,1,5,0,0,1,0,1,0,0,2,0,0,N/A,cavity,1,1,pulmonary,smear_negative_ptb,0,cured
8105,30,F,15.9,0,1,5,0,1,0,0,0,1,1,2,1,1,not_detected,infiltrate,1,1,pulmonary,smear_positive_ptb,0,cured
8106,48,M,19.4,1,0,0,1,0,1,0,1,1,0,2,0,1,detected,miliary,1,1,pulmonary,smear_negative_ptb,0,failed
8107,58,M,14.8,0,1,2,1,1,1,0,1,1,1,4,1,1,not_detected,infiltrate,1,1,pulmonary,smear_positive_ptb,1,cured
8108,33,F,21.5,0,0,0,0,0,1,0,0,0,0,1,0,0,N/A,normal,0,0,none,not_tb,0,not_applicable
8109,42,F,21.4,0,0,0,0,0,0,0,0,0,0,0,0,0,N/A,other_pathology,1,0,none,not_tb,0,not_applicable
8110,25,F,20.3,0,1,4,0,1,1,0,1,1,1,3,1,1,not_detected,infiltrate,1,1,pulmonary,smear_positive_ptb,0,cured
8111,26,M,25.5,0,0,0,0,0,0,0,0,1,0,0,0,0,N/A,old_tb_scar,1,0,none,not_tb,0,not_applicable
8112,29,M,18.6,0,0,0,1,1,0,0,0,1,0,2,1,1,not_detected,miliary,1,1,pulmonary,smear_positive_ptb,0,cured
8113,17,F,21.2,0,0,0,0,0,0,0,0,0,0,0,0,0,N/A,other_pathology,1,0,none,not_tb,0,not_applicable
8114,39,F,12.0,1,1,5,1,1,1,0,1,0,1,4,1,1,not_detected,normal,0,1,pulmonary,smear_positive_ptb,0,completed
8115,22,M,22.4,1,1,6,1,0,1,0,0,1,1,3,0,0,N/A,normal,0,1,extrapulmonary,extrapulmonary_tb,0,cured
8116,44,F,16.9,1,0,0,1,1,1,0,1,1,1,3,0,1,not_detected,infiltrate,1,1,extrapulmonary,extrapulmonary_tb,0,completed
8117,30,F,22.4,1,0,0,0,0,0,0,0,0,0,0,0,1,not_detected,normal,0,0,none,not_tb,0,not_applicable
8118,27,M,24.1,0,1,2,0,1,1,0,0,1,1,3,0,0,N/A,pleural_effusion,1,1,pulmonary,smear_negative_ptb,1,completed
8119,15,M,17.8,0,1,3,0,0,0,0,0,0,0,1,0,0,N/A,other_pathology,1,0,none,not_tb,0,not_applicable
8120,63,F,22.1,0,0,0,0,0,0,0,0,0,0,0,0,0,N/A,other_pathology,1,0,none,not_tb,0,not_applicable
8121,22,M,23.7,0,0,0,0,0,0,0,0,0,0,0,0,0,N/A,normal,0,0,none,not_tb,0,not_applicable
8122,40,M,21.2,0,1,3,1,1,1,0,0,1,1,4,0,0,N/A,infiltrate,1,1,pulmonary,smear_negative_ptb,0,completed
8123,43,F,22.0,1,0,0,0,0,1,0,0,0,1,1,0,0,N/A,normal,0,0,none,not_tb,0,not_applicable
8124,38,M,21.4,0,1,4,1,1,1,1,0,0,1,4,0,1,not_detected,infiltrate,1,1,extrapulmonary,extrapulmonary_tb,0,cured
8125,47,F,20.5,0,0,0,0,0,0,0,0,0,0,0,0,0,N/A,normal,0,0,none,not_tb,0,not_applicable
8126,31,M,23.9,0,0,0,0,0,0,0,0,0,0,0,0,0,N/A,infiltrate,1,0,none,not_tb,0,not_applicable
8127,57,M,23.4,0,0,0,0,0,0,0,0,0,1,0,0,0,N/A,normal,0,0,none,not_tb,0,not_applicable
8128,20,F,21.7,0,0,0,0,1,0,0,0,0,0,1,0,0,N/A,normal,0,0,none,not_tb,0,not_applicable
8129,38,F,23.1,0,1,2,0,0,0,0,0,1,0,1,0,0,N/A,normal,0,0,none,not_tb,0,not_applicable
8130,33,M,18.9,0,1,4,0,1,0,0,1,0,0,2,0,0,N/A,old_tb_scar,1,0,none,not_tb,0,not_applicable
8131,28,F,17.8,1,0,0,1,0,1,0,0,1,0,2,0,0,N/A,cavity,1,1,pulmonary,smear_negative_ptb,0,cured
8132,66,F,17.5,1,0,0,0,0,0,0,1,0,0,0,0,0,N/A,normal,0,0,none,not_tb,0,not_applicable
8133,44,F,20.5,0,0,0,0,0,0,0,0,0,0,0,0,0,N/A,normal,0,0,none,not_tb,0,not_applicable
8134,23,F,26.0,0,0,0,0,0,0,0,0,0,0,0,1,0,N/A,normal,0,0,none,not_tb,0,not_applicable
8135,28,M,23.5,1,0,0,0,0,0,0,1,0,0,0,0,0,N/A,normal,0,0,none,not_tb,0,not_applicable
8136,47,M,23.1,0,0,0,0,0,0,0,0,0,0,0,0,0,N/A,normal,0,0,none,not_tb,0,not_applicable
8137,59,M,14.5,0,1,4,1,1,1,0,0,0,1,4,0,0,N/A,pleural_effusion,1,1,extrapulmonary,extrapulmonary_tb,0,lost_to_followup
8138,47,M,23.1,0,0,0,0,0,0,0,0,0,1,0,0,0,N/A,infiltrate,1,0,none,not_tb,0,not_applicable
8139,30,F,21.8,1,0,0,1,0,0,0,0,0,1,1,0,0,N/A,old_tb_scar,1,0,none,not_tb,0,not_applicable
8140,63,M,19.8,0,0,0,1,0,0,0,1,0,1,1,0,1,not_detected,cavity,1,1,pulmonary,smear_negative_ptb,0,cured
8141,64,M,22.0,0,1,2,1,0,0,0,0,1,1,2,1,1,detected,infiltrate,1,1,pulmonary,smear_positive_ptb,1,lost_to_followup
8142,49,M,20.6,0,0,0,0,0,0,0,1,1,0,0,0,0,N/A,normal,0,0,none,not_tb,0,not_applicable
8143,31,M,17.7,1,1,2,1,0,0,0,0,1,1,2,0,1,not_detected,infiltrate,1,1,pulmonary,smear_negative_ptb,0,cured
8144,23,M,20.8,0,1,9,1,1,0,1,0,1,1,3,1,1,not_detected,infiltrate,1,1,pulmonary,smear_positive_ptb,0,died
8145,49,F,19.9,0,1,3,0,0,0,0,0,1,0,1,0,0,N/A,infiltrate,1,0,none,not_tb,0,not_applicable
8146,50,F,22.3,0,0,0,0,0,0,0,0,1,1,0,0,0,N/A,old_tb_scar,1,0,none,not_tb,0,not_applicable
8147,49,M,15.0,0,0,0,0,0,0,0,0,0,0,0,0,0,N/A,normal,0,0,none,not_tb,0,not_applicable
8148,44,M,17.7,0,1,11,0,0,0,0,1,1,0,1,1,1,not_detected,cavity,1,1,pulmonary,smear_positive_ptb,0,cured
8149,43,F,26.6,0,0,0,0,0,0,0,0,0,0,0,0,0,N/A,infiltrate,1,0,none,not_tb,0,not_applicable
8150,18,M,23.2,0,0,0,0,1,0,0,0,0,0,1,0,1,not_detected,normal,0,0,none,not_tb,0,not_applicable
8151,45,M,20.7,1,0,0,1,1,1,1,1,1,1,3,0,1,not_detected,normal,0,1,pulmonary,smear_negative_ptb,0,died
8152,50,M,25.3,1,0,0,0,0,0,0,0,0,0,0,0,0,N/A,normal,0,0,none,not_tb,0,not_applicable
8153,22,M,21.9,0,0,0,1,0,0,0,1,1,0,1,1,1,detected,pleural_effusion,1,1,pulmonary,smear_positive_ptb,1,cured
8154,67,F,20.8,0,1,6,0,0,0,0,0,0,0,1,0,0,N/A,infiltrate,1,0,none,not_tb,0,not_applicable
8155,62,F,25.3,0,0,0,0,0,0,0,1,1,0,0,0,0,N/A,normal,0,0,none,not_tb,0,not_applicable
8156,30,F,24.1,0,1,11,1,0,0,0,1,0,0,2,0,1,not_detected,infiltrate,1,1,pulmonary,smear_negative_ptb,0,cured
8157,24,F,21.9,0,0,0,1,0,0,0,0,1,0,1,0,0,N/A,normal,0,0,none,not_tb,0,not_applicable
8158,40,M,17.4,0,0,0,1,0,0,0,0,0,0,1,0,0,N/A,normal,0,0,none,not_tb,0,not_applicable
8159,19,M,17.0,0,1,2,1,1,0,0,0,1,1,3,0,1,not_detected,normal,0,1,extrapulmonary,extrapulmonary_tb,0,completed
8160,16,M,19.7,0,1,3,0,0,1,0,0,1,0,2,1,1,detected,infiltrate,1,1,pulmonary,smear_positive_ptb,1,cured
8161,49,M,16.2,0,0,0,0,0,0,0,0,1,0,0,0,0,N/A,normal,0,0,none,not_tb,0,not_applicable
8162,35,M,19.3,0,0,0,1,0,1,0,0,0,0,2,0,0,N/A,infiltrate,1,0,none,not_tb,0,not_applicable
8163,24,M,20.8,0,0,0,0,0,0,0,0,1,0,0,0,0,N/A,normal,0,0,none,not_tb,0,not_applicable
8164,64,M,22.4,0,0,0,0,0,0,0,0,0,0,0,0,0,N/A,normal,0,0,none,not_tb,0,not_applicable
8165,18,M,23.0,1,0,0,1,1,1,0,0,0,0,3,0,1,not_detected,pleural_effusion,1,1,pulmonary,smear_negative_ptb,0,completed
8166,51,F,24.4,0,0,0,0,0,0,0,0,0,0,0,0,0,N/A,infiltrate,1,0,none,not_tb,0,not_applicable
8167,33,F,18.1,0,0,0,0,0,1,0,1,0,0,1,0,0,N/A,other_pathology,1,0,none,not_tb,0,not_applicable
8168,49,F,35.5,0,0,0,0,0,0,0,1,1,0,0,0,0,N/A,normal,0,0,none,not_tb,0,not_applicable
8169,20,M,18.5,0,0,0,1,1,0,0,0,1,0,2,1,1,not_detected,normal,0,1,pulmonary,smear_positive_ptb,0,lost_to_followup
8170,38,M,16.1,0,0,0,0,0,0,0,0,0,0,0,0,0,N/A,other_pathology,1,0,none,not_tb,0,not_applicable
8171,50,F,18.4,0,0,0,0,0,0,0,0,0,1,0,0,0,N/A,other_pathology,1,0,none,not_tb,0,not_applicable
8172,45,F,18.4,0,0,0,0,0,0,0,0,1,0,0,0,0,N/A,normal,0,0,none,not_tb,0,not_applicable
8173,24,F,17.3,0,0,0,1,0,0,0,0,0,0,1,0,0,N/A,normal,0,0,none,not_tb,0,not_applicable
8174,30,M,19.8,0,1,4,0,1,1,0,0,0,1,3,1,1,not_detected,normal,0,1,pulmonary,smear_positive_ptb,0,cured
8175,47,M,12.0,1,0,0,1,1,0,0,0,0,0,2,1,1,detected,infiltrate,1,1,pulmonary,smear_positive_ptb,1,cured
8176,39,F,25.4,1,1,3,0,0,0,0,0,0,0,1,0,0,N/A,normal,0,0,none,not_tb,0,not_applicable
8177,49,F,24.9,0,0,0,0,0,0,0,1,0,0,0,0,0,N/A,normal,0,0,none,not_tb,0,not_applicable
8178,37,M,17.4,0,1,5,1,1,0,0,0,1,0,3,0,0,N/A,infiltrate,1,1,pulmonary,smear_negative_ptb,0,cured
8179,44,M,25.2,0,0,0,0,0,1,0,0,1,0,1,0,0,N/A,other_pathology,1,0,none,not_tb,0,not_applicable
8180,49,M,18.2,0,0,0,0,0,0,0,0,0,0,0,0,0,N/A,normal,0,0,none,not_tb,0,not_applicable
8181,42,M,16.4,0,0,0,0,1,1,0,1,1,0,2,1,1,not_detected,infiltrate,1,1,pulmonary,smear_positive_ptb,0,cured
8182,34,F,23.9,0,0,0,0,0,0,0,0,0,0,0,0,0,N/A,normal,0,0,none,not_tb,0,not_applicable
8183,69,M,21.3,0,0,0,0,0,0,0,0,0,0,0,0,0,N/A,other_pathology,1,0,none,not_tb,0,not_applicable
8184,60,M,19.8,0,0,0,0,1,0,0,0,1,1,1,0,0,N/A,normal,0,0,none,not_tb,0,not_applicable
8185,51,M,18.2,1,0,0,1,1,0,0,1,1,0,2,0,0,N/A,infiltrate,1,1,pulmonary,smear_negative_ptb,0,died
8186,45,F,26.6,0,0,0,1,0,0,0,0,0,1,1,0,0,N/A,normal,0,0,none,not_tb,0,not_applicable
8187,38,M,21.7,0,1,2,1,0,1,0,0,0,1,3,1,1,not_detected,cavity,1,1,pulmonary,smear_positive_ptb,0,cured
8188,31,M,23.5,0,0,0,0,0,0,0,0,1,0,0,0,0,N/A,old_tb_scar,1,0,none,not_tb,0,not_applicable
8189,52,F,20.8,0,0,0,0,0,0,0,0,0,0,0,0,0,N/A,other_pathology,1,0,none,not_tb,0,not_applicable
8190,46,F,23.8,0,0,0,0,0,0,0,0,0,1,0,0,0,N/A,normal,0,0,none,not_tb,0,not_applicable
8191,38,F,19.0,1,1,4,0,0,0,0,0,0,0,1,0,0,N/A,normal,0,0,none,not_tb,0,not_applicable
8192,29,F,26.1,1,0,0,1,0,1,0,0,0,0,2,0,0,N/A,normal,0,0,none,not_tb,0,not_applicable
8193,35,M,25.3,0,0,0,0,0,0,0,0,0,0,0,0,0,N/A,normal,0,0,none,not_tb,0,not_applicable
8194,18,F,28.8,0,0,0,0,0,1,0,0,0,0,1,0,0,N/A,normal,0,0,none,not_tb,0,not_applicable
8195,47,F,16.5,0,1,6,1,0,1,0,0,1,1,3,0,1,not_detected,cavity,1,1,pulmonary,smear_negative_ptb,0,cured
8196,31,M,16.2,1,1,2,1,1,0,1,0,1,1,3,1,1,not_detected,infiltrate,1,1,pulmonary,smear_positive_ptb,0,cured
8197,55,F,23.9,1,0,0,0,0,0,0,0,1,0,0,0,0,N/A,other_pathology,1,0,none,not_tb,0,not_applicable
8198,44,M,21.0,0,0,0,0,0,0,0,1,1,0,0,0,0,N/A,normal,0,0,none,not_tb,0,not_applicable
8199,45,M,21.0,1,0,0,1,0,0,0,0,0,1,1,0,0,N/A,normal,0,1,extrapulmonary,extrapulmonary_tb,0,cured
8200,42,M,26.6,0,0,0,0,0,0,0,0,0,0,0,0,0,N/A,normal,0,0,none,not_tb,0,not_applicable
8201,36,M,22.8,0,1,9,1,0,1,0,1,1,1,3,0,1,not_detected,infiltrate,1,1,pulmonary,smear_negative_ptb,0,failed
8202,35,F,22.2,1,0,0,0,0,0,0,0,0,0,0,0,0,N/A,normal,0,0,none,not_tb,0,not_applicable
8203,59,M,20.7,1,0,0,1,1,1,0,0,1,1,3,0,1,not_detected,pleural_effusion,1,1,pulmonary,smear_negative_ptb,0,cured
8204,31,F,17.2,1,0,0,1,0,1,0,0,0,1,2,0,1,not_detected,normal,0,1,extrapulmonary,extrapulmonary_tb,0,completed
8205,24,M,22.8,0,0,0,0,0,0,0,0,0,0,0,0,0,N/A,normal,0,0,none,not_tb,0,not_applicable
8206,39,M,21.8,0,0,0,0,0,0,0,0,0,0,0,0,0,N/A,normal,0,0,none,not_tb,0,not_applicable
8207,51,M,21.6,0,1,3,0,0,0,1,1,1,0,1,0,0,N/A,normal,0,0,none,not_tb,0,not_applicable
8208,40,M,28.4,1,1,2,0,0,0,0,0,1,0,1,0,0,N/A,normal,0,0,none,not_tb,0,not_applicable
8209,39,F,17.3,1,0,0,0,0,0,0,0,0,0,0,0,0,N/A,normal,0,0,none,not_tb,0,not_applicable
8210,50,F,18.5,1,0,0,1,1,0,0,0,0,0,2,0,1,not_detected,infiltrate,1,1,extrapulmonary,extrapulmonary_tb,0,lost_to_followup
8211,36,M,18.6,0,1,6,0,0,0,0,0,1,1,1,0,0,N/A,infiltrate,1,1,extrapulmonary,extrapulmonary_tb,0,completed
8212,32,F,20.1,1,0,0,1,1,1,0,1,1,1,3,1,1,not_detected,cavity,1,1,pulmonary,smear_positive_ptb,0,completed
8213,52,F,18.2,0,0,0,0,0,0,0,0,0,0,0,0,0,N/A,normal,0,0,none,not_tb,0,not_applicable
8214,51,F,21.0,0,0,0,0,0,0,0,0,0,0,0,0,0,N/A,normal,0,0,none,not_tb,0,not_applicable
8215,49,M,19.9,0,0,0,0,0,0,0,0,1,0,0,0,0,N/A,normal,0,0,none,not_tb,0,not_applicable
8216,63,M,14.1,0,0,0,1,0,0,0,0,0,0,1,0,0,N/A,old_tb_scar,1,0,none,not_tb,0,not_applicable
8217,50,F,21.4,1,1,8,1,1,1,0,1,0,0,4,0,1,not_detected,infiltrate,1,1,pulmonary,smear_negative_ptb,0,cured
8218,53,M,16.9,0,0,0,0,0,0,0,0,0,0,0,0,0,N/A,normal,0,0,none,not_tb,0,not_applicable
8219,36,M,16.4,1,0,0,0,0,1,0,0,0,0,1,1,0,N/A,normal,0,0,none,not_tb,0,not_applicable
8220,33,F,25.3,0,0,0,0,0,0,0,0,0,0,0,0,0,N/A,normal,0,0,none,not_tb,0,not_applicable
8221,59,M,17.7,0,1,10,1,1,1,0,1,1,1,4,1,1,not_detected,infiltrate,1,1,pulmonary,smear_positive_ptb,0,cured
8222,52,F,20.9,1,0,0,0,0,0,0,0,0,0,0,0,0,N/A,normal,0,0,none,not_tb,0,not_applicable
8223,37,M,21.0,0,0,0,0,1,0,0,0,0,0,1,0,0,N/A,normal,0,0,none,not_tb,0,not_applicable
8224,39,F,21.2,0,1,10,0,1,0,1,1,1,1,2,1,1,not_detected,cavity,1,1,pulmonary,smear_positive_ptb,0,cured
8225,43,M,20.1,0,0,0,0,0,0,0,1,0,0,0,0,0,N/A,normal,0,0,none,not_tb,0,not_applicable
8226,35,M,24.1,1,1,2,0,1,0,0,0,1,0,2,0,0,N/A,other_pathology,1,0,none,not_tb,0,not_applicable
8227,32,F,15.6,1,0,0,1,0,1,0,0,0,0,2,1,1,not_detected,cavity,1,1,pulmonary,smear_positive_ptb,0,cured
8228,15,M,19.3,1,1,8,1,1,1,0,0,0,1,4,0,1,not_detected,infiltrate,1,1,pulmonary,smear_negative_ptb,0,cured
8229,44,F,25.2,0,0,0,0,0,0,0,1,0,0,0,0,0,N/A,old_tb_scar,1,0,none,not_tb,0,not_applicable
8230,62,F,22.0,1,0,0,1,0,1,0,1,1,0,2,0,1,not_detected,miliary,1,1,pulmonary,smear_negative_ptb,0,cured
8231,31,M,16.6,0,0,0,0,0,0,0,1,0,0,0,1,0,N/A,normal,0,0,none,not_tb,0,not_applicable
8232,33,M,21.0,0,0,0,0,0,0,0,0,0,1,0,0,0,N/A,old_tb_scar,1,0,none,not_tb,0,not_applicable
8233,31,F,27.6,0,0,0,0,0,0,0,0,0,0,0,0,0,N/A,normal,0,0,none,not_tb,0,not_applicable
8234,48,F,25.2,0,0,0,0,0,0,0,0,0,0,0,0,0,N/A,normal,0,0,none,not_tb,0,not_applicable
8235,25,F,21.3,0,0,0,0,0,0,0,0,0,0,0,0,0,N/A,old_tb_scar,1,0,none,not_tb,0,not_applicable
8236,44,M,22.0,0,0,0,0,0,0,0,0,1,0,0,0,0,N/A,other_pathology,1,0,none,not_tb,0,not_applicable
8237,38,F,23.0,0,0,0,0,0,0,0,0,0,0,0,0,0,N/A,infiltrate,1,0,none,not_tb,0,not_applicable
8238,55,M,20.7,0,0,0,0,0,0,0,0,0,0,0,0,0,N/A,normal,0,0,none,not_tb,0,not_applicable
8239,39,F,23.9,1,0,0,0,0,0,0,0,0,0,0,1,1,not_detected,normal,0,0,none,not_tb,0,not_applicable
8240,61,M,19.7,0,1,3,0,0,1,1,0,0,1,2,1,1,not_detected,cavity,1,1,pulmonary,smear_positive_ptb,0,cured
8241,37,M,15.7,1,1,5,1,0,0,1,0,1,1,2,0,1,not_detected,cavity,1,1,pulmonary,smear_negative_ptb,0,died
8242,50,F,20.3,0,1,6,0,0,0,0,0,0,0,1,0,0,N/A,normal,0,0,none,not_tb,0,not_applicable
8243,32,F,20.4,0,0,0,0,0,0,0,0,0,0,0,0,0,N/A,normal,0,0,none,not_tb,0,not_applicable
8244,45,M,17.9,1,0,0,1,1,1,0,0,1,0,3,1,1,not_detected,infiltrate,1,1,pulmonary,smear_positive_ptb,0,died
8245,27,F,22.9,0,0,0,1,0,0,0,0,0,0,1,0,0,N/A,normal,0,0,none,not_tb,0,not_applicable
8246,19,M,22.6,0,0,0,0,0,0,0,0,1,0,0,0,0,N/A,normal,0,0,none,not_tb,0,not_applicable
8247,43,M,16.7,0,0,0,1,0,1,1,0,1,0,2,1,1,not_detected,infiltrate,1,1,pulmonary,smear_positive_ptb,0,failed
8248,33,M,26.7,0,0,0,1,0,0,0,0,0,0,1,0,0,N/A,normal,0,0,none,not_tb,0,not_applicable
8249,60,M,18.5,0,1,3,1,0,0,0,1,0,1,2,1,1,not_detected,infiltrate,1,1,pulmonary,smear_positive_ptb,0,lost_to_followup
8250,48,M,27.1,0,0,0,1,0,0,0,0,0,0,1,0,0,N/A,normal,0,0,none,not_tb,0,not_applicable
8251,29,M,27.0,1,0,0,0,0,1,0,0,0,0,1,0,0,N/A,normal,0,0,none,not_tb,0,not_applicable
8252,21,M,15.9,0,1,5,1,0,1,0,0,1,0,3,1,1,not_detected,miliary,1,1,pulmonary,smear_positive_ptb,0,failed
8253,22,F,17.3,1,0,0,1,1,0,0,1,0,0,2,0,1,not_detected,normal,0,1,extrapulmonary,extrapulmonary_tb,0,cured
8254,61,F,20.5,0,0,0,0,0,0,0,0,1,1,0,0,0,N/A,normal,0,0,none,not_tb,0,not_applicable
8255,34,F,23.1,1,0,0,0,0,0,0,1,0,0,0,0,0,N/A,normal,0,0,none,not_tb,0,not_applicable
8256,32,M,24.5,0,0,0,1,1,0,0,0,0,0,2,0,0,N/A,other_pathology,1,0,none,not_tb,0,not_applicable
8257,57,F,18.9,0,1,5,0,1,1,1,1,1,0,3,1,1,not_detected,infiltrate,1,1,pulmonary,smear_positive_ptb,0,completed
8258,23,M,17.1,0,0,0,0,0,0,0,1,0,1,0,1,1,not_detected,cavity,1,1,pulmonary,smear_positive_ptb,0,completed
8259,19,F,27.8,0,0,0,0,0,0,0,1,0,0,0,0,0,N/A,normal,0,0,none,not_tb,0,not_applicable
8260,55,M,17.4,0,1,3,1,0,1,0,0,1,1,3,0,1,not_detected,infiltrate,1,1,pulmonary,smear_negative_ptb,0,cured
8261,36,M,24.6,0,0,0,0,0,0,0,0,0,0,0,0,0,N/A,normal,0,0,none,not_tb,0,not_applicable
8262,37,M,18.4,0,1,2,0,1,1,0,0,1,1,3,0,1,not_detected,normal,0,1,extrapulmonary,extrapulmonary_tb,0,completed
8263,43,F,21.8,0,0,0,0,0,0,0,1,0,0,0,0,0,N/A,normal,0,0,none,not_tb,0,not_applicable
8264,37,F,20.2,0,0,0,0,1,1,0,1,1,0,2,1,1,not_detected,miliary,1,1,pulmonary,smear_positive_ptb,0,completed
8265,24,F,27.4,0,0,0,0,0,1,0,0,1,1,1,0,0,N/A,normal,0,0,none,not_tb,0,not_applicable
8266,49,F,19.3,0,0,0,1,0,1,0,1,0,0,2,1,0,N/A,miliary,1,1,pulmonary,smear_positive_ptb,0,cured
8267,45,F,17.3,0,1,6,1,1,1,0,0,1,1,4,0,0,N/A,normal,0,1,extrapulmonary,extrapulmonary_tb,0,cured
8268,34,M,22.2,1,1,4,1,1,1,0,0,1,1,4,0,1,not_detected,normal,0,1,pulmonary,smear_negative_ptb,0,completed
8269,21,F,23.7,0,0,0,0,0,0,0,0,0,0,0,0,0,N/A,normal,0,0,none,not_tb,0,not_applicable
8270,15,M,22.6,1,0,0,0,0,1,0,0,0,0,1,0,0,N/A,normal,0,0,none,not_tb,0,not_applicable
8271,37,M,25.6,0,0,0,0,0,0,0,0,0,0,0,0,0,N/A,normal,0,0,none,not_tb,0,not_applicable
8272,38,M,19.3,1,1,5,1,0,1,0,0,1,0,3,0,1,not_detected,infiltrate,1,1,pulmonary,smear_negative_ptb,0,cured
8273,43,F,30.6,0,0,0,0,0,0,0,0,0,0,0,0,0,N/A,normal,0,0,none,not_tb,0,not_applicable
8274,41,F,22.0,1,0,0,0,0,0,0,0,0,0,0,0,0,N/A,normal,0,0,none,not_tb,0,not_applicable
8275,21,M,21.4,1,1,8,1,0,1,0,0,0,1,3,1,1,not_detected,infiltrate,1,1,pulmonary,smear_positive_ptb,0,cured
8276,45,M,23.5,0,0,0,0,0,0,0,0,0,0,0,0,1,not_detected,infiltrate,1,0,none,not_tb,0,not_applicable
8277,22,M,23.5,0,0,0,0,0,0,0,0,0,0,0,0,0,N/A,old_tb_scar,1,0,none,not_tb,0,not_applicable
8278,20,F,20.7,1,0,0,0,0,0,0,0,0,0,0,0,0,N/A,normal,0,0,none,not_tb,0,not_applicable
8279,37,F,20.8,1,0,0,0,0,0,0,0,0,0,0,0,0,N/A,normal,0,0,none,not_tb,0,not_applicable
8280,42,M,19.7,1,0,0,1,1,0,0,0,1,1,2,1,1,not_detected,infiltrate,1,1,pulmonary,smear_positive_ptb,0,completed
8281,36,M,16.3,0,0,0,1,1,1,0,0,1,1,3,1,1,not_detected,pleural_effusion,1,1,pulmonary,smear_positive_ptb,0,cured
8282,61,F,17.1,0,1,7,1,1,1,0,0,1,0,4,0,1,not_detected,cavity,1,1,pulmonary,smear_negative_ptb,0,cured
8283,37,M,18.5,0,0,0,1,0,0,0,0,1,1,1,0,1,not_detected,infiltrate,1,1,pulmonary,smear_negative_ptb,0,cured
8284,29,M,26.3,0,0,0,0,0,1,0,0,0,0,1,0,1,not_detected,other_pathology,1,0,none,not_tb,0,not_applicable
8285,43,M,22.3,0,0,0,0,0,0,1,0,0,1,0,0,0,N/A,normal,0,0,none,not_tb,0,not_applicable
8286,24,M,22.2,0,1,2,0,0,1,0,0,0,0,2,0,0,N/A,normal,0,0,none,not_tb,0,not_applicable
8287,25,M,18.3,0,0,0,0,0,0,0,0,0,1,0,0,0,N/A,normal,0,0,none,not_tb,0,not_applicable
8288,20,F,27.9,1,0,0,0,0,0,0,0,0,0,0,0,0,N/A,infiltrate,1,0,none,not_tb,0,not_applicable
8289,22,M,25.9,0,0,0,0,0,0,0,0,0,0,0,0,0,N/A,normal,0,0,none,not_tb,0,not_applicable
8290,43,M,21.5,0,0,0,1,1,1,0,1,1,1,3,0,1,not_detected,pleural_effusion,1,1,pulmonary,smear_negative_ptb,0,cured
8291,53,F,14.9,0,1,3,0,1,0,0,0,1,1,2,1,1,not_detected,normal,0,1,pulmonary,smear_positive_ptb,0,cured
8292,21,F,23.2,0,0,0,0,0,0,1,0,0,0,0,0,0,N/A,normal,0,0,none,not_tb,0,not_applicable
8293,39,M,18.7,0,0,0,0,0,0,0,0,0,0,0,0,0,N/A,normal,0,0,none,not_tb,0,not_applicable
8294,51,M,24.7,0,0,0,0,0,0,0,0,0,0,0,0,0,N/A,normal,0,0,none,not_tb,0,not_applicable
8295,33,F,23.1,0,0,0,0,0,0,0,0,0,0,0,0,0,N/A,normal,0,0,none,not_tb,0,not_applicable
8296,47,M,19.8,0,1,8,1,0,0,0,0,1,1,2,1,1,not_detected,miliary,1,1,pulmonary,smear_positive_ptb,0,cured
8297,79,F,19.5,0,0,0,0,0,0,0,0,0,0,0,0,0,N/A,other_pathology,1,0,none,not_tb,0,not_applicable
8298,61,M,18.4,0,0,0,0,0,0,0,0,0,0,0,0,0,N/A,normal,0,0,none,not_tb,0,not_applicable
8299,61,M,16.9,1,0,0,1,0,0,0,1,1,0,1,0,1,not_detected,miliary,1,1,pulmonary,smear_negative_ptb,0,completed
8300,51,M,23.1,0,0,0,0,0,0,0,0,0,0,0,0,0,N/A,old_tb_scar,1,0,none,not_tb,0,not_applicable
8301,42,F,17.9,1,0,0,0,1,1,0,0,1,1,2,0,1,not_detected,infiltrate,1,1,pulmonary,smear_negative_ptb,0,lost_to_followup
8302,24,M,19.1,1,1,5,1,1,1,0,1,0,1,4,0,1,not_detected,infiltrate,1,1,pulmonary,smear_negative_ptb,0,died
8303,34,M,15.9,0,1,4,1,0,1,0,1,0,0,3,1,1,not_detected,normal,0,1,pulmonary,smear_positive_ptb,0,cured
8304,62,M,22.0,0,0,0,0,0,0,0,0,0,0,0,0,0,N/A,normal,0,0,none,not_tb,0,not_applicable
8305,24,F,26.9,0,0,0,0,0,0,0,0,0,0,0,0,0,N/A,normal,0,0,none,not_tb,0,not_applicable
8306,40,M,23.2,0,1,5,0,0,1,0,0,0,0,2,0,0,N/A,normal,0,0,none,not_tb,0,not_applicable
8307,44,F,23.4,1,0,0,1,0,0,0,0,0,0,1,0,0,N/A,normal,0,0,none,not_tb,0,not_applicable
8308,64,F,19.5,0,1,3,1,1,0,0,1,1,0,3,0,1,not_detected,normal,0,1,extrapulmonary,extrapulmonary_tb,0,cured
8309,52,M,20.2,0,0,0,0,0,0,0,0,0,0,0,0,0,N/A,normal,0,0,none,not_tb,0,not_applicable
8310,23,F,22.6,1,0,0,0,0,1,0,0,1,1,1,0,1,not_detected,cavity,1,1,pulmonary,smear_negative_ptb,0,cured
8311,19,F,23.2,0,0,0,0,0,0,0,1,0,0,0,0,0,N/A,normal,0,0,none,not_tb,0,not_applicable
8312,52,M,18.9,0,1,3,1,1,1,0,1,1,0,4,1,1,not_detected,pleural_effusion,1,1,pulmonary,smear_positive_ptb,0,completed
8313,33,M,24.4,1,0,0,0,0,0,0,0,0,1,0,0,0,N/A,normal,0,0,none,not_tb,0,not_applicable
8314,47,M,25.3,1,0,0,0,0,0,0,0,0,0,0,0,0,N/A,normal,0,0,none,not_tb,0,not_applicable
8315,57,M,15.4,0,1,3,1,1,0,0,0,0,0,3,0,1,not_detected,infiltrate,1,1,pulmonary,smear_negative_ptb,0,died
8316,42,M,18.6,1,1,5,1,0,1,0,1,1,1,3,0,1,not_detected,infiltrate,1,1,pulmonary,smear_negative_ptb,0,completed
8317,48,F,29.8,0,0,0,1,0,0,0,0,0,0,1,0,0,N/A,old_tb_scar,1,0,none,not_tb,0,not_applicable
8318,55,F,27.8,0,0,0,0,0,0,0,0,0,0,0,0,0,N/A,normal,0,0,none,not_tb,0,not_applicable
8319,63,M,18.2,1,1,3,0,0,1,0,0,1,1,2,0,1,not_detected,normal,0,1,pulmonary,smear_negative_ptb,0,cured
8320,18,M,24.5,0,0,0,1,0,1,0,0,0,0,2,0,0,N/A,old_tb_scar,1,0,none,not_tb,0,not_applicable
8321,31,M,20.9,0,0,0,0,0,0,0,0,0,0,0,0,0,N/A,normal,0,0,none,not_tb,0,not_applicable
8322,24,M,19.4,0,0,0,1,0,1,0,0,1,1,2,1,1,not_detected,infiltrate,1,1,pulmonary,smear_positive_ptb,0,lost_to_followup
8323,37,M,20.4,0,0,0,1,0,0,0,0,0,0,1,0,0,N/A,normal,0,0,none,not_tb,0,not_applicable
8324,31,F,20.3,1,0,0,1,0,0,0,0,0,0,1,0,0,N/A,infiltrate,1,0,none,not_tb,0,not_applicable
8325,47,F,19.9,0,0,0,1,0,0,0,0,1,0,1,0,0,N/A,normal,0,0,none,not_tb,0,not_applicable
8326,30,M,27.9,0,0,0,0,0,0,0,0,0,0,0,0,0,N/A,old_tb_scar,1,0,none,not_tb,0,not_applicable
8327,18,F,20.3,0,0,0,0,0,0,0,1,1,1,0,0,0,N/A,normal,0,0,none,not_tb,0,not_applicable
8328,25,M,26.0,1,0,0,0,0,1,0,0,0,0,1,0,0,N/A,old_tb_scar,1,0,none,not_tb,0,not_applicable
8329,37,F,20.5,0,0,0,0,0,0,0,0,0,0,0,0,0,N/A,old_tb_scar,1,0,none,not_tb,0,not_applicable
8330,27,M,17.1,1,1,3,1,1,0,0,0,1,0,3,0,1,not_detected,miliary,1,1,pulmonary,smear_negative_ptb,0,completed
8331,57,M,19.5,0,1,7,1,1,1,0,0,1,0,4,1,1,detected,miliary,1,1,pulmonary,smear_positive_ptb,0,cured
8332,31,F,17.5,1,0,0,0,0,0,0,0,1,0,0,0,0,N/A,old_tb_scar,1,0,none,not_tb,0,not_applicable
8333,45,M,24.3,0,0,0,0,0,0,0,0,1,0,0,0,0,N/A,normal,0,0,none,not_tb,0,not_applicable
8334,51,F,21.5,0,0,0,0,0,1,0,0,0,0,1,0,0,N/A,normal,0,0,none,not_tb,0,not_applicable
8335,31,M,20.1,0,0,0,0,0,0,0,0,0,0,0,0,0,N/A,infiltrate,1,0,none,not_tb,0,not_applicable
8336,34,F,16.6,1,1,4,0,1,0,1,0,1,0,2,1,1,detected,cavity,1,1,pulmonary,smear_positive_ptb,1,cured
8337,39,F,28.9,0,0,0,0,0,0,0,0,0,0,0,0,0,N/A,other_pathology,1,0,none,not_tb,0,not_applicable
8338,46,M,18.4,0,1,9,0,1,1,0,0,1,1,3,0,1,not_detected,infiltrate,1,1,pulmonary,smear_negative_ptb,0,completed
8339,25,M,21.7,0,0,0,1,0,0,0,0,1,0,1,0,0,N/A,old_tb_scar,1,0,none,not_tb,0,not_applicable
8340,18,F,25.1,0,0,0,0,0,0,0,1,1,0,0,0,0,N/A,normal,0,0,none,not_tb,0,not_applicable
8341,62,M,19.1,0,0,0,0,0,0,0,0,0,0,0,0,0,N/A,normal,0,0,none,not_tb,0,not_applicable
8342,28,M,21.3,1,0,0,0,1,1,0,0,1,1,2,0,1,not_detected,normal,0,1,pulmonary,smear_negative_ptb,0,cured
8343,18,F,21.9,0,0,0,0,0,0,0,0,0,0,0,0,0,N/A,normal,0,0,none,not_tb,0,not_applicable
8344,41,M,15.0,0,1,5,0,1,0,0,1,0,0,2,1,1,not_detected,infiltrate,1,1,pulmonary,smear_positive_ptb,0,cured
8345,30,F,17.2,1,0,0,0,0,0,0,0,1,0,0,0,0,N/A,infiltrate,1,1,pulmonary,smear_negative_ptb,0,cured
8346,22,M,15.8,0,0,0,1,0,1,0,0,1,1,2,0,0,N/A,infiltrate,1,1,pulmonary,smear_negative_ptb,0,cured
8347,56,F,22.3,0,0,0,0,0,1,0,0,0,0,1,0,0,N/A,normal,0,0,none,not_tb,0,not_applicable
8348,34,M,16.5,1,1,5,0,0,1,0,1,1,1,2,0,0,N/A,pleural_effusion,1,1,pulmonary,smear_negative_ptb,0,died
8349,45,M,18.8,0,1,6,0,0,0,0,0,1,0,1,0,0,N/A,normal,0,0,none,not_tb,0,not_applicable
8350,30,M,23.0,0,0,0,0,0,0,0,0,0,0,0,0,0,N/A,normal,0,0,none,not_tb,0,not_applicable
8351,23,F,22.2,0,0,0,0,0,0,0,0,0,0,0,0,0,N/A,normal,0,0,none,not_tb,0,not_applicable
8352,40,F,26.2,0,0,0,0,0,0,0,0,1,0,0,1,0,N/A,infiltrate,1,0,none,not_tb,0,not_applicable
8353,54,F,26.1,0,0,0,0,0,0,0,0,1,0,0,0,0,N/A,normal,0,0,none,not_tb,0,not_applicable
8354,29,M,18.7,0,1,5,1,0,0,1,0,1,1,2,1,1,not_detected,pleural_effusion,1,1,pulmonary,smear_positive_ptb,0,cured
8355,50,M,19.7,1,1,3,0,1,0,0,0,0,1,2,0,0,N/A,normal,0,1,extrapulmonary,extrapulmonary_tb,0,cured
8356,46,F,15.0,1,1,7,1,1,1,0,0,1,1,4,0,1,detected,pleural_effusion,1,1,pulmonary,smear_negative_ptb,1,failed
8357,60,F,20.2,0,1,4,0,1,0,1,0,1,1,2,0,0,N/A,infiltrate,1,1,pulmonary,smear_negative_ptb,0,cured
8358,69,M,23.4,1,0,0,0,0,0,0,0,0,0,0,0,0,N/A,normal,0,0,none,not_tb,0,not_applicable
8359,55,F,25.3,1,0,0,0,0,0,0,0,1,0,0,0,0,N/A,other_pathology,1,0,none,not_tb,0,not_applicable
8360,24,M,20.9,0,0,0,0,0,0,0,0,0,0,0,0,0,N/A,normal,0,0,none,not_tb,0,not_applicable
8361,32,M,21.0,0,0,0,0,0,0,0,0,1,0,0,0,0,N/A,old_tb_scar,1,0,none,not_tb,0,not_applicable
8362,35,F,17.8,1,0,0,1,1,1,1,0,1,0,3,0,0,N/A,cavity,1,1,pulmonary,smear_negative_ptb,0,died
8363,35,M,22.1,0,1,2,1,1,0,0,1,0,0,3,0,1,not_detected,infiltrate,1,1,pulmonary,smear_negative_ptb,0,completed
8364,36,M,23.0,1,0,0,0,0,0,0,0,1,0,0,0,0,N/A,infiltrate,1,0,none,not_tb,0,not_applicable
8365,49,M,16.8,0,0,0,0,0,0,0,1,0,0,0,0,0,N/A,other_pathology,1,0,none,not_tb,0,not_applicable
8366,38,F,24.3,0,0,0,0,1,0,0,0,0,0,1,0,0,N/A,normal,0,0,none,not_tb,0,not_applicable
8367,37,M,20.4,0,0,0,0,0,0,0,0,0,0,0,0,0,N/A,normal,0,0,none,not_tb,0,not_applicable
8368,35,F,21.2,1,1,3,0,1,1,0,0,1,1,3,1,1,not_detected,infiltrate,1,1,pulmonary,smear_positive_ptb,0,failed
8369,31,M,19.8,0,1,2,0,0,0,0,0,1,0,1,1,1,not_detected,cavity,1,1,pulmonary,smear_positive_ptb,0,completed
8370,29,M,26.3,0,0,0,0,0,0,0,0,1,0,0,0,0,N/A,normal,0,0,none,not_tb,0,not_applicable
8371,32,M,25.6,1,0,0,0,0,0,0,0,0,0,0,0,0,N/A,old_tb_scar,1,0,none,not_tb,0,not_applicable
8372,26,M,25.3,0,0,0,0,0,0,0,1,0,0,0,0,0,N/A,old_tb_scar,1,0,none,not_tb,0,not_applicable
8373,65,M,26.0,0,0,0,0,0,0,0,1,1,0,0,0,0,N/A,old_tb_scar,1,0,none,not_tb,0,not_applicable
8374,40,M,20.5,1,0,0,0,1,1,0,0,1,1,2,0,0,N/A,infiltrate,1,1,extrapulmonary,extrapulmonary_tb,0,cured
8375,27,F,19.6,0,0,0,0,0,0,0,0,1,0,0,0,0,N/A,normal,0,0,none,not_tb,0,not_applicable
8376,37,M,18.0,0,1,3,0,0,0,0,0,0,0,1,0,0,N/A,normal,0,0,none,not_tb,0,not_applicable
8377,37,F,19.1,0,0,0,0,0,1,0,0,0,0,1,0,0,N/A,infiltrate,1,0,none,not_tb,0,not_applicable
8378,52,F,24.6,0,0,0,0,0,0,1,1,0,0,0,0,0,N/A,normal,0,0,none,not_tb,0,not_applicable
8379,43,M,14.2,0,0,0,1,0,0,0,0,0,0,1,0,0,N/A,normal,0,0,none,not_tb,0,not_applicable
8380,77,M,21.9,1,0,0,0,0,0,0,0,1,0,0,0,0,N/A,normal,0,0,none,not_tb,0,not_applicable
8381,34,M,21.1,1,0,0,0,0,0,0,0,0,0,0,1,0,N/A,normal,0,0,none,not_tb,0,not_applicable
8382,54,M,26.3,0,0,0,0,0,0,0,0,0,0,0,0,0,N/A,normal,0,0,none,not_tb,0,not_applicable
8383,17,M,21.6,0,0,0,0,0,1,0,0,0,0,1,0,0,N/A,normal,0,0,none,not_tb,0,not_applicable
8384,36,M,20.7,0,0,0,0,0,0,0,0,0,0,0,0,0,N/A,old_tb_scar,1,0,none,not_tb,0,not_applicable
8385,33,M,21.8,1,1,2,1,0,1,0,0,1,1,3,0,0,N/A,normal,0,1,extrapulmonary,extrapulmonary_tb,0,lost_to_followup
8386,53,M,18.3,0,0,0,1,1,1,1,1,1,1,3,1,1,not_detected,pleural_effusion,1,1,pulmonary,smear_positive_ptb,0,cured
8387,24,F,17.9,1,1,6,0,0,1,0,1,0,0,2,0,1,not_detected,infiltrate,1,1,pulmonary,smear_negative_ptb,0,cured
8388,35,F,20.3,0,0,0,0,0,0,0,0,1,0,0,0,0,N/A,normal,0,0,none,not_tb,0,not_applicable
8389,16,M,19.2,0,1,5,0,0,1,0,1,0,1,2,1,1,detected,miliary,1,1,pulmonary,smear_positive_ptb,1,lost_to_followup
8390,27,M,20.8,1,0,0,0,0,0,0,0,0,0,0,0,0,N/A,normal,0,0,none,not_tb,0,not_applicable
8391,47,F,20.9,0,0,0,0,0,0,0,0,0,0,0,0,0,N/A,normal,0,0,none,not_tb,0,not_applicable
8392,27,M,27.1,1,0,0,0,0,0,1,0,0,0,0,0,0,N/A,normal,0,0,none,not_tb,0,not_applicable
8393,38,M,22.2,0,0,0,0,0,0,0,0,0,0,0,0,0,N/A,normal,0,0,none,not_tb,0,not_applicable
8394,31,F,20.4,1,0,0,0,0,0,0,1,0,0,0,0,0,N/A,normal,0,0,none,not_tb,0,not_applicable
8395,60,M,18.5,0,0,0,0,0,0,0,0,0,0,0,0,0,N/A,normal,0,0,none,not_tb,0,not_applicable
8396,47,M,19.0,0,1,5,1,0,1,0,0,1,0,3,1,1,not_detected,normal,0,1,pulmonary,smear_positive_ptb,0,cured
8397,28,M,20.0,0,0,0,0,0,0,0,0,0,0,0,0,0,N/A,normal,0,0,none,not_tb,0,not_applicable
8398,31,F,20.7,0,0,0,0,0,0,0,0,0,0,0,0,0,N/A,normal,0,0,none,not_tb,0,not_applicable
8399,32,F,19.0,0,0,0,0,0,0,0,0,1,0,0,0,0,N/A,normal,0,0,none,not_tb,0,not_applicable
8400,40,F,22.7,0,0,0,0,0,0,0,0,0,0,0,0,0,N/A,old_tb_scar,1,0,none,not_tb,0,not_applicable
8401,21,M,15.2,0,1,4,1,1,1,0,0,1,1,4,1,1,not_detected,cavity,1,1,pulmonary,smear_positive_ptb,0,cured
8402,29,M,23.4,1,1,3,0,0,0,0,0,0,0,1,0,0,N/A,normal,0,0,none,not_tb,0,not_applicable
8403,47,F,17.1,1,1,5,1,0,1,0,0,0,0,3,0,1,not_detected,miliary,1,1,pulmonary,smear_negative_ptb,0,completed
8404,29,F,24.5,1,0,0,0,0,0,0,1,0,0,0,0,0,N/A,other_pathology,1,0,none,not_tb,0,not_applicable
8405,20,F,23.7,0,0,0,0,0,0,0,0,0,0,0,0,0,N/A,normal,0,0,none,not_tb,0,not_applicable
8406,36,F,22.4,0,1,5,1,0,0,0,0,0,1,2,0,0,N/A,normal,0,0,none,not_tb,0,not_applicable
8407,39,M,25.0,0,0,0,0,1,0,0,0,0,0,1,0,0,N/A,normal,0,0,none,not_tb,0,not_applicable
8408,42,F,27.4,1,0,0,0,0,0,0,0,0,0,0,0,0,N/A,normal,0,0,none,not_tb,0,not_applicable
8409,34,F,26.4,0,0,0,1,0,0,0,0,0,0,1,0,0,N/A,normal,0,0,none,not_tb,0,not_applicable
8410,18,F,17.4,0,0,0,0,0,0,0,1,0,0,0,0,0,N/A,normal,0,0,none,not_tb,0,not_applicable
8411,39,F,19.9,0,0,0,1,1,0,0,0,0,0,2,1,0,N/A,old_tb_scar,1,0,none,not_tb,0,not_applicable
8412,37,M,17.3,0,1,5,1,1,1,0,0,1,0,4,0,1,not_detected,miliary,1,1,pulmonary,smear_negative_ptb,0,completed
8413,25,F,20.1,1,1,3,1,0,1,0,0,1,0,3,1,1,not_detected,pleural_effusion,1,1,pulmonary,smear_positive_ptb,0,cured
8414,42,M,17.2,1,1,8,1,1,1,0,1,1,1,4,1,1,not_detected,normal,0,1,pulmonary,smear_positive_ptb,0,lost_to_followup
8415,35,M,17.1,0,0,0,0,1,1,0,1,1,0,2,1,1,not_detected,infiltrate,1,1,pulmonary,smear_positive_ptb,0,cured
8416,39,F,19.4,1,0,0,0,0,0,0,0,0,0,0,0,0,N/A,normal,0,0,none,not_tb,0,not_applicable
8417,46,F,19.2,0,1,8,1,0,1,0,1,1,1,3,1,1,not_detected,miliary,1,1,pulmonary,smear_positive_ptb,0,cured
8418,40,F,24.2,0,0,0,0,0,1,0,1,0,0,1,0,0,N/A,normal,0,0,none,not_tb,0,not_applicable
8419,50,M,15.5,1,1,5,1,0,1,0,1,1,1,3,0,0,N/A,normal,0,1,extrapulmonary,extrapulmonary_tb,0,lost_to_followup
8420,60,M,20.2,0,0,0,0,0,0,0,0,0,0,0,0,0,N/A,normal,0,0,none,not_tb,0,not_applicable
8421,44,M,13.8,1,0,0,1,0,0,0,0,1,1,1,0,0,N/A,infiltrate,1,1,pulmonary,smear_negative_ptb,0,died
8422,50,F,12.5,0,1,4,1,0,1,0,1,0,1,3,0,1,detected,miliary,1,1,pulmonary,smear_negative_ptb,1,failed
8423,44,F,23.7,0,0,0,1,0,0,0,0,1,0,1,0,0,N/A,old_tb_scar,1,0,none,not_tb,0,not_applicable
8424,46,F,23.1,0,0,0,0,0,0,0,0,1,0,0,0,0,N/A,normal,0,0,none,not_tb,0,not_applicable
8425,47,M,18.9,1,0,0,1,0,1,0,0,1,0,2,1,0,N/A,normal,0,1,pulmonary,smear_positive_ptb,0,cured
8426,31,M,27.6,0,1,4,0,0,0,0,0,0,1,1,0,0,N/A,normal,0,0,none,not_tb,0,not_applicable
8427,33,F,16.1,0,0,0,0,0,0,0,0,0,0,0,0,0,N/A,normal,0,0,none,not_tb,0,not_applicable
8428,31,M,14.7,0,0,0,0,0,0,0,0,0,0,0,0,0,N/A,normal,0,0,none,not_tb,0,not_applicable
8429,35,F,15.7,0,1,7,1,1,0,0,1,0,1,3,0,0,N/A,normal,0,1,extrapulmonary,extrapulmonary_tb,0,cured
8430,15,F,14.6,0,0,0,0,0,0,0,0,1,0,0,0,0,N/A,normal,0,0,none,not_tb,0,not_applicable
8431,51,M,19.9,0,0,0,0,0,0,0,0,0,0,0,0,1,not_detected,other_pathology,1,0,none,not_tb,0,not_applicable
8432,35,M,24.0,0,0,0,0,0,0,0,0,0,0,0,0,0,N/A,normal,0,0,none,not_tb,0,not_applicable
8433,25,F,23.0,0,0,0,0,0,0,0,0,0,1,0,0,0,N/A,infiltrate,1,0,none,not_tb,0,not_applicable
8434,53,F,21.1,0,1,4,1,1,1,0,0,1,0,4,1,1,detected,cavity,1,1,pulmonary,smear_positive_ptb,1,failed
8435,49,F,23.3,0,0,0,0,0,0,0,0,0,0,0,0,0,N/A,infiltrate,1,0,none,not_tb,0,not_applicable
8436,25,F,20.6,1,1,2,0,0,0,0,0,0,0,1,0,0,N/A,normal,0,0,none,not_tb,0,not_applicable
8437,34,M,17.2,0,1,2,0,1,1,0,0,0,1,3,1,1,not_detected,normal,0,1,pulmonary,smear_positive_ptb,1,failed
8438,69,F,23.5,0,0,0,0,0,0,0,0,1,1,0,1,0,N/A,normal,0,0,none,not_tb,0,not_applicable
8439,35,F,14.7,1,1,7,1,0,1,0,0,1,1,3,1,1,not_detected,pleural_effusion,1,1,pulmonary,smear_positive_ptb,0,cured
8440,54,M,12.0,0,0,0,0,0,1,0,0,0,0,1,1,0,N/A,normal,0,0,none,not_tb,0,not_applicable
8441,64,F,23.4,0,0,0,0,1,1,0,0,0,0,2,0,0,N/A,other_pathology,1,0,none,not_tb,0,not_applicable
8442,48,M,22.8,1,0,0,0,0,0,0,0,0,0,0,0,1,not_detected,old_tb_scar,1,0,none,not_tb,0,not_applicable
8443,19,M,27.5,0,0,0,0,0,0,0,0,0,0,0,0,0,N/A,normal,0,0,none,not_tb,0,not_applicable
8444,57,M,20.2,0,1,7,0,1,0,0,1,0,0,2,1,1,not_detected,infiltrate,1,1,pulmonary,smear_positive_ptb,0,cured
8445,21,F,23.1,1,0,0,0,0,0,0,1,1,0,0,0,0,N/A,normal,0,0,none,not_tb,0,not_applicable
8446,31,M,17.7,0,1,4,1,1,0,1,1,0,0,3,0,1,not_detected,cavity,1,1,pulmonary,smear_negative_ptb,0,cured
8447,48,M,16.5,1,1,3,0,1,1,0,1,1,1,3,0,1,not_detected,normal,0,1,extrapulmonary,extrapulmonary_tb,0,completed
8448,48,F,21.0,0,0,0,0,0,0,0,0,1,0,0,0,0,N/A,infiltrate,1,0,none,not_tb,0,not_applicable
8449,67,M,25.3,0,0,0,0,0,0,0,0,1,0,0,0,0,N/A,normal,0,0,none,not_tb,0,not_applicable
8450,27,F,19.7,1,1,6,1,1,0,0,1,1,1,3,1,1,not_detected,miliary,1,1,pulmonary,smear_positive_ptb,0,cured
8451,46,F,25.3,0,0,0,0,0,0,0,0,1,0,0,0,0,N/A,normal,0,0,none,not_tb,0,not_applicable
8452,65,M,18.8,0,1,8,1,1,1,0,0,0,0,4,0,0,N/A,miliary,1,1,pulmonary,smear_negative_ptb,0,completed
8453,22,M,16.3,0,1,4,1,1,0,0,1,1,1,3,1,1,not_detected,miliary,1,1,pulmonary,smear_positive_ptb,0,lost_to_followup
8454,41,F,21.4,0,1,2,1,0,1,0,0,1,1,3,1,1,not_detected,cavity,1,1,pulmonary,smear_positive_ptb,0,failed
8455,60,M,21.2,0,0,0,1,1,1,0,1,1,0,3,0,0,N/A,pleural_effusion,1,1,pulmonary,smear_negative_ptb,0,cured
8456,32,M,22.6,0,0,0,0,0,0,0,0,1,0,0,0,0,N/A,normal,0,0,none,not_tb,0,not_applicable
8457,16,F,23.9,0,0,0,0,0,0,0,0,1,1,0,0,0,N/A,old_tb_scar,1,0,none,not_tb,0,not_applicable
8458,39,F,23.8,0,0,0,0,0,0,0,0,0,0,0,0,0,N/A,old_tb_scar,1,0,none,not_tb,0,not_applicable
8459,37,F,20.4,0,0,0,0,0,0,0,0,0,0,0,0,0,N/A,normal,0,0,none,not_tb,0,not_applicable
8460,46,M,21.1,0,0,0,0,0,0,0,0,0,0,0,0,0,N/A,normal,0,0,none,not_tb,0,not_applicable
8461,51,F,16.2,0,0,0,0,1,0,0,0,0,0,1,0,0,N/A,normal,0,1,extrapulmonary,extrapulmonary_tb,1,cured
8462,53,F,17.8,0,1,3,0,1,1,0,1,0,0,3,0,1,not_detected,infiltrate,1,1,pulmonary,smear_negative_ptb,0,lost_to_followup
8463,27,F,25.6,0,1,3,0,0,0,0,0,0,0,1,0,0,N/A,old_tb_scar,1,0,none,not_tb,0,not_applicable
8464,28,F,24.9,0,0,0,0,0,0,0,0,0,0,0,0,0,N/A,other_pathology,1,0,none,not_tb,0,not_applicable
8465,45,F,24.0,0,0,0,1,0,0,0,0,1,1,1,0,0,N/A,normal,0,0,none,not_tb,0,not_applicable
8466,49,M,25.4,0,0,0,0,0,0,0,0,0,0,0,0,0,N/A,old_tb_scar,1,0,none,not_tb,0,not_applicable
8467,45,M,20.7,1,0,0,0,0,0,0,0,0,0,0,0,0,N/A,other_pathology,1,0,none,not_tb,0,not_applicable
8468,24,M,17.9,0,0,0,1,0,0,0,1,1,0,1,0,0,N/A,other_pathology,1,0,none,not_tb,0,not_applicable
8469,17,M,18.1,0,0,0,0,0,1,0,0,0,1,1,0,1,not_detected,infiltrate,1,1,pulmonary,smear_negative_ptb,0,completed
8470,35,M,21.7,0,0,0,0,0,0,0,0,1,0,0,0,0,N/A,normal,0,0,none,not_tb,0,not_applicable
8471,34,M,24.4,0,0,0,0,0,0,0,0,0,0,0,0,0,N/A,normal,0,0,none,not_tb,0,not_applicable
8472,28,F,23.8,0,0,0,0,0,0,0,0,0,1,0,0,0,N/A,normal,0,0,none,not_tb,0,not_applicable
8473,39,M,21.0,0,1,3,1,1,0,0,0,0,0,3,0,1,not_detected,cavity,1,1,pulmonary,smear_negative_ptb,0,cured
8474,55,M,13.5,0,0,0,0,1,1,0,0,0,1,2,1,1,not_detected,cavity,1,1,pulmonary,smear_positive_ptb,0,cured
8475,56,M,19.2,0,0,0,0,0,0,0,0,0,0,0,0,0,N/A,normal,0,0,none,not_tb,0,not_applicable
8476,51,M,21.7,0,0,0,0,0,0,0,0,0,0,0,0,0,N/A,normal,0,0,none,not_tb,0,not_applicable
8477,32,F,19.7,0,1,2,0,0,0,1,1,1,1,1,0,1,not_detected,infiltrate,1,1,pulmonary,smear_negative_ptb,0,cured
8478,28,M,29.3,0,0,0,0,0,0,0,0,0,1,0,0,0,N/A,normal,0,0,none,not_tb,0,not_applicable
8479,47,M,18.6,1,0,0,0,0,0,0,0,0,0,0,0,0,N/A,infiltrate,1,0,none,not_tb,0,not_applicable
8480,43,F,19.5,0,0,0,0,0,0,0,0,0,0,0,0,0,N/A,normal,0,0,none,not_tb,0,not_applicable
8481,25,M,20.5,0,1,2,0,0,0,0,0,1,0,1,0,0,N/A,normal,0,0,none,not_tb,0,not_applicable
8482,39,M,19.4,0,1,2,0,0,0,0,1,0,0,1,0,0,N/A,normal,0,0,none,not_tb,0,not_applicable
8483,38,F,16.3,0,1,5,1,0,0,1,0,0,1,2,1,1,not_detected,infiltrate,1,1,pulmonary,smear_positive_ptb,0,completed
8484,23,M,22.2,0,0,0,0,0,0,0,1,0,0,0,0,0,N/A,normal,0,0,none,not_tb,0,not_applicable
8485,37,F,25.4,0,1,3,0,1,0,0,0,0,0,2,0,0,N/A,normal,0,0,none,not_tb,0,not_applicable
8486,41,F,22.4,0,0,0,0,1,0,0,0,0,0,1,0,0,N/A,normal,0,0,none,not_tb,0,not_applicable
8487,36,F,19.0,1,0,0,1,0,0,0,0,0,0,1,0,0,N/A,normal,0,0,none,not_tb,0,not_applicable
8488,42,M,21.3,0,0,0,0,0,1,0,0,0,0,1,0,0,N/A,normal,0,0,none,not_tb,0,not_applicable
8489,42,F,18.4,1,0,0,1,0,0,0,0,0,0,1,0,0,N/A,old_tb_scar,1,0,none,not_tb,0,not_applicable
8490,19,F,25.4,0,0,0,0,0,1,0,0,0,0,1,0,0,N/A,normal,0,0,none,not_tb,0,not_applicable
8491,39,M,27.1,0,0,0,0,0,0,0,1,0,0,0,0,0,N/A,normal,0,0,none,not_tb,0,not_applicable
8492,48,F,14.5,1,1,6,0,1,0,0,1,1,1,2,0,1,detected,cavity,1,1,pulmonary,smear_negative_ptb,1,failed
8493,23,M,22.8,0,0,0,0,0,0,0,0,0,1,0,0,0,N/A,normal,0,0,none,not_tb,0,not_applicable
8494,40,F,16.6,0,1,2,1,1,1,0,1,1,0,4,0,1,detected,infiltrate,1,1,pulmonary,smear_negative_ptb,1,failed
8495,27,F,22.2,0,0,0,0,0,0,0,0,0,0,0,0,0,N/A,infiltrate,1,0,none,not_tb,0,not_applicable
8496,43,M,21.7,1,0,0,0,0,0,0,0,0,0,0,0,0,N/A,normal,0,0,none,not_tb,0,not_applicable
8497,43,M,17.3,0,0,0,0,0,0,0,0,0,0,0,0,0,N/A,other_pathology,1,0,none,not_tb,0,not_applicable
8498,29,F,21.5,0,0,0,1,1,1,1,0,1,1,3,0,0,N/A,infiltrate,1,1,pulmonary,smear_negative_ptb,1,cured
8499,32,M,21.5,0,0,0,0,0,1,0,1,1,0,1,0,0,N/A,normal,0,0,none,not_tb,0,not_applicable
8500,19,M,17.3,0,1,5,1,0,1,0,1,1,1,3,1,1,not_detected,miliary,1,1,pulmonary,smear_positive_ptb,0,cured
8501,15,M,22.4,0,0,0,0,0,0,0,0,0,1,0,0,0,N/A,other_pathology,1,0,none,not_tb,0,not_applicable
8502,45,F,19.0,0,0,0,0,0,0,0,0,0,0,0,0,0,N/A,old_tb_scar,1,0,none,not_tb,0,not_applicable
8503,52,M,21.4,1,0,0,0,0,0,0,0,0,0,0,0,0,N/A,normal,0,0,none,not_tb,0,not_applicable
8504,54,F,13.9,0,1,6,1,0,1,0,0,1,1,3,0,1,not_detected,infiltrate,1,1,pulmonary,smear_negative_ptb,0,cured
8505,64,F,13.8,0,1,2,0,0,0,0,0,0,0,1,0,0,N/A,other_pathology,1,0,none,not_tb,0,not_applicable
8506,38,M,16.1,0,1,7,1,1,1,0,0,0,0,4,1,1,not_detected,normal,0,1,pulmonary,smear_positive_ptb,0,cured
8507,34,M,20.1,0,0,0,0,0,1,0,0,0,0,1,0,0,N/A,infiltrate,1,0,none,not_tb,0,not_applicable
8508,55,M,15.9,0,0,0,0,0,0,0,0,0,0,0,0,0,N/A,normal,0,0,none,not_tb,0,not_applicable
8509,50,F,17.3,0,1,2,1,1,0,0,1,1,0,3,1,1,not_detected,pleural_effusion,1,1,pulmonary,smear_positive_ptb,0,cured
8510,27,F,20.1,0,0,0,0,0,0,0,0,0,1,0,0,0,N/A,other_pathology,1,0,none,not_tb,0,not_applicable
8511,52,M,18.3,0,0,0,1,1,1,0,0,0,1,3,1,1,detected,infiltrate,1,1,pulmonary,smear_positive_ptb,1,cured
8512,46,M,24.1,0,0,0,0,0,0,0,0,0,0,0,0,0,N/A,normal,0,0,none,not_tb,0,not_applicable
8513,55,M,28.0,0,0,0,0,0,0,0,0,0,0,0,0,0,N/A,normal,0,0,none,not_tb,0,not_applicable
8514,29,F,23.5,0,0,0,0,0,0,0,0,0,0,0,0,0,N/A,normal,0,0,none,not_tb,0,not_applicable
8515,41,M,18.6,0,0,0,1,0,0,0,0,0,0,1,0,0,N/A,normal,0,0,none,not_tb,0,not_applicable
8516,37,M,24.3,0,0,0,0,0,0,0,0,0,0,0,0,0,N/A,normal,0,0,none,not_tb,0,not_applicable
8517,49,F,26.9,0,1,2,0,0,0,0,0,0,0,1,0,0,N/A,normal,0,0,none,not_tb,0,not_applicable
8518,47,M,18.1,0,0,0,0,0,1,0,0,0,0,1,0,0,N/A,normal,0,0,none,not_tb,0,not_applicable
8519,50,M,15.8,0,0,0,1,1,0,0,1,1,0,2,0,0,N/A,cavity,1,1,pulmonary,smear_negative_ptb,0,cured
8520,39,M,17.0,0,0,0,0,0,0,0,0,0,0,0,0,0,N/A,normal,0,0,none,not_tb,0,not_applicable
8521,50,F,17.1,1,1,4,1,0,1,0,0,0,1,3,0,0,N/A,normal,0,1,extrapulmonary,extrapulmonary_tb,0,completed
8522,42,M,19.4,0,0,0,1,1,0,0,1,1,0,2,0,0,N/A,pleural_effusion,1,1,pulmonary,smear_negative_ptb,0,cured
8523,20,F,22.2,1,1,3,1,1,1,0,0,0,1,4,0,1,not_detected,infiltrate,1,1,pulmonary,smear_negative_ptb,0,completed
8524,42,M,20.7,0,1,8,1,1,1,0,0,1,1,4,1,1,not_detected,pleural_effusion,1,1,pulmonary,smear_positive_ptb,0,cured
8525,49,M,23.3,0,0,0,0,0,0,0,0,0,0,0,0,0,N/A,normal,0,0,none,not_tb,0,not_applicable
8526,37,F,18.6,1,1,4,0,1,0,0,0,1,1,2,1,1,not_detected,infiltrate,1,1,pulmonary,smear_positive_ptb,0,completed
8527,40,F,19.5,1,0,0,1,1,0,0,0,0,1,2,0,1,not_detected,normal,0,1,extrapulmonary,extrapulmonary_tb,0,died
8528,47,F,23.6,0,0,0,0,0,0,0,0,1,0,0,0,0,N/A,other_pathology,1,0,none,not_tb,0,not_applicable
8529,48,F,21.8,1,0,0,1,1,0,0,0,1,1,2,0,1,detected,normal,0,1,extrapulmonary,extrapulmonary_tb,1,failed
8530,49,M,21.9,0,1,2,0,0,1,0,0,0,0,2,0,0,N/A,normal,0,0,none,not_tb,0,not_applicable
8531,33,F,22.9,0,0,0,0,0,0,0,1,0,0,0,0,0,N/A,normal,0,0,none,not_tb,0,not_applicable
8532,49,M,17.5,1,1,5,1,1,0,0,0,1,0,3,0,1,not_detected,infiltrate,1,1,pulmonary,smear_negative_ptb,0,cured
8533,53,M,22.4,0,1,2,0,0,0,0,1,0,0,1,0,0,N/A,other_pathology,1,0,none,not_tb,0,not_applicable
8534,23,F,21.1,1,0,0,0,0,0,0,0,0,0,0,0,0,N/A,normal,0,0,none,not_tb,0,not_applicable
8535,24,F,15.5,1,1,6,0,0,1,1,1,0,1,2,0,1,not_detected,normal,0,1,extrapulmonary,extrapulmonary_tb,0,completed
8536,49,M,20.7,0,1,3,0,1,1,1,0,1,0,3,0,1,not_detected,infiltrate,1,1,pulmonary,smear_negative_ptb,0,cured
8537,33,M,27.2,0,0,0,0,0,0,0,0,0,1,0,0,0,N/A,other_pathology,1,0,none,not_tb,0,not_applicable
8538,31,F,21.9,0,0,0,0,0,0,0,0,0,0,0,1,0,N/A,normal,0,0,none,not_tb,0,not_applicable
8539,30,M,19.3,1,1,4,1,0,0,1,0,1,1,2,0,0,N/A,pleural_effusion,1,1,extrapulmonary,extrapulmonary_tb,0,cured
8540,38,M,20.7,0,1,3,1,0,1,0,1,1,0,3,0,1,not_detected,normal,0,1,pulmonary,smear_negative_ptb,0,cured
8541,49,M,18.1,0,1,4,1,0,1,1,0,1,0,3,1,1,not_detected,infiltrate,1,1,pulmonary,smear_positive_ptb,0,died
8542,48,M,22.7,0,0,0,0,0,0,0,0,1,0,0,0,0,N/A,normal,0,0,none,not_tb,0,not_applicable
8543,32,M,21.2,0,0,0,0,0,0,0,0,0,0,0,0,0,N/A,normal,0,0,none,not_tb,0,not_applicable
8544,35,F,20.1,0,0,0,0,0,0,0,0,0,0,0,0,0,N/A,old_tb_scar,1,0,none,not_tb,0,not_applicable
8545,60,M,23.8,0,0,0,0,0,0,0,0,0,1,0,0,0,N/A,normal,0,0,none,not_tb,0,not_applicable
8546,33,M,23.8,1,0,0,1,0,0,0,0,0,0,1,0,0,N/A,normal,0,0,none,not_tb,0,not_applicable
8547,49,F,25.2,0,0,0,0,0,0,0,0,0,0,0,0,0,N/A,old_tb_scar,1,0,none,not_tb,0,not_applicable
8548,50,M,22.0,0,0,0,0,0,1,0,0,1,0,1,0,1,not_detected,other_pathology,1,0,none,not_tb,0,not_applicable
8549,35,F,17.8,0,0,0,0,0,0,0,0,1,0,0,0,0,N/A,old_tb_scar,1,0,none,not_tb,0,not_applicable
8550,20,F,21.3,0,0,0,1,0,1,0,0,1,0,2,0,1,not_detected,pleural_effusion,1,1,extrapulmonary,extrapulmonary_tb,0,cured
8551,50,F,16.7,0,0,0,1,0,0,0,1,1,1,1,1,1,not_detected,infiltrate,1,1,pulmonary,smear_positive_ptb,0,cured
8552,28,F,19.4,1,0,0,0,0,0,0,1,0,0,0,0,0,N/A,normal,0,0,none,not_tb,0,not_applicable
8553,46,F,20.1,0,0,0,0,0,0,0,0,1,0,0,0,0,N/A,normal,0,0,none,not_tb,0,not_applicable
8554,28,F,14.1,0,1,4,1,1,1,0,0,1,1,4,1,1,not_detected,infiltrate,1,1,pulmonary,smear_positive_ptb,0,cured
8555,26,F,21.2,0,0,0,0,1,0,0,0,0,0,1,0,0,N/A,normal,0,0,none,not_tb,0,not_applicable
8556,26,M,24.2,0,0,0,0,0,0,0,0,0,0,0,0,0,N/A,old_tb_scar,1,0,none,not_tb,0,not_applicable
8557,22,F,17.4,1,0,0,0,1,1,0,1,1,1,2,1,1,not_detected,pleural_effusion,1,1,pulmonary,smear_positive_ptb,0,cured
8558,42,F,26.7,0,0,0,0,0,0,0,0,1,0,0,0,0,N/A,normal,0,0,none,not_tb,0,not_applicable
8559,31,M,26.5,0,0,0,0,0,1,0,0,1,0,1,0,0,N/A,old_tb_scar,1,0,none,not_tb,0,not_applicable
8560,39,F,25.1,0,0,0,0,0,0,0,0,0,0,0,0,0,N/A,old_tb_scar,1,0,none,not_tb,0,not_applicable
8561,61,M,15.2,0,0,0,0,0,0,0,0,1,0,0,0,0,N/A,infiltrate,1,0,none,not_tb,0,not_applicable
8562,52,M,27.0,0,0,0,0,0,0,0,0,1,0,0,0,0,N/A,normal,0,0,none,not_tb,0,not_applicable
8563,28,F,17.9,1,0,0,1,1,1,0,1,0,1,3,0,1,not_detected,infiltrate,1,1,pulmonary,smear_negative_ptb,0,cured
8564,31,M,27.9,0,0,0,0,0,0,0,0,0,0,0,0,0,N/A,old_tb_scar,1,0,none,not_tb,0,not_applicable
8565,49,M,19.9,0,1,2,0,0,0,0,0,0,0,1,0,0,N/A,normal,0,0,none,not_tb,0,not_applicable
8566,52,M,21.5,0,0,0,0,0,0,0,1,0,0,0,0,0,N/A,normal,0,0,none,not_tb,0,not_applicable
8567,55,F,22.3,0,0,0,0,0,0,0,0,0,0,0,0,0,N/A,old_tb_scar,1,0,none,not_tb,0,not_applicable
8568,16,M,16.2,0,1,5,1,1,1,0,1,1,0,4,0,1,not_detected,infiltrate,1,1,pulmonary,smear_negative_ptb,0,failed
8569,28,F,16.3,0,1,2,0,0,0,0,0,0,0,1,0,0,N/A,old_tb_scar,1,0,none,not_tb,0,not_applicable
8570,52,F,13.6,0,0,0,0,0,0,0,0,1,0,0,0,0,N/A,old_tb_scar,1,0,none,not_tb,0,not_applicable
8571,42,F,25.9,0,1,5,1,0,1,0,1,1,1,3,0,0,N/A,infiltrate,1,1,pulmonary,smear_negative_ptb,1,cured
8572,28,F,16.2,0,1,5,0,0,0,0,0,0,0,1,0,1,not_detected,normal,0,0,none,not_tb,0,not_applicable
8573,26,F,16.2,0,0,0,0,0,0,0,0,0,0,0,0,0,N/A,normal,0,0,none,not_tb,0,not_applicable
8574,32,M,24.0,0,0,0,0,0,0,0,0,1,0,0,0,0,N/A,normal,0,0,none,not_tb,0,not_applicable
8575,21,F,17.0,0,1,2,0,0,0,0,0,0,1,1,0,0,N/A,normal,0,0,none,not_tb,0,not_applicable
8576,51,M,16.4,0,0,0,0,0,0,0,0,0,0,0,0,0,N/A,normal,0,0,none,not_tb,0,not_applicable
8577,32,M,12.0,1,0,0,0,1,1,0,1,1,0,2,0,1,not_detected,infiltrate,1,1,pulmonary,smear_negative_ptb,0,completed
8578,22,M,23.0,0,1,5,0,0,0,0,0,0,0,1,0,0,N/A,old_tb_scar,1,0,none,not_tb,0,not_applicable
8579,62,F,18.3,0,0,0,0,0,0,0,0,0,0,0,0,0,N/A,other_pathology,1,0,none,not_tb,0,not_applicable
8580,43,M,24.3,1,0,0,0,0,0,0,1,0,0,0,0,0,N/A,normal,0,0,none,not_tb,0,not_applicable
8581,34,F,21.7,0,0,0,0,0,0,0,0,0,0,0,0,0,N/A,normal,0,0,none,not_tb,0,not_applicable
8582,50,M,18.7,0,1,10,1,1,1,0,1,1,1,4,1,1,not_detected,infiltrate,1,1,pulmonary,smear_positive_ptb,0,cured
8583,53,M,20.4,0,0,0,0,0,0,0,0,1,0,0,0,0,N/A,infiltrate,1,0,none,not_tb,0,not_applicable
8584,39,M,21.0,0,1,3,0,0,0,0,0,0,0,1,0,0,N/A,other_pathology,1,0,none,not_tb,0,not_applicable
8585,54,F,18.9,0,0,0,0,0,0,0,0,0,1,0,0,0,N/A,normal,0,0,none,not_tb,0,not_applicable
8586,47,M,19.2,1,1,4,0,0,0,0,0,0,0,1,0,0,N/A,normal,0,0,none,not_tb,0,not_applicable
8587,59,M,15.8,1,0,0,0,0,1,0,0,1,0,1,0,1,not_detected,pleural_effusion,1,1,pulmonary,smear_negative_ptb,0,died
8588,40,M,22.3,1,0,0,1,1,0,0,0,1,1,2,0,1,not_detected,pleural_effusion,1,1,extrapulmonary,extrapulmonary_tb,0,completed
8589,45,M,20.6,1,0,0,0,0,0,0,0,1,0,0,0,0,N/A,normal,0,0,none,not_tb,0,not_applicable
8590,44,F,14.1,0,0,0,0,0,0,0,0,1,0,0,0,0,N/A,other_pathology,1,0,none,not_tb,0,not_applicable
8591,35,M,22.9,0,0,0,0,0,0,0,0,0,0,0,0,0,N/A,other_pathology,1,0,none,not_tb,0,not_applicable
8592,50,M,19.2,0,0,0,0,1,0,0,1,1,0,1,0,0,N/A,normal,0,0,none,not_tb,0,not_applicable
8593,37,F,21.8,1,0,0,0,0,0,0,1,0,0,0,0,0,N/A,old_tb_scar,1,0,none,not_tb,0,not_applicable
8594,41,M,17.8,1,0,0,1,1,0,0,0,1,0,2,0,1,not_detected,normal,0,1,extrapulmonary,extrapulmonary_tb,0,cured
8595,35,M,27.2,1,0,0,0,0,0,0,0,0,0,0,0,0,N/A,normal,0,0,none,not_tb,0,not_applicable
8596,17,F,17.5,1,1,2,1,1,0,0,1,0,1,3,1,1,not_detected,cavity,1,1,pulmonary,smear_positive_ptb,0,cured
8597,20,F,20.5,1,1,3,0,1,0,0,0,1,0,2,1,1,not_detected,cavity,1,1,pulmonary,smear_positive_ptb,0,cured
8598,34,F,20.3,1,0,0,1,0,0,0,0,1,0,1,0,1,detected,cavity,1,1,pulmonary,smear_negative_ptb,1,lost_to_followup
8599,49,M,17.2,0,0,0,0,0,0,0,1,0,0,0,0,0,N/A,normal,0,0,none,not_tb,0,not_applicable
8600,41,M,19.0,0,0,0,1,1,0,0,1,1,0,2,1,0,N/A,normal,0,1,pulmonary,smear_positive_ptb,0,cured
8601,19,M,19.3,0,0,0,0,0,0,0,0,0,0,0,0,0,N/A,other_pathology,1,0,none,not_tb,0,not_applicable
8602,44,M,15.5,1,0,0,1,1,1,0,1,0,0,3,1,1,not_detected,cavity,1,1,pulmonary,smear_positive_ptb,0,cured
8603,66,M,15.5,0,1,3,1,1,0,0,1,0,0,3,1,1,not_detected,miliary,1,1,pulmonary,smear_positive_ptb,0,cured
8604,47,F,24.9,0,0,0,0,0,0,0,0,0,0,0,0,0,N/A,normal,0,0,none,not_tb,0,not_applicable
8605,35,F,31.3,1,0,0,0,1,0,0,0,0,0,1,0,0,N/A,normal,0,0,none,not_tb,0,not_applicable
8606,40,M,19.2,0,0,0,0,0,1,0,0,0,0,1,0,0,N/A,old_tb_scar,1,0,none,not_tb,0,not_applicable
8607,51,M,22.8,0,1,5,1,0,0,0,0,0,0,2,0,0,N/A,normal,0,0,none,not_tb,0,not_applicable
8608,15,F,23.1,0,0,0,0,0,0,0,0,0,0,0,0,0,N/A,infiltrate,1,0,none,not_tb,0,not_applicable
8609,25,M,20.1,0,0,0,0,0,1,0,1,0,0,1,0,0,N/A,normal,0,0,none,not_tb,0,not_applicable
8610,30,M,22.0,0,1,5,0,1,1,0,1,1,1,3,1,1,not_detected,normal,0,1,pulmonary,smear_positive_ptb,0,completed
8611,52,M,29.7,0,0,0,0,0,0,0,0,0,0,0,0,0,N/A,normal,0,0,none,not_tb,0,not_applicable
8612,58,F,19.9,0,0,0,0,0,0,0,0,0,0,0,0,0,N/A,normal,0,0,none,not_tb,0,not_applicable
8613,53,F,28.1,0,0,0,0,0,0,0,0,0,0,0,0,0,N/A,infiltrate,1,0,none,not_tb,0,not_applicable
8614,54,M,20.1,0,0,0,0,0,0,0,0,1,0,0,0,0,N/A,old_tb_scar,1,0,none,not_tb,0,not_applicable
8615,44,M,18.6,0,0,0,0,0,0,0,0,0,0,0,0,0,N/A,infiltrate,1,0,none,not_tb,0,not_applicable
8616,19,F,18.2,1,0,0,1,1,1,0,1,1,1,3,1,1,not_detected,infiltrate,1,1,pulmonary,smear_positive_ptb,0,completed
8617,32,M,20.7,0,1,5,1,0,0,1,0,1,1,2,0,1,not_detected,miliary,1,1,pulmonary,smear_negative_ptb,0,cured
8618,20,F,21.6,0,0,0,0,0,0,0,0,0,0,0,0,0,N/A,other_pathology,1,0,none,not_tb,0,not_applicable
8619,50,M,20.3,0,1,4,1,0,1,0,1,1,0,3,0,0,N/A,normal,0,1,pulmonary,smear_negative_ptb,0,cured
8620,15,F,22.8,1,0,0,1,0,0,0,0,0,0,1,0,0,N/A,old_tb_scar,1,0,none,not_tb,0,not_applicable
8621,38,F,26.7,0,0,0,0,0,0,0,0,0,0,0,0,0,N/A,infiltrate,1,0,none,not_tb,0,not_applicable
8622,44,F,19.8,1,0,0,1,1,0,0,0,0,0,2,0,0,N/A,infiltrate,1,1,pulmonary,smear_negative_ptb,1,cured
8623,49,M,22.3,0,0,0,1,1,0,0,0,1,1,2,1,1,not_detected,infiltrate,1,1,pulmonary,smear_positive_ptb,0,cured
8624,27,F,19.0,0,0,0,0,0,1,0,0,0,0,1,0,0,N/A,old_tb_scar,1,0,none,not_tb,0,not_applicable
8625,56,M,18.0,0,1,3,1,0,1,0,0,1,1,3,1,1,not_detected,cavity,1,1,pulmonary,smear_positive_ptb,0,cured
8626,36,M,22.0,0,0,0,1,0,0,0,0,0,0,1,0,0,N/A,normal,0,0,none,not_tb,0,not_applicable
8627,33,M,19.0,1,0,0,0,0,0,0,0,0,0,0,0,0,N/A,normal,0,0,none,not_tb,0,not_applicable
8628,51,F,16.0,1,1,3,0,0,0,0,0,0,0,1,1,1,not_detected,infiltrate,1,1,pulmonary,smear_positive_ptb,0,completed
8629,35,M,23.3,0,0,0,0,0,0,0,0,0,0,0,0,0,N/A,normal,0,0,none,not_tb,0,not_applicable
8630,50,F,20.2,0,1,3,0,1,0,0,1,0,1,2,1,1,not_detected,pleural_effusion,1,1,pulmonary,smear_positive_ptb,0,cured
8631,45,M,22.4,0,0,0,1,0,0,0,0,0,0,1,0,0,N/A,normal,0,0,none,not_tb,0,not_applicable
8632,41,M,25.7,0,0,0,0,0,0,0,0,0,1,0,0,0,N/A,infiltrate,1,0,none,not_tb,0,not_applicable
8633,46,M,18.1,1,0,0,0,0,0,0,0,0,0,0,0,0,N/A,normal,0,0,none,not_tb,0,not_applicable
8634,40,F,20.6,0,0,0,0,0,0,0,0,1,1,0,0,0,N/A,other_pathology,1,0,none,not_tb,0,not_applicable
8635,47,M,17.9,0,0,0,0,0,0,0,0,0,0,0,0,0,N/A,normal,0,0,none,not_tb,0,not_applicable
8636,45,M,22.5,0,1,4,0,0,0,0,0,0,0,1,0,0,N/A,normal,0,0,none,not_tb,0,not_applicable
8637,58,M,19.7,0,0,0,1,0,1,1,0,1,0,2,1,1,not_detected,pleural_effusion,1,1,pulmonary,smear_positive_ptb,0,cured
8638,50,M,21.9,0,1,8,1,1,0,0,1,1,1,3,0,0,N/A,normal,0,1,extrapulmonary,extrapulmonary_tb,0,completed
8639,19,M,15.6,0,1,5,1,1,1,0,0,1,1,4,1,1,not_detected,pleural_effusion,1,1,pulmonary,smear_positive_ptb,0,cured
8640,39,M,23.3,1,0,0,0,0,0,0,0,0,0,0,0,0,N/A,other_pathology,1,0,none,not_tb,0,not_applicable
8641,30,M,22.1,1,1,3,0,0,0,0,1,1,0,1,1,1,not_detected,normal,0,1,pulmonary,smear_positive_ptb,0,lost_to_followup
8642,54,F,18.5,0,0,0,0,0,0,0,0,0,0,0,0,0,N/A,normal,0,0,none,not_tb,0,not_applicable
8643,21,M,17.7,1,0,0,0,0,0,0,0,1,0,0,0,0,N/A,normal,0,0,none,not_tb,0,not_applicable
8644,33,M,14.8,0,1,3,0,1,1,0,1,1,0,3,0,1,not_detected,cavity,1,1,pulmonary,smear_negative_ptb,0,cured
8645,40,M,24.2,0,0,0,0,0,0,0,0,0,0,0,0,0,N/A,normal,0,0,none,not_tb,0,not_applicable
8646,36,M,19.5,0,0,0,1,0,0,0,0,0,0,1,0,0,N/A,normal,0,0,none,not_tb,0,not_applicable
8647,42,F,23.7,0,0,0,0,0,0,0,0,0,0,0,0,0,N/A,old_tb_scar,1,0,none,not_tb,0,not_applicable
8648,42,M,18.0,1,1,4,1,1,0,0,0,1,1,3,0,0,N/A,normal,0,1,extrapulmonary,extrapulmonary_tb,0,lost_to_followup
8649,19,M,23.0,1,0,0,1,0,1,0,1,1,0,2,0,1,not_detected,miliary,1,1,pulmonary,smear_negative_ptb,0,cured
8650,28,F,24.8,0,0,0,0,1,0,0,0,1,1,1,0,0,N/A,normal,0,0,none,not_tb,0,not_applicable
8651,40,M,19.2,0,0,0,0,0,0,0,0,0,0,0,0,0,N/A,normal,0,0,none,not_tb,0,not_applicable
8652,38,F,17.7,0,0,0,1,0,1,1,1,1,1,2,1,1,not_detected,pleural_effusion,1,1,pulmonary,smear_positive_ptb,0,cured
8653,47,F,20.5,0,1,7,0,0,0,1,0,1,1,1,0,1,not_detected,pleural_effusion,1,1,pulmonary,smear_negative_ptb,0,cured
8654,30,M,18.3,0,0,0,0,0,0,1,0,1,0,0,0,0,N/A,normal,0,0,none,not_tb,0,not_applicable
8655,44,M,21.5,0,0,0,0,0,0,0,1,1,0,0,0,1,not_detected,miliary,1,1,pulmonary,smear_negative_ptb,0,cured
8656,44,M,21.1,0,0,0,0,0,0,0,1,0,0,0,0,0,N/A,normal,0,0,none,not_tb,0,not_applicable
8657,47,M,20.5,1,1,2,1,1,1,0,0,1,1,4,0,1,not_detected,infiltrate,1,1,pulmonary,smear_negative_ptb,0,cured
8658,45,M,21.3,0,1,2,0,0,0,0,0,0,0,1,0,0,N/A,other_pathology,1,0,none,not_tb,0,not_applicable
8659,52,M,20.2,0,0,0,0,0,0,0,0,0,0,0,0,0,N/A,normal,0,0,none,not_tb,0,not_applicable
8660,44,M,19.6,0,0,0,0,0,1,0,0,1,0,1,0,0,N/A,normal,0,0,none,not_tb,0,not_applicable
8661,52,M,28.1,1,0,0,0,0,0,0,0,0,0,0,0,0,N/A,normal,0,0,none,not_tb,0,not_applicable
8662,30,M,21.0,0,0,0,0,0,0,0,0,0,0,0,0,0,N/A,other_pathology,1,0,none,not_tb,0,not_applicable
8663,32,F,26.2,0,1,2,0,0,0,0,1,0,1,1,1,1,not_detected,normal,0,1,pulmonary,smear_positive_ptb,0,cured
8664,31,F,22.5,1,1,3,0,0,0,0,0,0,0,1,0,0,N/A,normal,0,0,none,not_tb,0,not_applicable
8665,26,M,19.0,0,0,0,0,0,0,0,0,0,0,0,0,0,N/A,normal,0,0,none,not_tb,0,not_applicable
8666,47,F,16.5,0,0,0,0,0,0,0,0,0,0,0,0,0,N/A,normal,0,0,none,not_tb,0,not_applicable
8667,19,M,26.3,0,0,0,0,0,0,0,1,0,1,0,0,0,N/A,normal,0,0,none,not_tb,0,not_applicable
8668,47,F,21.3,0,0,0,0,0,0,0,0,0,0,0,0,0,N/A,infiltrate,1,0,none,not_tb,0,not_applicable
8669,55,F,24.9,0,0,0,0,0,0,0,0,0,0,0,0,0,N/A,other_pathology,1,0,none,not_tb,0,not_applicable
8670,43,F,24.3,0,0,0,1,0,1,0,0,1,1,2,0,1,not_detected,miliary,1,1,pulmonary,smear_negative_ptb,0,cured
8671,28,M,24.3,0,0,0,0,0,0,0,0,0,0,0,0,0,N/A,old_tb_scar,1,0,none,not_tb,0,not_applicable
8672,27,M,19.3,1,0,0,0,0,1,0,0,1,1,1,1,1,not_detected,infiltrate,1,1,pulmonary,smear_positive_ptb,0,died
8673,29,F,26.3,0,0,0,0,1,0,0,0,1,0,1,0,0,N/A,normal,0,0,none,not_tb,0,not_applicable
8674,46,M,24.8,0,0,0,0,0,0,0,0,0,0,0,0,0,N/A,other_pathology,1,0,none,not_tb,0,not_applicable
8675,29,M,17.6,1,0,0,0,0,0,0,0,1,1,0,0,0,N/A,normal,0,0,none,not_tb,0,not_applicable
8676,43,F,26.7,0,0,0,0,0,0,0,0,1,0,0,0,0,N/A,old_tb_scar,1,0,none,not_tb,0,not_applicable
8677,51,F,18.4,1,1,5,0,1,1,0,0,1,0,3,0,0,N/A,normal,0,1,extrapulmonary,extrapulmonary_tb,0,cured
8678,39,F,27.4,0,0,0,0,0,0,0,0,0,0,0,0,0,N/A,other_pathology,1,0,none,not_tb,0,not_applicable
8679,62,F,23.8,0,0,0,0,1,0,0,0,1,0,1,0,0,N/A,old_tb_scar,1,0,none,not_tb,0,not_applicable
8680,47,F,26.2,0,0,0,0,0,0,0,0,1,0,0,1,0,N/A,infiltrate,1,0,none,not_tb,0,not_applicable
8681,66,M,21.2,0,0,0,1,0,0,0,0,0,0,1,0,0,N/A,old_tb_scar,1,0,none,not_tb,0,not_applicable
8682,39,F,14.7,1,0,0,1,1,1,1,1,1,0,3,0,1,not_detected,cavity,1,1,pulmonary,smear_negative_ptb,0,died
8683,43,F,19.9,0,1,3,1,1,0,0,0,1,0,3,0,1,not_detected,pleural_effusion,1,1,pulmonary,smear_negative_ptb,0,completed
8684,33,F,25.4,0,0,0,0,1,0,0,0,0,0,1,0,0,N/A,infiltrate,1,0,none,not_tb,0,not_applicable
8685,38,M,17.1,1,1,8,1,0,0,0,1,0,0,2,0,0,N/A,normal,0,1,extrapulmonary,extrapulmonary_tb,0,cured
8686,36,M,18.0,1,1,2,0,0,0,0,0,0,0,1,0,1,not_detected,infiltrate,1,1,pulmonary,smear_negative_ptb,0,cured
8687,39,F,14.2,0,0,0,0,0,0,0,0,0,0,0,0,0,N/A,normal,0,0,none,not_tb,0,not_applicable
8688,38,M,18.1,0,1,14,0,1,0,0,1,1,1,2,1,1,not_detected,infiltrate,1,1,pulmonary,smear_positive_ptb,0,cured
8689,42,M,17.6,1,0,0,0,0,0,0,0,0,0,0,0,0,N/A,normal,0,0,none,not_tb,0,not_applicable
8690,31,F,23.8,1,0,0,1,0,0,0,0,0,0,1,0,0,N/A,old_tb_scar,1,0,none,not_tb,0,not_applicable
8691,27,M,23.2,0,0,0,0,0,0,0,0,1,0,0,0,0,N/A,normal,0,0,none,not_tb,0,not_applicable
8692,36,M,18.5,0,0,0,1,0,0,1,0,0,0,1,1,1,not_detected,cavity,1,1,pulmonary,smear_positive_ptb,0,completed
8693,46,M,21.8,0,1,7,1,0,0,0,0,0,0,2,0,0,N/A,infiltrate,1,1,pulmonary,smear_negative_ptb,0,cured
8694,42,M,22.8,0,0,0,0,0,0,0,0,0,0,0,0,0,N/A,normal,0,0,none,not_tb,0,not_applicable
8695,35,F,22.7,0,0,0,0,0,0,0,0,1,0,0,0,0,N/A,normal,0,0,none,not_tb,0,not_applicable
8696,22,M,19.3,1,1,9,1,1,0,0,1,0,1,3,0,1,not_detected,cavity,1,1,pulmonary,smear_negative_ptb,0,completed
8697,53,M,20.0,0,0,0,0,1,0,0,0,0,0,1,0,0,N/A,normal,0,0,none,not_tb,0,not_applicable
8698,28,M,21.0,0,1,6,1,0,1,0,0,1,0,3,1,1,not_detected,infiltrate,1,1,pulmonary,smear_positive_ptb,0,died
8699,24,M,16.2,0,0,0,1,0,1,0,1,1,0,2,1,1,not_detected,miliary,1,1,pulmonary,smear_positive_ptb,0,died
8700,23,M,19.6,0,1,5,1,1,0,0,0,1,1,3,0,1,not_detected,pleural_effusion,1,1,pulmonary,smear_negative_ptb,0,cured
8701,21,M,26.3,0,0,0,1,0,0,0,0,0,0,1,0,0,N/A,other_pathology,1,0,none,not_tb,0,not_applicable
8702,31,M,18.4,0,0,0,0,0,0,0,0,0,0,0,0,0,N/A,normal,0,0,none,not_tb,0,not_applicable
8703,29,M,17.3,1,0,0,1,0,0,0,0,0,0,1,0,0,N/A,normal,0,0,none,not_tb,0,not_applicable
8704,23,M,15.9,1,0,0,0,0,1,1,0,1,0,1,0,1,not_detected,infiltrate,1,1,pulmonary,smear_negative_ptb,0,cured
8705,50,M,28.4,0,0,0,0,0,0,0,0,0,0,0,0,0,N/A,normal,0,0,none,not_tb,0,not_applicable
8706,49,M,19.9,0,0,0,1,0,0,0,0,0,0,1,0,0,N/A,normal,0,0,none,not_tb,0,not_applicable
8707,21,M,15.5,1,1,6,1,1,1,0,1,1,0,4,1,1,not_detected,infiltrate,1,1,pulmonary,smear_positive_ptb,0,cured
8708,62,M,19.4,0,1,2,1,1,1,0,0,1,0,4,1,1,detected,infiltrate,1,1,pulmonary,smear_positive_ptb,0,cured
8709,20,M,12.5,0,0,0,0,0,0,0,0,0,0,0,0,0,N/A,normal,0,0,none,not_tb,0,not_applicable
8710,46,M,16.1,0,1,3,1,0,0,0,1,1,1,2,0,1,not_detected,infiltrate,1,1,pulmonary,smear_negative_ptb,0,completed
8711,18,F,22.0,0,1,2,1,1,0,1,0,1,0,3,1,1,not_detected,normal,0,1,extrapulmonary,extrapulmonary_tb,0,cured
8712,27,M,18.7,1,0,0,0,0,0,0,0,0,0,0,0,0,N/A,old_tb_scar,1,0,none,not_tb,0,not_applicable
8713,39,F,21.1,0,0,0,0,0,0,0,0,0,1,0,0,0,N/A,normal,0,0,none,not_tb,0,not_applicable
8714,55,F,23.0,0,0,0,0,0,0,0,0,0,0,0,0,0,N/A,normal,0,0,none,not_tb,0,not_applicable
8715,38,M,23.0,0,0,0,0,0,0,0,0,0,0,0,0,0,N/A,normal,0,0,none,not_tb,0,not_applicable
8716,19,M,17.2,0,1,3,1,0,0,0,0,1,0,2,1,1,not_detected,infiltrate,1,1,pulmonary,smear_positive_ptb,0,lost_to_followup
8717,43,M,23.9,1,0,0,0,0,0,0,0,0,0,0,0,0,N/A,old_tb_scar,1,0,none,not_tb,0,not_applicable
8718,36,M,27.1,1,0,0,0,0,0,0,0,0,0,0,0,0,N/A,old_tb_scar,1,0,none,not_tb,0,not_applicable
8719,26,M,15.8,1,0,0,0,1,0,0,1,1,0,1,1,1,not_detected,infiltrate,1,1,pulmonary,smear_positive_ptb,0,cured
8720,62,M,20.3,0,0,0,0,0,0,0,0,1,0,0,0,0,N/A,normal,0,0,none,not_tb,0,not_applicable
8721,30,F,18.2,0,1,2,1,0,1,1,0,1,0,3,0,1,not_detected,infiltrate,1,1,pulmonary,smear_negative_ptb,0,cured
8722,48,M,24.4,0,0,0,0,0,0,0,0,0,0,0,0,0,N/A,other_pathology,1,0,none,not_tb,0,not_applicable
8723,33,F,22.1,0,1,4,0,0,0,0,0,0,0,1,0,0,N/A,normal,0,0,none,not_tb,0,not_applicable
8724,34,F,18.2,1,0,0,1,0,0,0,1,1,1,1,1,0,N/A,pleural_effusion,1,1,pulmonary,smear_positive_ptb,1,failed
8725,37,M,16.6,0,0,0,1,0,0,0,0,0,0,1,0,0,N/A,old_tb_scar,1,0,none,not_tb,0,not_applicable
8726,36,F,15.7,0,1,3,1,1,1,0,1,1,0,4,0,1,not_detected,normal,0,1,pulmonary,smear_negative_ptb,0,cured
8727,31,F,19.0,1,1,5,1,0,0,0,0,1,1,2,1,1,not_detected,cavity,1,1,pulmonary,smear_positive_ptb,0,cured
8728,40,M,20.2,0,0,0,0,0,0,0,0,1,0,0,0,0,N/A,normal,0,0,none,not_tb,0,not_applicable
8729,41,M,20.8,0,0,0,0,0,0,0,0,0,0,0,0,0,N/A,infiltrate,1,0,none,not_tb,0,not_applicable
8730,30,M,18.3,0,1,7,0,0,1,0,1,1,1,2,1,1,not_detected,infiltrate,1,1,pulmonary,smear_positive_ptb,0,cured
8731,49,M,24.4,1,0,0,1,1,0,0,1,0,0,2,0,0,N/A,cavity,1,1,pulmonary,smear_negative_ptb,0,cured
8732,42,M,17.3,0,1,5,1,1,0,1,0,1,1,3,1,1,not_detected,infiltrate,1,1,pulmonary,smear_positive_ptb,0,completed
8733,43,M,26.9,0,0,0,0,0,0,0,0,0,0,0,0,0,N/A,other_pathology,1,0,none,not_tb,0,not_applicable
8734,37,M,26.6,0,0,0,0,0,1,0,0,0,0,1,0,0,N/A,normal,0,0,none,not_tb,0,not_applicable
8735,57,F,20.5,1,1,7,1,0,1,0,0,1,0,3,1,0,N/A,normal,0,1,extrapulmonary,extrapulmonary_tb,0,cured
8736,46,M,19.0,0,0,0,0,0,0,0,1,0,0,0,0,0,N/A,old_tb_scar,1,0,none,not_tb,0,not_applicable
8737,37,M,22.5,0,1,3,0,0,0,0,0,0,0,1,0,0,N/A,normal,0,0,none,not_tb,0,not_applicable
8738,35,M,20.6,0,0,0,1,0,1,0,0,0,0,2,0,0,N/A,infiltrate,1,0,none,not_tb,0,not_applicable
8739,59,F,23.5,1,0,0,1,0,1,1,1,1,1,2,0,0,N/A,infiltrate,1,1,extrapulmonary,extrapulmonary_tb,0,died
8740,22,F,23.4,0,0,0,0,0,0,0,0,1,0,0,0,0,N/A,normal,0,0,none,not_tb,0,not_applicable
8741,61,M,18.0,1,1,10,1,1,0,0,1,1,1,3,0,1,not_detected,infiltrate,1,1,pulmonary,smear_negative_ptb,0,lost_to_followup
8742,40,F,23.0,0,1,2,0,1,1,0,0,0,0,3,1,1,not_detected,cavity,1,1,pulmonary,smear_positive_ptb,0,cured
8743,35,M,17.6,0,1,5,1,1,1,0,1,1,0,4,0,1,not_detected,pleural_effusion,1,1,pulmonary,smear_negative_ptb,0,completed
8744,27,F,23.9,0,0,0,1,0,0,0,0,0,0,1,0,0,N/A,other_pathology,1,0,none,not_tb,0,not_applicable
8745,33,M,20.3,0,1,2,1,1,1,0,1,0,0,4,1,1,not_detected,pleural_effusion,1,1,pulmonary,smear_positive_ptb,0,cured
8746,39,M,23.2,0,0,0,0,0,0,0,0,0,0,0,0,0,N/A,old_tb_scar,1,0,none,not_tb,0,not_applicable
8747,27,F,18.2,1,1,4,0,1,0,0,0,1,1,2,0,0,N/A,normal,0,1,extrapulmonary,extrapulmonary_tb,0,cured
8748,28,F,24.9,1,0,0,0,0,0,0,0,0,0,0,0,0,N/A,old_tb_scar,1,0,none,not_tb,0,not_applicable
8749,47,F,19.8,0,1,4,0,0,0,0,0,1,0,1,0,0,N/A,normal,0,0,none,not_tb,0,not_applicable
8750,31,M,25.9,0,0,0,0,0,1,0,1,1,0,1,0,0,N/A,other_pathology,1,0,none,not_tb,0,not_applicable
8751,32,F,21.0,0,1,4,0,0,0,0,1,0,0,1,0,0,N/A,normal,0,0,none,not_tb,0,not_applicable
8752,55,M,26.7,0,0,0,0,1,0,0,0,1,0,1,0,0,N/A,other_pathology,1,0,none,not_tb,0,not_applicable
8753,54,F,21.1,1,1,4,0,0,0,0,0,1,0,1,0,0,N/A,pleural_effusion,1,1,pulmonary,smear_negative_ptb,0,lost_to_followup
8754,35,F,23.9,1,0,0,1,0,0,0,0,0,0,1,0,0,N/A,normal,0,0,none,not_tb,0,not_applicable
8755,40,M,21.7,0,0,0,0,0,0,0,0,1,0,0,0,1,not_detected,normal,0,0,none,not_tb,0,not_applicable
8756,57,M,25.9,0,0,0,1,0,0,0,0,0,0,1,0,0,N/A,other_pathology,1,0,none,not_tb,0,not_applicable
8757,17,M,19.9,0,1,4,0,0,0,0,1,1,0,1,1,1,not_detected,normal,0,1,pulmonary,smear_positive_ptb,0,cured
8758,38,M,12.0,1,0,0,0,0,0,0,0,0,0,0,0,0,N/A,normal,0,0,none,not_tb,0,not_applicable
8759,63,M,19.1,0,0,0,0,0,0,1,0,0,0,0,0,0,N/A,other_pathology,1,0,none,not_tb,0,not_applicable
8760,21,M,22.6,0,0,0,0,0,0,0,0,0,0,0,0,0,N/A,normal,0,0,none,not_tb,0,not_applicable
8761,44,F,19.2,1,1,3,1,0,0,1,0,0,1,2,0,1,not_detected,normal,0,1,extrapulmonary,extrapulmonary_tb,0,cured
8762,49,M,24.5,0,0,0,0,0,0,0,0,0,0,0,0,0,N/A,old_tb_scar,1,0,none,not_tb,0,not_applicable
8763,22,M,27.4,0,0,0,0,0,0,0,0,1,0,0,0,0,N/A,normal,0,0,none,not_tb,0,not_applicable
8764,36,F,24.1,0,0,0,0,0,0,0,0,1,0,0,0,0,N/A,old_tb_scar,1,0,none,not_tb,0,not_applicable
8765,26,M,13.3,0,0,0,0,1,1,0,1,1,0,2,1,1,not_detected,normal,0,1,pulmonary,smear_positive_ptb,0,cured
8766,54,M,19.0,0,1,6,1,1,1,0,1,1,0,4,1,1,not_detected,infiltrate,1,1,pulmonary,smear_positive_ptb,0,cured
8767,23,F,21.5,0,1,4,1,1,0,1,1,1,1,3,0,1,not_detected,cavity,1,1,pulmonary,smear_negative_ptb,0,cured
8768,42,F,22.4,0,0,0,0,0,0,0,0,1,0,0,0,0,N/A,other_pathology,1,0,none,not_tb,0,not_applicable
8769,56,M,22.7,0,0,0,0,0,0,0,0,0,0,0,0,0,N/A,normal,0,0,none,not_tb,0,not_applicable
8770,30,M,20.3,0,1,6,0,0,0,0,1,0,0,1,0,0,N/A,infiltrate,1,0,none,not_tb,0,not_applicable
8771,38,M,25.3,0,0,0,0,0,0,0,0,0,0,0,0,0,N/A,old_tb_scar,1,0,none,not_tb,0,not_applicable
8772,37,F,20.8,1,0,0,1,0,0,0,0,0,0,1,0,0,N/A,old_tb_scar,1,0,none,not_tb,0,not_applicable
8773,51,F,24.1,0,0,0,0,0,0,0,0,0,0,0,0,0,N/A,old_tb_scar,1,0,none,not_tb,0,not_applicable
8774,56,F,23.5,0,0,0,0,0,0,0,0,0,0,0,0,0,N/A,normal,0,0,none,not_tb,0,not_applicable
8775,71,F,18.6,0,1,3,0,0,1,0,1,1,1,2,1,1,not_detected,pleural_effusion,1,1,pulmonary,smear_positive_ptb,0,cured
8776,32,M,19.7,1,0,0,1,1,0,0,0,0,0,2,0,1,not_detected,normal,0,1,extrapulmonary,extrapulmonary_tb,0,cured
8777,39,M,19.0,1,1,2,0,1,1,1,1,1,0,3,1,1,detected,infiltrate,1,1,pulmonary,smear_positive_ptb,1,completed
8778,41,F,21.7,1,1,5,0,1,0,0,0,1,1,2,0,0,N/A,normal,0,1,extrapulmonary,extrapulmonary_tb,0,completed
8779,40,F,24.4,0,0,0,0,1,0,0,0,0,1,1,0,0,N/A,normal,0,0,none,not_tb,0,not_applicable
8780,28,M,25.6,0,0,0,1,0,0,0,0,0,0,1,0,0,N/A,other_pathology,1,0,none,not_tb,0,not_applicable
8781,23,F,19.3,0,0,0,0,0,1,0,0,0,1,1,0,0,N/A,normal,0,0,none,not_tb,0,not_applicable
8782,25,M,19.1,1,0,0,1,0,0,0,0,1,0,1,0,0,N/A,normal,0,0,none,not_tb,0,not_applicable
8783,29,F,18.7,1,0,0,1,0,1,0,0,0,1,2,1,1,not_detected,pleural_effusion,1,1,pulmonary,smear_positive_ptb,0,died
8784,65,M,20.4,0,1,4,1,1,0,0,0,1,1,3,1,1,not_detected,cavity,1,1,pulmonary,smear_positive_ptb,0,cured
8785,43,F,19.8,1,1,9,1,1,1,0,1,1,0,4,0,1,detected,miliary,1,1,pulmonary,smear_negative_ptb,1,completed
8786,54,M,16.6,0,1,6,0,0,1,0,0,0,1,2,0,1,detected,infiltrate,1,1,pulmonary,smear_negative_ptb,1,lost_to_followup
8787,23,F,20.5,1,1,6,1,0,1,0,0,1,1,3,1,1,not_detected,normal,0,1,pulmonary,smear_positive_ptb,0,cured
8788,42,F,19.8,0,0,0,0,0,0,0,0,0,0,0,0,0,N/A,normal,0,0,none,not_tb,0,not_applicable
8789,34,M,20.2,0,0,0,0,0,0,0,0,1,1,0,1,1,not_detected,normal,0,1,pulmonary,smear_positive_ptb,0,died
8790,52,F,23.0,0,0,0,0,0,0,0,0,0,0,0,0,0,N/A,normal,0,0,none,not_tb,0,not_applicable
8791,50,F,21.2,0,0,0,0,0,0,0,0,0,0,0,0,0,N/A,normal,0,0,none,not_tb,0,not_applicable
8792,31,F,20.1,0,0,0,0,0,0,0,0,1,0,0,0,0,N/A,normal,0,0,none,not_tb,0,not_applicable
8793,30,M,22.5,0,0,0,0,0,0,0,0,0,0,0,0,0,N/A,normal,0,0,none,not_tb,0,not_applicable
8794,61,F,22.3,0,0,0,0,0,0,0,0,1,0,0,0,0,N/A,normal,0,0,none,not_tb,0,not_applicable
8795,43,M,15.9,0,1,7,1,0,0,0,0,0,1,2,1,1,not_detected,infiltrate,1,1,pulmonary,smear_positive_ptb,0,lost_to_followup
8796,48,F,20.0,1,1,4,0,0,0,0,1,0,0,1,1,1,not_detected,infiltrate,1,1,pulmonary,smear_positive_ptb,0,cured
8797,47,M,26.0,0,1,3,0,0,0,0,0,0,0,1,0,0,N/A,infiltrate,1,0,none,not_tb,0,not_applicable
8798,46,F,25.0,0,1,2,0,0,1,0,0,0,0,2,0,0,N/A,normal,0,0,none,not_tb,0,not_applicable
8799,27,M,23.1,0,0,0,0,0,0,0,0,1,0,0,0,1,not_detected,normal,0,0,none,not_tb,0,not_applicable
8800,40,M,17.4,1,1,2,1,1,0,1,0,1,0,3,0,1,not_detected,infiltrate,1,1,pulmonary,smear_negative_ptb,0,cured
8801,69,M,18.8,1,0,0,1,1,0,0,0,1,1,2,0,1,not_detected,normal,0,1,pulmonary,smear_negative_ptb,0,cured
8802,41,M,18.2,1,1,5,0,0,1,0,0,1,0,2,0,0,N/A,infiltrate,1,1,pulmonary,smear_negative_ptb,0,died
8803,35,M,22.4,0,0,0,0,0,0,0,0,0,0,0,0,0,N/A,other_pathology,1,0,none,not_tb,0,not_applicable
8804,60,M,20.8,0,0,0,0,0,1,0,0,0,1,1,0,1,not_detected,infiltrate,1,1,pulmonary,smear_negative_ptb,0,lost_to_followup
8805,43,F,21.6,0,0,0,0,0,0,0,0,0,0,0,0,0,N/A,normal,0,0,none,not_tb,0,not_applicable
8806,26,M,13.9,0,1,3,0,0,0,0,0,1,0,1,1,1,not_detected,infiltrate,1,1,pulmonary,smear_positive_ptb,0,cured
8807,40,M,24.8,1,0,0,0,0,0,0,0,0,0,0,0,0,N/A,old_tb_scar,1,0,none,not_tb,0,not_applicable
8808,67,F,23.4,0,1,2,0,0,0,0,0,0,1,1,0,0,N/A,normal,0,0,none,not_tb,0,not_applicable
8809,23,F,22.5,0,0,0,0,0,1,0,0,1,0,1,0,0,N/A,normal,0,0,none,not_tb,0,not_applicable
8810,55,F,15.6,0,1,2,0,1,1,1,1,1,0,3,1,1,not_detected,cavity,1,1,pulmonary,smear_positive_ptb,0,completed
8811,48,F,16.4,0,1,7,1,1,1,1,0,1,0,4,0,1,not_detected,infiltrate,1,1,pulmonary,smear_negative_ptb,0,cured
8812,25,F,16.7,0,1,5,1,0,1,1,0,1,0,3,0,0,N/A,infiltrate,1,1,extrapulmonary,extrapulmonary_tb,0,cured
8813,62,F,17.0,1,0,0,1,1,0,0,0,1,1,2,1,1,not_detected,cavity,1,1,pulmonary,smear_positive_ptb,0,completed
8814,55,F,20.3,0,0,0,0,0,0,0,0,0,0,0,0,0,N/A,normal,0,0,none,not_tb,0,not_applicable
8815,49,F,17.9,0,0,0,0,0,0,0,0,0,0,0,0,0,N/A,other_pathology,1,0,none,not_tb,0,not_applicable
8816,57,M,23.9,0,1,6,1,0,0,0,0,1,1,2,0,1,not_detected,normal,0,1,extrapulmonary,extrapulmonary_tb,0,cured
8817,44,F,27.3,1,0,0,0,0,0,0,0,0,0,0,0,0,N/A,normal,0,0,none,not_tb,0,not_applicable
8818,38,F,23.0,0,0,0,0,0,0,0,0,0,0,0,0,0,N/A,normal,0,0,none,not_tb,0,not_applicable
8819,18,F,21.9,0,0,0,0,0,0,0,0,0,0,0,0,0,N/A,normal,0,0,none,not_tb,0,not_applicable
8820,36,F,23.1,1,1,2,1,0,0,0,1,1,1,2,0,1,not_detected,normal,0,1,extrapulmonary,extrapulmonary_tb,0,completed
8821,54,M,27.7,0,0,0,0,0,0,0,0,0,0,0,0,0,N/A,normal,0,0,none,not_tb,0,not_applicable
8822,30,M,19.4,0,1,4,1,0,0,0,0,0,0,2,0,0,N/A,other_pathology,1,0,none,not_tb,0,not_applicable
8823,48,F,22.9,0,0,0,1,0,0,0,0,0,1,1,0,0,N/A,normal,0,0,none,not_tb,0,not_applicable
8824,21,F,21.4,1,0,0,0,0,0,0,0,0,0,0,0,0,N/A,normal,0,0,none,not_tb,0,not_applicable
8825,32,F,21.1,0,0,0,0,0,0,0,0,0,0,0,0,0,N/A,normal,0,0,none,not_tb,0,not_applicable
8826,26,F,21.4,0,0,0,1,0,0,0,0,1,0,1,0,0,N/A,normal,0,0,none,not_tb,0,not_applicable
8827,46,F,21.7,0,0,0,0,0,0,0,0,0,0,0,0,0,N/A,normal,0,0,none,not_tb,0,not_applicable
8828,47,F,22.7,0,0,0,0,0,0,0,0,0,0,0,0,0,N/A,other_pathology,1,0,none,not_tb,0,not_applicable
8829,19,M,19.0,0,1,5,1,0,0,0,0,1,1,2,0,0,N/A,miliary,1,1,pulmonary,smear_negative_ptb,1,cured
8830,45,F,27.0,0,0,0,0,0,0,0,1,0,0,0,0,0,N/A,normal,0,0,none,not_tb,0,not_applicable
8831,46,M,19.2,0,0,0,1,0,0,0,0,0,0,1,0,0,N/A,other_pathology,1,0,none,not_tb,0,not_applicable
8832,35,M,20.9,0,1,8,1,0,1,0,1,1,1,3,0,0,N/A,cavity,1,1,pulmonary,smear_negative_ptb,0,died
8833,20,M,15.8,0,1,6,1,1,1,0,0,1,1,4,0,0,N/A,infiltrate,1,1,pulmonary,smear_negative_ptb,0,cured
8834,26,M,22.8,1,0,0,0,0,0,0,0,0,0,0,0,0,N/A,other_pathology,1,0,none,not_tb,0,not_applicable
8835,42,M,25.7,0,0,0,0,0,0,0,0,0,0,0,0,0,N/A,infiltrate,1,0,none,not_tb,0,not_applicable
8836,52,M,24.0,1,0,0,1,0,0,0,0,0,0,1,0,0,N/A,normal,0,0,none,not_tb,0,not_applicable
8837,44,F,17.7,0,1,5,1,0,1,0,0,1,0,3,1,1,not_detected,normal,0,1,pulmonary,smear_positive_ptb,0,cured
8838,65,F,19.2,1,1,2,0,1,0,0,0,1,0,2,0,1,not_detected,normal,0,1,pulmonary,smear_negative_ptb,0,completed
8839,23,M,27.8,0,0,0,0,0,0,0,0,0,0,0,0,0,N/A,normal,0,0,none,not_tb,0,not_applicable
8840,63,F,19.9,0,0,0,0,0,1,0,0,0,0,1,0,0,N/A,normal,0,0,none,not_tb,0,not_applicable
8841,22,M,24.0,0,0,0,0,1,0,0,0,0,0,1,0,0,N/A,other_pathology,1,0,none,not_tb,0,not_applicable
8842,33,M,20.9,0,1,4,1,0,0,0,0,1,0,2,0,1,not_detected,infiltrate,1,1,pulmonary,smear_negative_ptb,0,cured
8843,65,M,17.5,1,0,0,0,1,1,0,1,1,0,2,0,1,not_detected,cavity,1,1,pulmonary,smear_negative_ptb,0,completed
8844,34,F,22.8,1,0,0,1,1,0,0,0,1,1,2,0,1,not_detected,infiltrate,1,1,pulmonary,smear_negative_ptb,0,completed
8845,60,F,29.3,0,0,0,0,0,0,0,0,1,0,0,0,0,N/A,other_pathology,1,0,none,not_tb,0,not_applicable
8846,38,F,25.8,0,0,0,0,0,0,0,0,0,0,0,0,0,N/A,normal,0,0,none,not_tb,0,not_applicable
8847,37,F,25.8,0,0,0,0,0,0,0,0,0,0,0,0,0,N/A,normal,0,0,none,not_tb,0,not_applicable
8848,45,F,15.9,0,1,6,0,0,0,0,0,0,0,1,0,0,N/A,normal,0,0,none,not_tb,0,not_applicable
8849,43,F,15.2,1,1,6,1,0,0,0,0,0,0,2,0,0,N/A,infiltrate,1,1,pulmonary,smear_negative_ptb,1,failed
8850,50,F,18.3,0,1,7,0,1,1,0,0,1,1,3,0,1,not_detected,normal,0,1,pulmonary,smear_negative_ptb,0,completed
8851,43,M,19.7,0,0,0,0,0,0,0,0,0,1,0,0,0,N/A,normal,0,0,none,not_tb,0,not_applicable
8852,32,M,20.1,0,0,0,1,0,0,1,0,0,1,1,0,0,N/A,pleural_effusion,1,1,pulmonary,smear_negative_ptb,0,lost_to_followup
8853,42,M,12.0,0,0,0,0,0,0,0,0,0,0,0,0,0,N/A,normal,0,0,none,not_tb,0,not_applicable
8854,39,F,24.2,0,0,0,0,0,0,0,0,0,0,0,0,0,N/A,other_pathology,1,0,none,not_tb,0,not_applicable
8855,30,M,21.4,0,0,0,0,0,0,0,0,0,1,0,0,0,N/A,normal,0,0,none,not_tb,0,not_applicable
8856,33,M,20.1,0,0,0,0,0,0,0,0,0,0,0,0,0,N/A,normal,0,0,none,not_tb,0,not_applicable
8857,40,F,28.7,0,0,0,0,0,0,0,0,0,0,0,0,0,N/A,other_pathology,1,0,none,not_tb,0,not_applicable
8858,46,F,20.9,0,0,0,0,0,0,0,0,0,0,0,0,0,N/A,normal,0,0,none,not_tb,0,not_applicable
8859,47,M,16.3,0,0,0,0,0,0,0,0,0,0,0,0,0,N/A,normal,0,0,none,not_tb,0,not_applicable
8860,37,M,19.6,0,0,0,1,0,0,0,1,1,1,1,0,1,not_detected,normal,0,1,pulmonary,smear_negative_ptb,0,cured
8861,19,M,19.5,1,1,2,0,1,1,0,1,1,0,3,1,1,not_detected,infiltrate,1,1,pulmonary,smear_positive_ptb,0,cured
8862,20,M,21.4,0,0,0,0,0,0,0,0,0,0,0,0,0,N/A,infiltrate,1,0,none,not_tb,0,not_applicable
8863,37,F,30.2,0,0,0,1,0,0,0,1,0,0,1,0,0,N/A,other_pathology,1,0,none,not_tb,0,not_applicable
8864,31,F,22.7,0,0,0,0,0,0,0,0,0,0,0,0,0,N/A,old_tb_scar,1,0,none,not_tb,0,not_applicable
8865,41,M,25.6,1,0,0,1,0,0,0,0,0,0,1,0,0,N/A,normal,0,0,none,not_tb,0,not_applicable
8866,43,M,23.1,1,0,0,0,0,0,0,1,0,0,0,0,0,N/A,normal,0,0,none,not_tb,0,not_applicable
8867,38,M,26.4,0,0,0,1,0,0,0,1,0,0,1,0,0,N/A,normal,0,0,none,not_tb,0,not_applicable
8868,37,M,17.7,1,1,3,1,1,1,1,0,1,0,4,0,0,N/A,normal,0,1,extrapulmonary,extrapulmonary_tb,0,cured
8869,62,M,15.8,1,0,0,0,0,1,0,1,0,1,1,0,0,N/A,infiltrate,1,1,pulmonary,smear_negative_ptb,0,died
8870,70,F,24.7,0,0,0,0,0,0,0,0,0,0,0,0,0,N/A,normal,0,0,none,not_tb,0,not_applicable
8871,48,M,19.2,1,1,3,0,1,1,0,0,1,0,3,0,0,N/A,normal,0,1,pulmonary,smear_negative_ptb,0,completed
8872,38,F,24.8,0,0,0,0,0,0,0,0,0,0,0,0,0,N/A,normal,0,0,none,not_tb,0,not_applicable
8873,34,M,19.8,0,0,0,0,0,1,0,0,0,0,1,0,0,N/A,normal,0,0,none,not_tb,0,not_applicable
8874,58,F,19.7,1,1,5,1,1,0,0,1,0,0,3,0,1,not_detected,infiltrate,1,1,pulmonary,smear_negative_ptb,0,cured
8875,35,M,16.4,0,1,6,0,0,0,0,1,0,0,1,0,0,N/A,normal,0,0,none,not_tb,0,not_applicable
8876,29,M,17.3,1,0,0,1,1,0,0,1,1,0,2,0,1,not_detected,cavity,1,1,pulmonary,smear_negative_ptb,0,lost_to_followup
8877,48,F,16.7,1,1,2,1,1,0,1,0,1,0,3,0,1,not_detected,pleural_effusion,1,1,pulmonary,smear_negative_ptb,0,completed
8878,36,F,23.7,0,1,5,0,0,0,0,0,0,0,1,0,0,N/A,normal,0,0,none,not_tb,0,not_applicable
8879,15,M,20.3,0,0,0,0,0,0,0,0,0,0,0,0,0,N/A,normal,0,0,none,not_tb,0,not_applicable
8880,31,M,17.2,0,0,0,0,0,0,0,0,0,0,0,0,0,N/A,normal,0,0,none,not_tb,0,not_applicable
8881,38,F,20.0,0,0,0,0,0,0,0,0,1,1,0,0,0,N/A,infiltrate,1,0,none,not_tb,0,not_applicable
8882,44,F,24.1,0,0,0,0,0,0,0,0,0,1,0,0,0,N/A,old_tb_scar,1,0,none,not_tb,0,not_applicable
8883,48,F,22.5,0,1,5,0,0,0,0,0,0,0,1,0,0,N/A,other_pathology,1,0,none,not_tb,0,not_applicable
8884,55,M,16.6,0,1,5,1,1,1,0,1,0,0,4,1,1,not_detected,cavity,1,1,pulmonary,smear_positive_ptb,0,cured
8885,56,M,24.9,0,0,0,1,1,0,0,0,0,0,2,0,0,N/A,normal,0,0,none,not_tb,0,not_applicable
8886,38,M,27.5,0,1,3,0,0,0,0,0,0,0,1,0,0,N/A,normal,0,0,none,not_tb,0,not_applicable
8887,43,M,20.8,1,1,6,0,1,1,1,1,1,1,3,0,1,not_detected,normal,0,1,pulmonary,smear_negative_ptb,0,lost_to_followup
8888,42,F,13.9,0,0,0,0,0,1,0,0,0,1,1,0,0,N/A,normal,0,0,none,not_tb,0,not_applicable
8889,44,F,22.8,0,0,0,0,1,0,0,0,0,0,1,0,0,N/A,other_pathology,1,0,none,not_tb,0,not_applicable
8890,62,M,21.5,1,0,0,0,0,0,0,0,0,0,0,0,0,N/A,normal,0,0,none,not_tb,0,not_applicable
8891,40,F,14.9,0,0,0,1,0,0,0,1,0,0,1,0,0,N/A,normal,0,0,none,not_tb,0,not_applicable
8892,31,F,15.3,0,1,7,0,0,1,0,1,1,1,2,1,1,not_detected,normal,0,1,pulmonary,smear_positive_ptb,0,completed
8893,22,F,20.5,1,1,5,0,0,0,0,0,1,1,1,0,1,not_detected,normal,0,1,extrapulmonary,extrapulmonary_tb,0,failed
8894,49,M,22.6,0,0,0,0,0,0,0,0,0,0,0,0,0,N/A,normal,0,0,none,not_tb,0,not_applicable
8895,40,M,22.3,0,0,0,0,0,0,0,0,0,0,0,0,0,N/A,other_pathology,1,0,none,not_tb,0,not_applicable
8896,32,M,19.7,0,0,0,0,0,0,0,0,1,0,0,0,0,N/A,normal,0,0,none,not_tb,0,not_applicable
8897,41,M,21.2,0,1,7,1,0,1,0,1,1,1,3,0,1,not_detected,normal,0,1,pulmonary,smear_negative_ptb,0,cured
8898,15,M,17.7,0,1,4,0,0,0,0,1,0,0,1,0,0,N/A,normal,0,0,none,not_tb,0,not_applicable
8899,41,M,18.9,0,0,0,0,0,0,0,0,0,0,0,0,0,N/A,normal,0,0,none,not_tb,0,not_applicable
8900,44,M,20.9,0,0,0,0,0,0,0,0,1,0,0,0,0,N/A,normal,0,0,none,not_tb,0,not_applicable
8901,45,M,14.7,1,0,0,1,0,0,0,1,1,1,1,0,1,not_detected,normal,0,1,pulmonary,smear_negative_ptb,0,cured
8902,18,F,18.9,0,0,0,0,0,0,0,0,0,0,0,0,0,N/A,normal,0,0,none,not_tb,0,not_applicable
8903,41,F,25.7,0,1,3,0,0,0,0,1,0,0,1,0,0,N/A,infiltrate,1,0,none,not_tb,0,not_applicable
8904,50,M,19.0,0,0,0,0,0,0,0,0,0,0,0,0,0,N/A,other_pathology,1,0,none,not_tb,0,not_applicable
8905,41,F,24.7,0,0,0,0,0,0,0,0,0,0,0,0,0,N/A,old_tb_scar,1,0,none,not_tb,0,not_applicable
8906,41,M,20.1,1,1,5,0,1,1,0,0,1,0,3,0,1,not_detected,infiltrate,1,1,extrapulmonary,extrapulmonary_tb,0,cured
8907,26,M,21.4,1,0,0,0,0,0,0,0,0,0,0,0,0,N/A,normal,0,0,none,not_tb,0,not_applicable
8908,54,F,15.0,1,0,0,1,1,0,0,1,1,1,2,0,1,not_detected,normal,0,1,pulmonary,smear_negative_ptb,0,completed
8909,27,M,18.7,0,1,2,1,0,1,1,0,0,0,3,0,1,not_detected,cavity,1,1,pulmonary,smear_negative_ptb,0,cured
8910,27,M,13.2,1,0,0,1,0,0,0,0,1,0,1,0,1,not_detected,pleural_effusion,1,1,extrapulmonary,extrapulmonary_tb,0,completed
8911,44,M,17.2,0,1,6,1,1,1,0,1,1,1,4,0,0,N/A,cavity,1,1,pulmonary,smear_negative_ptb,0,cured
8912,18,M,22.9,0,0,0,0,0,0,0,0,0,0,0,0,0,N/A,normal,0,0,none,not_tb,0,not_applicable
8913,55,F,20.7,0,0,0,0,1,1,0,0,1,0,2,0,0,N/A,infiltrate,1,1,pulmonary,smear_negative_ptb,0,completed
8914,57,M,18.1,0,1,6,1,1,0,0,1,1,1,3,1,1,not_detected,infiltrate,1,1,pulmonary,smear_positive_ptb,0,completed
8915,44,M,17.0,1,1,5,1,0,0,0,0,0,0,2,0,1,not_detected,normal,0,1,extrapulmonary,extrapulmonary_tb,0,cured
8916,39,M,16.8,0,1,4,1,0,0,0,1,1,0,2,0,0,N/A,infiltrate,1,1,pulmonary,smear_negative_ptb,0,cured
8917,26,M,20.4,0,0,0,1,0,0,0,0,0,1,1,0,0,N/A,normal,0,0,none,not_tb,0,not_applicable
8918,29,M,24.2,1,0,0,1,0,0,0,0,0,0,1,0,0,N/A,normal,0,0,none,not_tb,0,not_applicable
8919,30,F,23.2,0,0,0,0,0,0,0,0,0,0,0,0,0,N/A,infiltrate,1,0,none,not_tb,0,not_applicable
8920,27,F,18.4,0,1,4,1,1,0,0,1,1,0,3,0,0,N/A,normal,0,1,pulmonary,smear_negative_ptb,0,cured
8921,33,M,20.1,1,1,4,1,1,0,1,0,1,1,3,0,1,not_detected,normal,0,1,extrapulmonary,extrapulmonary_tb,0,cured
8922,16,F,22.0,0,0,0,1,0,0,0,0,1,0,1,0,0,N/A,normal,0,0,none,not_tb,0,not_applicable
8923,37,M,15.2,1,1,5,0,0,1,0,0,1,1,2,0,1,detected,cavity,1,1,pulmonary,smear_negative_ptb,1,lost_to_followup
8924,36,M,15.7,1,0,0,1,0,1,0,1,1,0,2,0,0,N/A,pleural_effusion,1,1,extrapulmonary,extrapulmonary_tb,0,cured
8925,56,M,20.0,1,1,4,0,1,1,0,1,1,0,3,0,1,not_detected,infiltrate,1,1,pulmonary,smear_negative_ptb,0,cured
8926,26,M,17.2,0,1,2,0,0,0,0,1,0,0,1,0,0,N/A,old_tb_scar,1,0,none,not_tb,0,not_applicable
8927,19,F,20.7,0,1,2,0,0,0,0,0,0,0,1,0,0,N/A,normal,0,0,none,not_tb,0,not_applicable
8928,58,F,21.6,0,0,0,0,0,1,0,1,0,0,1,0,0,N/A,normal,0,0,none,not_tb,0,not_applicable
8929,28,M,15.9,0,1,4,1,0,0,1,0,1,0,2,0,1,not_detected,normal,0,1,pulmonary,smear_negative_ptb,0,lost_to_followup
8930,66,M,14.3,0,1,7,1,0,1,0,1,0,1,3,1,1,detected,infiltrate,1,1,pulmonary,smear_positive_ptb,1,completed
8931,32,F,17.9,0,0,0,0,0,0,0,0,0,0,0,0,0,N/A,old_tb_scar,1,0,none,not_tb,0,not_applicable
8932,48,M,15.7,0,0,0,0,1,0,0,0,0,0,1,0,0,N/A,normal,0,0,none,not_tb,0,not_applicable
8933,41,M,24.1,0,0,0,0,0,0,0,1,0,0,0,0,0,N/A,old_tb_scar,1,0,none,not_tb,0,not_applicable
8934,34,F,23.4,0,0,0,0,0,0,0,0,0,0,0,0,0,N/A,normal,0,0,none,not_tb,0,not_applicable
8935,36,F,19.3,0,0,0,1,0,0,0,0,0,0,1,0,1,not_detected,normal,0,0,none,not_tb,0,not_applicable
8936,36,F,15.1,1,0,0,1,0,1,0,1,0,1,2,1,1,not_detected,pleural_effusion,1,1,pulmonary,smear_positive_ptb,0,cured
8937,55,M,26.1,0,1,2,0,0,0,0,0,0,0,1,0,0,N/A,normal,0,0,none,not_tb,0,not_applicable
8938,62,M,19.6,0,1,6,0,1,1,0,1,1,0,3,0,1,not_detected,miliary,1,1,pulmonary,smear_negative_ptb,0,lost_to_followup
8939,57,M,19.8,0,0,0,0,0,0,0,0,0,0,0,0,0,N/A,normal,0,0,none,not_tb,0,not_applicable
8940,46,F,26.2,0,0,0,0,0,0,0,0,0,0,0,0,0,N/A,old_tb_scar,1,0,none,not_tb,0,not_applicable
8941,44,M,18.8,1,1,5,0,0,1,0,1,1,0,2,0,0,N/A,miliary,1,1,pulmonary,smear_negative_ptb,0,cured
8942,37,M,19.3,0,1,2,0,1,1,0,0,0,0,3,0,0,N/A,normal,0,1,pulmonary,smear_negative_ptb,0,cured
8943,70,M,18.4,0,0,0,0,0,0,0,0,1,0,0,0,0,N/A,normal,0,0,none,not_tb,0,not_applicable
8944,32,F,16.7,0,0,0,0,0,0,0,1,0,0,0,0,0,N/A,infiltrate,1,0,none,not_tb,0,not_applicable
8945,43,F,14.6,0,1,4,1,0,1,0,0,0,0,3,1,1,not_detected,infiltrate,1,1,pulmonary,smear_positive_ptb,0,completed
8946,42,F,23.7,0,0,0,0,0,1,0,1,1,1,1,1,0,N/A,infiltrate,1,1,pulmonary,smear_positive_ptb,0,cured
8947,20,M,16.4,1,1,4,1,1,0,0,1,0,0,3,0,1,not_detected,cavity,1,1,pulmonary,smear_negative_ptb,0,cured
8948,37,F,22.2,0,0,0,0,1,0,0,0,1,0,1,0,0,N/A,normal,0,0,none,not_tb,0,not_applicable
8949,40,M,23.6,0,0,0,0,0,0,0,1,0,0,0,0,0,N/A,normal,0,0,none,not_tb,0,not_applicable
8950,55,M,21.9,0,0,0,0,0,0,0,0,1,0,0,0,0,N/A,infiltrate,1,0,none,not_tb,0,not_applicable
8951,20,M,21.5,0,1,2,0,0,0,0,0,0,0,1,0,0,N/A,infiltrate,1,0,none,not_tb,0,not_applicable
8952,31,M,21.4,0,0,0,0,0,0,0,0,0,1,0,0,0,N/A,normal,0,0,none,not_tb,0,not_applicable
8953,63,M,19.7,1,0,0,1,1,1,0,0,1,1,3,0,0,N/A,normal,0,1,extrapulmonary,extrapulmonary_tb,0,failed
8954,27,F,15.9,0,1,6,1,0,0,0,1,1,1,2,0,0,N/A,miliary,1,1,pulmonary,smear_negative_ptb,0,cured
8955,43,M,17.4,0,1,4,1,0,1,1,0,1,0,3,1,1,not_detected,pleural_effusion,1,1,pulmonary,smear_positive_ptb,0,cured
8956,43,M,13.9,0,0,0,0,0,0,0,0,0,0,0,0,0,N/A,normal,0,0,none,not_tb,0,not_applicable
8957,40,F,13.8,1,1,3,1,1,1,0,0,1,1,4,0,0,N/A,pleural_effusion,1,1,pulmonary,smear_negative_ptb,0,cured
8958,26,F,15.3,0,0,0,0,1,0,0,1,0,1,1,1,1,not_detected,infiltrate,1,1,pulmonary,smear_positive_ptb,0,died
8959,52,M,25.0,0,0,0,0,0,0,0,1,0,0,0,0,0,N/A,normal,0,0,none,not_tb,0,not_applicable
8960,52,F,17.8,1,1,5,0,1,0,0,1,0,1,2,1,1,not_detected,infiltrate,1,1,pulmonary,smear_positive_ptb,0,died
8961,30,M,20.2,1,0,0,0,1,1,1,1,0,0,2,1,1,not_detected,normal,0,1,pulmonary,smear_positive_ptb,0,died
8962,49,M,23.3,0,0,0,0,0,1,0,0,1,0,1,0,0,N/A,normal,0,0,none,not_tb,0,not_applicable
8963,38,F,22.9,1,0,0,0,0,0,0,0,0,0,0,0,0,N/A,normal,0,0,none,not_tb,0,not_applicable
8964,44,M,18.7,0,0,0,0,0,0,0,0,1,0,0,0,0,N/A,normal,0,0,none,not_tb,0,not_applicable
8965,33,M,22.3,0,0,0,0,0,0,0,0,0,0,0,0,0,N/A,normal,0,0,none,not_tb,0,not_applicable
8966,20,M,19.1,0,0,0,1,0,1,0,0,1,1,2,1,1,not_detected,pleural_effusion,1,1,pulmonary,smear_positive_ptb,0,cured
8967,61,M,29.7,0,0,0,0,0,0,0,0,0,0,0,0,0,N/A,normal,0,0,none,not_tb,0,not_applicable
8968,37,M,20.8,0,0,0,0,0,0,0,0,0,0,0,0,0,N/A,normal,0,0,none,not_tb,0,not_applicable
8969,57,F,20.3,1,0,0,0,0,1,0,0,0,0,1,0,1,not_detected,infiltrate,1,1,pulmonary,smear_negative_ptb,0,cured
8970,46,M,21.6,0,0,0,0,0,0,0,0,0,0,0,0,0,N/A,old_tb_scar,1,0,none,not_tb,0,not_applicable
8971,52,F,19.5,1,0,0,0,0,0,0,0,0,0,0,0,0,N/A,normal,0,0,none,not_tb,0,not_applicable
8972,26,M,25.0,1,0,0,0,0,0,0,0,0,0,0,0,0,N/A,infiltrate,1,0,none,not_tb,0,not_applicable
8973,55,F,23.2,1,1,3,1,0,1,0,0,0,0,3,1,1,not_detected,infiltrate,1,1,pulmonary,smear_positive_ptb,0,cured
8974,50,M,19.2,0,1,5,1,0,1,0,1,1,0,3,1,1,not_detected,cavity,1,1,pulmonary,smear_positive_ptb,0,completed
8975,55,M,19.6,1,0,0,0,0,0,0,0,0,0,0,0,0,N/A,other_pathology,1,0,none,not_tb,0,not_applicable
8976,15,M,23.6,1,0,0,0,0,0,0,0,0,1,0,0,0,N/A,normal,0,0,none,not_tb,0,not_applicable
8977,28,M,19.2,0,1,9,0,0,0,0,0,1,0,1,0,1,not_detected,infiltrate,1,1,extrapulmonary,extrapulmonary_tb,0,cured
8978,23,F,24.0,1,1,8,0,1,0,0,1,1,1,2,1,1,not_detected,cavity,1,1,pulmonary,smear_positive_ptb,0,died
8979,54,F,20.4,0,0,0,1,1,1,1,0,1,0,3,0,0,N/A,infiltrate,1,1,pulmonary,smear_negative_ptb,0,cured
8980,63,F,18.7,0,0,0,0,0,0,0,0,0,0,0,0,0,N/A,infiltrate,1,0,none,not_tb,0,not_applicable
8981,28,M,26.5,0,0,0,0,0,0,0,1,0,0,0,0,0,N/A,normal,0,0,none,not_tb,0,not_applicable
8982,38,M,20.4,1,1,12,1,0,1,0,1,0,0,3,0,0,N/A,infiltrate,1,1,extrapulmonary,extrapulmonary_tb,0,failed
8983,30,F,20.8,1,1,5,1,1,1,0,1,1,0,4,1,1,not_detected,infiltrate,1,1,pulmonary,smear_positive_ptb,0,cured
8984,32,F,23.6,0,0,0,0,0,0,0,0,0,0,0,0,0,N/A,old_tb_scar,1,0,none,not_tb,0,not_applicable
8985,51,F,25.5,0,0,0,0,0,0,0,0,0,0,0,0,0,N/A,infiltrate,1,0,none,not_tb,0,not_applicable
8986,37,F,23.5,1,0,0,0,0,1,0,1,1,0,1,0,0,N/A,normal,0,0,none,not_tb,0,not_applicable
8987,36,M,17.9,0,1,5,1,1,0,0,1,1,0,3,0,1,not_detected,miliary,1,1,pulmonary,smear_negative_ptb,0,cured
8988,43,F,18.8,0,1,5,0,1,0,0,1,1,1,2,1,1,not_detected,cavity,1,1,pulmonary,smear_positive_ptb,0,cured
8989,43,M,21.6,1,0,0,0,0,0,0,0,0,0,0,0,0,N/A,normal,0,0,none,not_tb,0,not_applicable
8990,72,M,23.2,0,0,0,0,0,0,0,0,0,1,0,0,0,N/A,normal,0,0,none,not_tb,0,not_applicable
8991,45,F,22.3,0,0,0,0,0,0,0,0,1,1,0,0,0,N/A,normal,0,0,none,not_tb,0,not_applicable
8992,32,M,20.9,0,0,0,1,0,0,0,0,0,0,1,0,0,N/A,normal,0,0,none,not_tb,0,not_applicable
8993,21,M,21.4,0,0,0,0,0,0,0,1,0,0,0,0,0,N/A,old_tb_scar,1,0,none,not_tb,0,not_applicable
8994,44,M,18.5,0,1,6,1,1,1,0,0,1,1,4,1,1,not_detected,infiltrate,1,1,pulmonary,smear_positive_ptb,0,died
8995,20,M,15.8,0,0,0,0,0,1,0,1,0,0,1,0,0,N/A,normal,0,0,none,not_tb,0,not_applicable
8996,44,F,21.1,0,0,0,1,1,0,0,0,1,0,2,0,1,not_detected,infiltrate,1,1,pulmonary,smear_negative_ptb,0,completed
8997,32,F,23.2,0,0,0,0,0,0,0,0,1,0,0,0,0,N/A,old_tb_scar,1,0,none,not_tb,0,not_applicable
8998,29,M,19.9,0,0,0,0,0,0,0,0,0,0,0,0,0,N/A,normal,0,0,none,not_tb,0,not_applicable
8999,25,F,24.1,0,0,0,1,0,0,0,0,0,0,1,0,0,N/A,normal,0,0,none,not_tb,0,not_applicable
9000,33,F,20.2,1,0,0,0,0,0,0,0,0,0,0,0,0,N/A,infiltrate,1,0,none,not_tb,0,not_applicable
9001,55,F,20.2,0,0,0,0,0,0,0,0,1,0,0,0,0,N/A,normal,0,0,none,not_tb,0,not_applicable
9002,43,M,23.3,0,0,0,1,0,0,0,1,1,0,1,0,0,N/A,normal,0,0,none,not_tb,0,not_applicable
9003,30,M,22.1,1,1,6,1,0,1,0,0,0,0,3,0,1,detected,normal,0,1,extrapulmonary,extrapulmonary_tb,1,cured
9004,35,M,23.0,0,0,0,0,0,0,0,0,0,0,0,0,0,N/A,normal,0,0,none,not_tb,0,not_applicable
9005,36,M,19.3,0,0,0,0,0,0,0,0,1,0,0,0,0,N/A,normal,0,0,none,not_tb,0,not_applicable
9006,38,F,20.8,0,0,0,0,0,0,0,0,0,0,0,0,0,N/A,normal,0,0,none,not_tb,0,not_applicable
9007,48,M,25.0,0,0,0,0,0,0,0,1,0,0,0,0,0,N/A,other_pathology,1,0,none,not_tb,0,not_applicable
9008,19,M,19.5,1,1,7,1,0,1,0,1,1,1,3,0,1,not_detected,cavity,1,1,pulmonary,smear_negative_ptb,0,completed
9009,60,F,25.4,0,0,0,0,0,1,0,0,0,0,1,0,0,N/A,normal,0,0,none,not_tb,0,not_applicable
9010,36,M,23.4,1,0,0,1,0,0,0,0,0,0,1,0,0,N/A,other_pathology,1,0,none,not_tb,0,not_applicable
9011,40,M,20.4,0,1,7,0,0,1,0,0,0,0,2,1,1,not_detected,infiltrate,1,1,pulmonary,smear_positive_ptb,0,cured
9012,30,F,29.0,0,0,0,0,0,1,0,0,0,1,1,1,0,N/A,normal,0,0,none,not_tb,0,not_applicable
9013,32,F,17.3,0,0,0,0,0,0,0,0,0,0,0,0,0,N/A,normal,0,0,none,not_tb,0,not_applicable
9014,27,M,24.5,1,1,9,1,1,0,0,1,1,1,3,0,1,not_detected,normal,0,1,pulmonary,smear_negative_ptb,0,died
9015,53,F,25.3,0,0,0,0,0,0,0,0,0,0,0,0,0,N/A,normal,0,0,none,not_tb,0,not_applicable
9016,29,F,31.2,0,0,0,0,0,1,0,0,0,0,1,0,0,N/A,normal,0,0,none,not_tb,0,not_applicable
9017,34,F,18.6,1,0,0,1,0,0,0,0,0,0,1,0,0,N/A,old_tb_scar,1,0,none,not_tb,0,not_applicable
9018,31,M,19.5,1,1,3,1,0,1,1,0,1,1,3,0,1,detected,infiltrate,1,1,pulmonary,smear_negative_ptb,1,failed
9019,43,F,18.9,1,1,5,1,0,0,0,0,0,0,2,1,1,not_detected,normal,0,1,pulmonary,smear_positive_ptb,0,cured
9020,22,F,25.1,0,0,0,1,0,0,1,0,1,0,1,0,0,N/A,normal,0,0,none,not_tb,0,not_applicable
9021,41,M,23.6,0,0,0,0,0,0,0,0,0,0,0,0,0,N/A,old_tb_scar,1,0,none,not_tb,0,not_applicable
9022,28,F,23.3,0,0,0,0,0,0,0,0,0,0,0,0,0,N/A,normal,0,0,none,not_tb,0,not_applicable
9023,27,F,24.7,0,0,0,0,0,0,0,0,1,0,0,0,0,N/A,normal,0,0,none,not_tb,0,not_applicable
9024,29,M,18.2,0,1,6,0,1,1,1,0,1,0,3,1,1,not_detected,infiltrate,1,1,pulmonary,smear_positive_ptb,0,cured
9025,54,F,20.2,0,0,0,0,0,0,0,0,0,0,0,0,0,N/A,normal,0,0,none,not_tb,0,not_applicable
9026,35,M,23.6,1,0,0,1,0,0,0,0,0,0,1,0,1,not_detected,old_tb_scar,1,0,none,not_tb,0,not_applicable
9027,56,F,17.2,1,0,0,1,1,1,1,0,0,0,3,0,1,not_detected,miliary,1,1,pulmonary,smear_negative_ptb,0,completed
9028,20,F,18.2,1,1,3,1,1,0,0,1,0,0,3,0,1,not_detected,infiltrate,1,1,pulmonary,smear_negative_ptb,0,cured
9029,38,M,17.0,0,0,0,0,0,0,0,0,0,0,0,0,0,N/A,normal,0,0,none,not_tb,0,not_applicable
9030,32,M,22.2,0,0,0,0,0,0,0,0,0,0,0,0,1,not_detected,normal,0,0,none,not_tb,0,not_applicable
9031,31,M,18.7,0,0,0,0,0,0,0,0,0,0,0,1,0,N/A,normal,0,0,none,not_tb,0,not_applicable
9032,37,F,21.9,0,0,0,0,0,1,0,0,1,1,1,0,0,N/A,normal,0,0,none,not_tb,0,not_applicable
9033,19,M,18.2,0,0,0,0,0,0,0,0,0,0,0,0,0,N/A,infiltrate,1,0,none,not_tb,0,not_applicable
9034,45,F,21.9,0,1,2,0,0,0,0,0,1,0,1,0,0,N/A,normal,0,0,none,not_tb,0,not_applicable
9035,47,M,25.1,0,1,2,0,0,0,0,0,1,0,1,0,0,N/A,infiltrate,1,0,none,not_tb,0,not_applicable
9036,51,M,19.9,0,0,0,0,0,0,0,0,0,0,0,0,0,N/A,infiltrate,1,0,none,not_tb,0,not_applicable
9037,38,F,16.2,1,1,4,1,1,1,0,0,1,0,4,1,1,not_detected,infiltrate,1,1,pulmonary,smear_positive_ptb,0,cured
9038,47,M,20.5,0,0,0,1,0,1,0,0,1,1,2,1,1,not_detected,normal,0,1,pulmonary,smear_positive_ptb,0,cured
9039,26,M,25.2,0,0,0,0,0,0,0,0,0,0,0,0,0,N/A,old_tb_scar,1,0,none,not_tb,0,not_applicable
9040,60,M,23.5,0,0,0,0,0,1,0,0,0,0,1,0,0,N/A,normal,0,0,none,not_tb,0,not_applicable
9041,30,M,20.4,0,0,0,0,1,0,1,0,0,0,1,0,0,N/A,normal,0,0,none,not_tb,0,not_applicable
9042,39,M,19.8,0,1,2,0,0,0,0,0,0,0,1,0,0,N/A,old_tb_scar,1,0,none,not_tb,0,not_applicable
9043,16,M,20.8,0,0,0,0,0,0,0,0,0,0,0,0,0,N/A,normal,0,0,none,not_tb,0,not_applicable
9044,34,F,18.4,1,1,5,1,1,0,0,0,1,0,3,0,1,not_detected,cavity,1,1,pulmonary,smear_negative_ptb,0,completed
9045,21,M,16.0,0,0,0,0,0,0,0,0,1,0,0,0,0,N/A,infiltrate,1,0,none,not_tb,0,not_applicable
9046,32,M,18.6,0,0,0,0,0,0,0,0,0,0,0,0,0,N/A,other_pathology,1,0,none,not_tb,0,not_applicable
9047,39,M,26.4,1,0,0,1,0,0,0,1,0,0,1,0,0,N/A,normal,0,0,none,not_tb,0,not_applicable
9048,28,M,22.7,0,0,0,0,0,0,0,0,0,0,0,0,0,N/A,other_pathology,1,0,none,not_tb,0,not_applicable
9049,41,F,26.3,0,0,0,0,0,0,0,0,0,0,0,0,0,N/A,normal,0,0,none,not_tb,0,not_applicable
9050,52,M,21.0,0,1,4,0,0,0,0,0,1,1,1,1,1,not_detected,miliary,1,1,pulmonary,smear_positive_ptb,0,completed
9051,22,M,17.7,1,1,4,1,1,0,0,1,1,0,3,1,1,not_detected,infiltrate,1,1,pulmonary,smear_positive_ptb,0,cured
9052,33,F,17.8,0,1,7,0,1,0,0,0,1,1,2,0,1,not_detected,pleural_effusion,1,1,pulmonary,smear_negative_ptb,0,cured
9053,36,F,25.4,0,0,0,0,0,0,0,0,0,0,0,0,0,N/A,normal,0,0,none,not_tb,0,not_applicable
9054,48,F,24.7,1,1,4,0,0,0,0,0,0,0,1,0,0,N/A,normal,0,0,none,not_tb,0,not_applicable
9055,36,F,25.5,0,0,0,1,0,0,0,0,0,0,1,0,0,N/A,normal,0,0,none,not_tb,0,not_applicable
9056,42,F,22.0,0,0,0,0,0,0,1,0,0,1,0,0,0,N/A,old_tb_scar,1,0,none,not_tb,0,not_applicable
9057,29,F,18.9,1,0,0,0,0,0,1,0,1,1,0,0,1,not_detected,cavity,1,1,pulmonary,smear_negative_ptb,0,cured
9058,41,F,17.9,0,1,9,1,0,0,1,1,0,0,2,1,1,not_detected,infiltrate,1,1,pulmonary,smear_positive_ptb,0,cured
9059,63,M,18.4,0,1,2,1,0,0,0,1,0,0,2,1,1,not_detected,infiltrate,1,1,pulmonary,smear_positive_ptb,0,cured
9060,24,F,19.6,0,0,0,0,0,0,0,0,1,0,0,0,0,N/A,normal,0,0,none,not_tb,0,not_applicable
9061,34,F,18.3,0,1,4,0,1,1,0,1,0,0,3,1,1,not_detected,infiltrate,1,1,extrapulmonary,extrapulmonary_tb,0,cured
9062,23,F,18.1,0,1,8,1,0,0,0,1,1,1,2,1,1,not_detected,infiltrate,1,1,pulmonary,smear_positive_ptb,0,cured
9063,40,M,17.4,0,1,5,0,0,0,0,0,1,1,1,1,1,not_detected,infiltrate,1,1,pulmonary,smear_positive_ptb,0,cured
9064,20,F,20.5,1,1,6,0,0,1,0,1,1,0,2,0,1,not_detected,infiltrate,1,1,pulmonary,smear_negative_ptb,0,cured
9065,29,M,17.1,0,0,0,0,0,1,0,0,1,0,1,0,0,N/A,normal,0,0,none,not_tb,0,not_applicable
9066,49,F,23.2,0,0,0,0,0,0,0,0,0,0,0,0,0,N/A,normal,0,0,none,not_tb,0,not_applicable
9067,25,M,18.8,0,0,0,0,0,0,0,0,0,0,0,0,0,N/A,normal,0,0,none,not_tb,0,not_applicable
9068,61,F,19.0,0,0,0,0,0,0,0,1,0,0,0,0,0,N/A,normal,0,0,none,not_tb,0,not_applicable
9069,43,F,19.3,0,0,0,1,0,1,0,0,0,0,2,0,0,N/A,normal,0,0,none,not_tb,0,not_applicable
9070,31,M,23.6,0,0,0,1,0,0,0,0,0,0,1,0,0,N/A,normal,0,0,none,not_tb,0,not_applicable
9071,40,M,14.1,0,1,6,0,0,0,0,0,0,0,1,0,0,N/A,normal,0,0,none,not_tb,0,not_applicable
9072,45,M,22.6,0,0,0,0,0,0,0,0,0,1,0,0,0,N/A,normal,0,0,none,not_tb,0,not_applicable
9073,25,F,18.6,0,1,2,1,0,1,1,0,1,0,3,0,1,not_detected,pleural_effusion,1,1,pulmonary,smear_negative_ptb,0,cured
9074,34,F,18.6,1,0,0,0,0,0,1,0,0,0,0,0,0,N/A,normal,0,0,none,not_tb,0,not_applicable
9075,26,F,19.0,1,1,6,0,0,1,0,1,1,1,2,1,1,not_detected,normal,0,1,pulmonary,smear_positive_ptb,0,cured
9076,38,M,15.5,0,1,6,1,0,1,0,0,1,0,3,0,1,detected,infiltrate,1,1,pulmonary,smear_negative_ptb,1,died
9077,49,F,21.8,0,0,0,0,0,0,0,0,0,1,0,0,1,not_detected,normal,0,0,none,not_tb,0,not_applicable
9078,37,F,15.4,1,1,5,1,1,1,0,0,1,0,4,1,1,not_detected,infiltrate,1,1,pulmonary,smear_positive_ptb,0,cured
9079,49,M,29.2,0,0,0,0,0,0,0,0,0,0,0,0,0,N/A,other_pathology,1,0,none,not_tb,0,not_applicable
9080,48,M,25.0,0,0,0,0,0,0,0,0,0,0,0,0,0,N/A,normal,0,0,none,not_tb,0,not_applicable
9081,51,M,22.9,0,0,0,1,0,0,0,0,1,0,1,0,0,N/A,normal,0,0,none,not_tb,0,not_applicable
9082,41,M,16.1,0,1,7,1,1,1,0,0,0,0,4,0,1,not_detected,infiltrate,1,1,extrapulmonary,extrapulmonary_tb,0,completed
9083,29,M,21.0,1,0,0,0,0,1,0,0,0,0,1,0,0,N/A,old_tb_scar,1,0,none,not_tb,0,not_applicable
9084,41,M,17.9,0,1,11,1,1,1,0,1,1,0,4,1,1,not_detected,infiltrate,1,1,pulmonary,smear_positive_ptb,0,completed
9085,35,M,22.8,0,1,5,1,0,0,0,0,1,0,2,0,0,N/A,normal,0,0,none,not_tb,0,not_applicable
9086,39,M,23.4,0,0,0,0,0,0,0,0,0,0,0,0,0,N/A,normal,0,0,none,not_tb,0,not_applicable
9087,35,M,19.1,0,1,5,1,1,0,0,0,1,0,3,1,1,detected,infiltrate,1,1,pulmonary,smear_positive_ptb,1,cured
9088,22,F,19.4,1,1,6,1,1,1,0,1,0,1,4,1,1,not_detected,pleural_effusion,1,1,pulmonary,smear_positive_ptb,0,completed
9089,50,M,21.4,0,0,0,0,0,0,0,0,0,0,0,0,0,N/A,old_tb_scar,1,0,none,not_tb,0,not_applicable
9090,48,M,23.2,0,0,0,0,0,0,0,0,1,0,0,0,0,N/A,normal,0,0,none,not_tb,0,not_applicable
9091,39,F,16.9,0,1,6,0,0,1,0,1,1,1,2,0,1,not_detected,pleural_effusion,1,1,extrapulmonary,extrapulmonary_tb,0,completed
9092,39,M,15.8,1,0,0,1,1,0,0,1,1,1,2,1,0,N/A,normal,0,1,extrapulmonary,extrapulmonary_tb,0,cured
9093,28,M,23.1,0,1,10,1,0,0,0,0,1,1,2,1,1,not_detected,infiltrate,1,1,pulmonary,smear_positive_ptb,0,failed
9094,46,M,23.5,1,0,0,0,0,0,0,0,0,1,0,0,0,N/A,normal,0,0,none,not_tb,0,not_applicable
9095,48,M,23.0,0,1,7,1,0,1,0,0,1,1,3,0,0,N/A,pleural_effusion,1,1,pulmonary,smear_negative_ptb,0,cured
9096,39,F,17.8,0,1,5,0,1,1,0,1,1,0,3,1,1,not_detected,infiltrate,1,1,pulmonary,smear_positive_ptb,0,cured
9097,19,M,30.4,0,1,2,0,0,0,0,0,1,0,1,0,0,N/A,infiltrate,1,0,none,not_tb,0,not_applicable
9098,39,M,22.3,1,0,0,1,0,0,0,0,0,0,1,0,0,N/A,old_tb_scar,1,0,none,not_tb,0,not_applicable
9099,63,M,21.4,0,1,3,1,1,1,0,0,1,1,4,1,1,not_detected,infiltrate,1,1,pulmonary,smear_positive_ptb,0,cured
9100,39,F,22.1,1,0,0,0,0,0,0,0,1,0,0,0,0,N/A,normal,0,0,none,not_tb,0,not_applicable
9101,38,M,18.9,0,1,4,1,0,0,0,1,1,1,2,1,1,not_detected,cavity,1,1,pulmonary,smear_positive_ptb,0,completed
9102,44,M,21.6,0,0,0,1,0,0,0,0,0,0,1,0,0,N/A,old_tb_scar,1,0,none,not_tb,0,not_applicable
9103,27,M,20.3,0,0,0,0,0,0,0,0,1,0,0,1,0,N/A,normal,0,0,none,not_tb,0,not_applicable
9104,46,F,25.4,1,0,0,0,0,0,0,1,0,0,0,0,0,N/A,normal,0,0,none,not_tb,0,not_applicable
9105,28,F,22.0,1,0,0,0,0,0,0,0,0,0,0,0,0,N/A,infiltrate,1,0,none,not_tb,0,not_applicable
9106,35,F,20.6,0,1,6,1,0,0,0,0,0,0,2,0,1,not_detected,infiltrate,1,1,pulmonary,smear_negative_ptb,0,cured
9107,52,M,25.2,0,0,0,1,0,0,0,0,0,0,1,0,0,N/A,normal,0,0,none,not_tb,0,not_applicable
9108,36,M,22.0,0,0,0,1,1,0,0,1,0,1,2,1,1,not_detected,normal,0,1,pulmonary,smear_positive_ptb,0,cured
9109,28,F,19.6,1,1,3,1,0,0,0,0,0,1,2,1,1,not_detected,cavity,1,1,pulmonary,smear_positive_ptb,0,died
9110,42,M,16.7,1,0,0,0,0,0,0,1,0,0,0,0,0,N/A,other_pathology,1,0,none,not_tb,0,not_applicable
9111,25,F,17.7,1,1,7,0,0,0,0,0,1,1,1,1,0,N/A,infiltrate,1,1,pulmonary,smear_positive_ptb,0,cured
9112,59,M,21.9,0,0,0,0,0,0,0,1,0,1,0,0,0,N/A,normal,0,0,none,not_tb,0,not_applicable
9113,31,M,18.5,0,1,6,1,1,0,1,1,1,1,3,1,1,not_detected,infiltrate,1,1,pulmonary,smear_positive_ptb,0,cured
9114,33,M,26.6,1,0,0,0,1,0,0,0,0,1,1,0,0,N/A,normal,0,0,none,not_tb,0,not_applicable
9115,55,M,26.0,1,0,0,0,0,0,0,1,0,0,0,0,0,N/A,normal,0,0,none,not_tb,0,not_applicable
9116,39,F,21.5,0,0,0,1,0,0,0,0,0,1,1,0,0,N/A,normal,0,0,none,not_tb,0,not_applicable
9117,29,M,24.6,1,1,4,1,0,0,1,0,0,0,2,0,0,N/A,infiltrate,1,1,extrapulmonary,extrapulmonary_tb,0,cured
9118,38,M,20.8,0,0,0,0,0,0,0,1,0,0,0,0,0,N/A,other_pathology,1,0,none,not_tb,0,not_applicable
9119,33,F,21.1,1,0,0,0,0,0,0,0,0,0,0,0,0,N/A,normal,0,0,none,not_tb,0,not_applicable
9120,39,F,15.8,0,1,8,0,0,0,0,1,0,0,1,0,0,N/A,pleural_effusion,1,1,pulmonary,smear_negative_ptb,0,cured
9121,55,F,16.5,0,0,0,0,0,0,0,0,0,0,0,0,0,N/A,old_tb_scar,1,0,none,not_tb,0,not_applicable
9122,16,F,17.9,0,0,0,0,0,0,0,1,1,0,0,0,1,not_detected,normal,0,0,none,not_tb,0,not_applicable
9123,32,F,21.0,1,1,4,0,1,1,0,0,1,1,3,0,1,not_detected,infiltrate,1,1,pulmonary,smear_negative_ptb,0,cured
9124,31,M,20.4,1,0,0,1,0,1,0,0,0,0,2,0,0,N/A,normal,0,1,extrapulmonary,extrapulmonary_tb,0,cured
9125,20,F,18.9,0,0,0,0,0,0,0,0,0,0,0,0,0,N/A,normal,0,0,none,not_tb,0,not_applicable
9126,27,F,18.7,1,1,3,0,1,1,0,1,1,0,3,1,1,not_detected,pleural_effusion,1,1,extrapulmonary,extrapulmonary_tb,0,cured
9127,19,M,24.8,0,0,0,0,0,0,1,1,0,1,0,0,0,N/A,normal,0,0,none,not_tb,0,not_applicable
9128,39,F,14.9,1,0,0,0,0,1,0,0,0,0,1,0,0,N/A,normal,0,0,none,not_tb,0,not_applicable
9129,42,M,22.9,0,1,10,1,0,1,0,0,1,0,3,1,1,not_detected,infiltrate,1,1,pulmonary,smear_positive_ptb,0,cured
9130,28,F,25.7,0,0,0,0,0,0,0,0,0,0,0,0,0,N/A,other_pathology,1,0,none,not_tb,0,not_applicable
9131,35,M,24.8,0,1,2,1,0,0,0,1,0,0,2,0,0,N/A,old_tb_scar,1,0,none,not_tb,0,not_applicable
9132,43,F,26.2,0,0,0,0,0,0,0,0,1,0,0,0,0,N/A,other_pathology,1,0,none,not_tb,0,not_applicable
9133,46,M,14.9,0,1,2,0,0,0,0,0,0,1,1,0,0,N/A,normal,0,0,none,not_tb,0,not_applicable
9134,46,F,21.2,0,0,0,0,1,0,0,0,0,0,1,0,0,N/A,old_tb_scar,1,0,none,not_tb,0,not_applicable
9135,43,M,26.4,0,0,0,0,0,0,0,0,0,0,0,0,0,N/A,normal,0,0,none,not_tb,0,not_applicable
9136,30,F,22.0,0,0,0,0,1,0,0,0,0,0,1,0,0,N/A,normal,0,0,none,not_tb,0,not_applicable
9137,75,M,24.6,0,1,4,0,0,1,0,0,0,0,2,0,0,N/A,normal,0,0,none,not_tb,0,not_applicable
9138,36,F,22.1,1,1,2,1,0,1,0,1,1,0,3,0,1,not_detected,infiltrate,1,1,pulmonary,smear_negative_ptb,0,cured
9139,28,M,24.5,0,0,0,0,1,0,0,1,1,0,1,0,0,N/A,normal,0,0,none,not_tb,0,not_applicable
9140,42,M,21.1,0,1,2,0,0,0,0,0,0,0,1,0,0,N/A,infiltrate,1,0,none,not_tb,0,not_applicable
9141,29,M,24.0,0,0,0,0,0,0,0,0,0,0,0,0,0,N/A,normal,0,0,none,not_tb,0,not_applicable
9142,61,F,16.2,0,0,0,0,0,1,0,0,0,0,1,0,0,N/A,normal,0,0,none,not_tb,0,not_applicable
9143,55,M,19.7,0,1,3,1,1,1,0,1,1,1,4,0,1,not_detected,pleural_effusion,1,1,pulmonary,smear_negative_ptb,0,cured
9144,31,F,24.6,0,0,0,1,0,0,0,0,0,1,1,0,0,N/A,old_tb_scar,1,0,none,not_tb,0,not_applicable
9145,50,M,22.5,0,0,0,0,0,0,0,0,0,0,0,0,0,N/A,normal,0,0,none,not_tb,0,not_applicable
9146,45,F,26.1,0,0,0,1,0,0,0,1,0,0,1,0,1,not_detected,normal,0,0,none,not_tb,0,not_applicable
9147,33,M,19.2,0,1,3,1,0,0,0,0,0,1,2,1,1,not_detected,infiltrate,1,1,pulmonary,smear_positive_ptb,0,cured
9148,33,M,22.5,0,0,0,0,0,0,0,0,0,0,0,0,0,N/A,normal,0,0,none,not_tb,0,not_applicable
9149,41,M,23.1,1,1,7,1,0,1,0,0,1,1,3,1,1,not_detected,cavity,1,1,pulmonary,smear_positive_ptb,0,died
9150,21,M,18.6,0,0,0,0,0,0,0,0,0,0,0,1,1,not_detected,infiltrate,1,0,none,not_tb,0,not_applicable
9151,51,M,26.9,0,0,0,0,0,0,0,0,0,0,0,0,0,N/A,other_pathology,1,0,none,not_tb,0,not_applicable
9152,33,M,21.8,1,0,0,1,0,0,0,1,1,0,1,1,1,not_detected,infiltrate,1,1,pulmonary,smear_positive_ptb,0,died
9153,40,M,25.0,0,0,0,0,0,0,0,0,0,0,0,0,0,N/A,infiltrate,1,0,none,not_tb,0,not_applicable
9154,52,F,20.6,0,0,0,1,0,0,0,0,1,0,1,0,0,N/A,normal,0,0,none,not_tb,0,not_applicable
9155,45,M,23.2,0,0,0,0,0,0,0,0,0,0,0,0,0,N/A,normal,0,0,none,not_tb,0,not_applicable
9156,43,F,16.5,0,1,5,1,0,1,0,1,1,0,3,1,1,not_detected,pleural_effusion,1,1,pulmonary,smear_positive_ptb,0,cured
9157,23,M,20.0,0,1,2,0,0,0,0,0,0,0,1,0,0,N/A,normal,0,0,none,not_tb,0,not_applicable
9158,22,M,22.5,1,0,0,0,0,0,0,0,1,0,0,1,0,N/A,normal,0,0,none,not_tb,0,not_applicable
9159,54,M,18.9,0,0,0,0,0,0,0,0,0,0,0,0,0,N/A,old_tb_scar,1,0,none,not_tb,0,not_applicable
9160,24,M,21.2,0,0,0,1,0,0,0,0,0,0,1,0,0,N/A,normal,0,0,none,not_tb,0,not_applicable
9161,55,M,18.1,0,0,0,0,0,0,0,0,0,0,0,0,0,N/A,normal,0,0,none,not_tb,0,not_applicable
9162,27,F,24.3,1,0,0,0,1,0,0,1,0,0,1,0,0,N/A,other_pathology,1,0,none,not_tb,0,not_applicable
9163,32,F,22.6,1,0,0,1,1,1,0,0,1,1,3,1,1,not_detected,infiltrate,1,1,pulmonary,smear_positive_ptb,0,cured
9164,42,M,24.0,0,1,4,1,1,1,0,0,0,0,4,1,1,not_detected,infiltrate,1,1,pulmonary,smear_positive_ptb,0,cured
9165,64,M,15.9,0,1,4,1,1,0,0,0,0,0,3,0,1,detected,cavity,1,1,pulmonary,smear_negative_ptb,1,died
9166,36,M,16.4,0,1,5,1,1,0,0,1,1,0,3,0,0,N/A,infiltrate,1,1,pulmonary,smear_negative_ptb,0,completed
9167,31,F,21.8,0,0,0,1,0,0,0,1,0,0,1,0,0,N/A,normal,0,0,none,not_tb,0,not_applicable
9168,23,M,24.9,0,0,0,0,0,0,0,0,0,1,0,0,0,N/A,normal,0,0,none,not_tb,0,not_applicable
9169,37,M,21.7,0,0,0,0,0,0,0,0,0,0,0,0,0,N/A,old_tb_scar,1,0,none,not_tb,0,not_applicable
9170,40,M,25.8,0,0,0,1,0,0,0,0,1,0,1,0,0,N/A,normal,0,0,none,not_tb,0,not_applicable
9171,45,M,20.1,0,1,5,1,0,0,0,0,1,0,2,0,1,not_detected,normal,0,1,pulmonary,smear_negative_ptb,0,completed
9172,43,F,14.4,1,1,4,1,1,0,0,0,1,0,3,1,1,detected,infiltrate,1,1,pulmonary,smear_positive_ptb,1,cured
9173,20,M,18.9,0,1,9,1,1,0,1,0,1,0,3,1,1,not_detected,miliary,1,1,pulmonary,smear_positive_ptb,0,cured
9174,37,M,18.1,0,0,0,0,0,0,0,0,0,0,0,0,0,N/A,old_tb_scar,1,0,none,not_tb,0,not_applicable
9175,40,F,17.4,1,1,10,1,1,1,0,0,0,0,4,1,1,not_detected,pleural_effusion,1,1,pulmonary,smear_positive_ptb,0,lost_to_followup
9176,63,F,17.8,0,1,7,1,1,1,0,0,1,1,4,0,1,not_detected,infiltrate,1,1,pulmonary,smear_negative_ptb,0,cured
9177,35,M,20.6,1,0,0,1,1,1,0,0,0,0,3,0,0,N/A,normal,0,1,extrapulmonary,extrapulmonary_tb,0,cured
9178,46,M,22.3,0,1,2,0,0,0,0,0,0,0,1,0,0,N/A,other_pathology,1,0,none,not_tb,0,not_applicable
9179,20,F,17.6,1,0,0,0,1,1,1,0,1,1,2,0,1,not_detected,infiltrate,1,1,pulmonary,smear_negative_ptb,0,cured
9180,34,M,24.0,0,1,4,1,1,0,0,0,1,1,3,0,0,N/A,pleural_effusion,1,1,extrapulmonary,extrapulmonary_tb,0,lost_to_followup
9181,34,M,19.3,0,0,0,0,0,0,0,1,0,0,0,0,0,N/A,other_pathology,1,0,none,not_tb,0,not_applicable
9182,43,M,19.5,1,1,2,1,1,0,0,1,1,1,3,0,1,detected,normal,0,1,extrapulmonary,extrapulmonary_tb,1,died
9183,48,M,24.7,0,0,0,0,0,0,0,0,0,0,0,0,0,N/A,normal,0,0,none,not_tb,0,not_applicable
9184,34,F,23.0,0,0,0,0,0,0,0,0,0,0,0,0,0,N/A,other_pathology,1,0,none,not_tb,0,not_applicable
9185,43,F,16.5,0,1,3,1,0,1,0,1,0,1,3,1,1,not_detected,normal,0,1,extrapulmonary,extrapulmonary_tb,0,cured
9186,42,F,19.1,0,1,6,0,0,0,0,0,0,0,1,0,0,N/A,normal,0,0,none,not_tb,0,not_applicable
9187,48,F,20.3,0,0,0,0,1,0,0,1,1,1,1,0,0,N/A,normal,0,1,pulmonary,smear_negative_ptb,0,completed
9188,36,F,26.0,0,0,0,0,1,0,0,0,1,0,1,0,0,N/A,normal,0,0,none,not_tb,0,not_applicable
9189,45,F,22.2,0,0,0,0,0,0,0,0,0,0,0,0,0,N/A,normal,0,0,none,not_tb,0,not_applicable
9190,36,F,17.8,0,0,0,0,0,0,0,1,0,0,0,0,0,N/A,normal,0,0,none,not_tb,0,not_applicable
9191,37,M,18.8,0,0,0,1,0,0,0,1,1,0,1,0,0,N/A,pleural_effusion,1,1,extrapulmonary,extrapulmonary_tb,0,cured
9192,58,M,27.7,0,0,0,0,0,0,0,0,1,0,0,0,0,N/A,normal,0,0,none,not_tb,0,not_applicable
9193,59,M,18.9,0,0,0,0,0,0,0,0,0,0,0,0,0,N/A,other_pathology,1,0,none,not_tb,0,not_applicable
9194,28,M,21.3,0,0,0,1,0,0,0,0,0,1,1,0,0,N/A,normal,0,0,none,not_tb,0,not_applicable
9195,40,M,22.6,0,0,0,0,0,1,0,0,0,0,1,0,0,N/A,normal,0,0,none,not_tb,0,not_applicable
9196,25,M,21.5,1,0,0,0,0,0,0,0,1,0,0,0,1,not_detected,cavity,1,1,pulmonary,smear_negative_ptb,0,cured
9197,22,M,20.5,0,0,0,0,0,0,0,0,1,0,0,0,0,N/A,old_tb_scar,1,0,none,not_tb,0,not_applicable
9198,41,M,24.1,0,0,0,0,0,0,0,1,0,0,0,0,0,N/A,old_tb_scar,1,0,none,not_tb,0,not_applicable
9199,45,M,27.3,0,0,0,0,0,0,0,0,0,0,0,0,0,N/A,other_pathology,1,0,none,not_tb,0,not_applicable
9200,30,M,17.2,0,1,2,1,0,0,0,0,0,0,2,0,0,N/A,normal,0,0,none,not_tb,0,not_applicable
9201,70,M,17.8,0,0,0,0,0,0,0,0,1,0,0,0,0,N/A,infiltrate,1,0,none,not_tb,0,not_applicable
9202,32,F,22.1,1,0,0,0,0,0,0,0,0,0,0,0,0,N/A,old_tb_scar,1,0,none,not_tb,0,not_applicable
9203,24,M,25.8,0,0,0,0,0,0,0,0,1,0,0,0,0,N/A,normal,0,0,none,not_tb,0,not_applicable
9204,27,M,23.6,0,1,2,0,0,0,0,0,1,0,1,0,0,N/A,normal,0,0,none,not_tb,0,not_applicable
9205,45,M,21.5,0,1,5,1,1,1,0,1,1,1,4,0,1,not_detected,infiltrate,1,1,pulmonary,smear_negative_ptb,0,cured
9206,40,F,16.4,1,0,0,0,0,0,0,0,1,0,0,0,0,N/A,normal,0,0,none,not_tb,0,not_applicable
9207,42,F,23.6,0,0,0,0,0,0,0,0,0,0,0,0,0,N/A,normal,0,0,none,not_tb,0,not_applicable
9208,39,M,12.4,0,0,0,0,0,0,0,0,0,0,0,0,0,N/A,other_pathology,1,0,none,not_tb,0,not_applicable
9209,58,M,27.0,0,0,0,0,0,0,0,0,0,0,0,0,0,N/A,old_tb_scar,1,0,none,not_tb,0,not_applicable
9210,57,F,21.7,0,1,6,1,0,0,0,1,1,1,2,0,0,N/A,miliary,1,1,pulmonary,smear_negative_ptb,0,cured
9211,40,F,21.2,1,0,0,0,0,0,0,0,0,0,0,0,0,N/A,other_pathology,1,0,none,not_tb,0,not_applicable
9212,46,M,14.3,0,0,0,0,0,0,0,0,0,0,0,0,0,N/A,normal,0,0,none,not_tb,0,not_applicable
9213,59,M,21.7,0,0,0,0,0,0,0,0,0,0,0,0,0,N/A,normal,0,0,none,not_tb,0,not_applicable
9214,38,M,21.6,0,0,0,1,0,0,0,0,0,0,1,0,1,not_detected,infiltrate,1,1,pulmonary,smear_negative_ptb,0,cured
9215,40,M,23.8,0,0,0,0,0,0,0,0,0,1,0,0,0,N/A,normal,0,0,none,not_tb,0,not_applicable
9216,46,F,28.9,0,0,0,0,0,0,0,0,0,0,0,0,0,N/A,normal,0,0,none,not_tb,0,not_applicable
9217,54,F,18.0,0,0,0,0,1,1,1,1,1,1,2,0,1,not_detected,infiltrate,1,1,pulmonary,smear_negative_ptb,0,cured
9218,55,F,29.5,0,0,0,0,0,0,0,0,0,1,0,0,0,N/A,normal,0,0,none,not_tb,0,not_applicable
9219,60,F,15.3,0,0,0,0,0,0,0,0,0,0,0,0,0,N/A,normal,0,0,none,not_tb,0,not_applicable
9220,30,M,16.9,1,1,7,1,1,1,1,1,1,1,4,0,1,not_detected,pleural_effusion,1,1,extrapulmonary,extrapulmonary_tb,0,lost_to_followup
9221,19,F,17.9,1,0,0,0,0,0,0,0,1,0,0,0,0,N/A,normal,0,0,none,not_tb,0,not_applicable
9222,48,M,20.6,0,1,8,1,0,1,0,0,1,0,3,0,0,N/A,infiltrate,1,1,pulmonary,smear_negative_ptb,0,completed
9223,26,M,18.1,0,0,0,0,0,0,0,0,0,0,0,0,0,N/A,old_tb_scar,1,0,none,not_tb,0,not_applicable
9224,35,F,21.3,1,1,6,1,1,1,1,1,1,0,4,1,1,not_detected,infiltrate,1,1,pulmonary,smear_positive_ptb,0,completed
9225,51,M,24.8,0,0,0,0,0,0,0,0,0,0,0,1,0,N/A,other_pathology,1,0,none,not_tb,0,not_applicable
9226,23,F,19.2,1,1,6,1,0,1,1,0,1,0,3,0,1,detected,cavity,1,1,pulmonary,smear_negative_ptb,0,cured
9227,41,F,22.0,0,0,0,0,0,0,0,0,0,0,0,0,0,N/A,normal,0,0,none,not_tb,0,not_applicable
9228,21,F,18.7,0,0,0,0,0,0,0,0,0,0,0,0,0,N/A,other_pathology,1,0,none,not_tb,0,not_applicable
9229,27,F,24.5,1,1,3,0,0,0,0,1,0,0,1,0,0,N/A,normal,0,0,none,not_tb,0,not_applicable
9230,42,M,20.6,0,0,0,0,0,0,0,0,0,0,0,0,0,N/A,infiltrate,1,0,none,not_tb,0,not_applicable
9231,48,M,25.0,0,1,3,0,0,0,0,0,1,0,1,0,0,N/A,other_pathology,1,0,none,not_tb,0,not_applicable
9232,37,F,27.6,0,0,0,0,0,0,0,0,1,0,0,0,0,N/A,normal,0,0,none,not_tb,0,not_applicable
9233,57,F,18.0,0,1,3,0,1,1,0,1,0,0,3,1,0,N/A,miliary,1,1,pulmonary,smear_positive_ptb,0,cured
9234,21,F,22.1,0,0,0,1,0,0,0,0,1,0,1,1,1,detected,cavity,1,1,pulmonary,smear_positive_ptb,1,completed
9235,37,M,19.2,1,1,10,0,0,1,0,1,1,0,2,1,1,not_detected,normal,0,1,pulmonary,smear_positive_ptb,0,completed
9236,56,M,20.2,0,1,5,0,1,1,0,1,1,1,3,0,1,not_detected,normal,0,1,pulmonary,smear_negative_ptb,0,completed
9237,30,M,17.7,1,0,0,0,0,0,0,0,0,0,0,0,0,N/A,normal,0,0,none,not_tb,0,not_applicable
9238,41,F,20.0,0,0,0,0,0,0,0,0,0,0,0,0,0,N/A,old_tb_scar,1,0,none,not_tb,0,not_applicable
9239,34,F,19.9,0,0,0,0,0,0,0,1,1,0,0,0,0,N/A,normal,0,0,none,not_tb,0,not_applicable
9240,28,F,22.1,0,0,0,0,0,0,1,1,1,1,0,1,1,not_detected,normal,0,1,pulmonary,smear_positive_ptb,0,died
9241,43,M,21.1,0,0,0,0,1,0,0,0,1,0,1,0,0,N/A,normal,0,0,none,not_tb,0,not_applicable
9242,45,M,20.3,0,1,4,0,1,1,0,1,0,1,3,1,1,not_detected,infiltrate,1,1,pulmonary,smear_positive_ptb,0,cured
9243,26,M,18.6,0,1,9,1,1,1,1,1,1,1,4,1,1,not_detected,infiltrate,1,1,pulmonary,smear_positive_ptb,0,completed
9244,32,M,21.1,0,0,0,0,0,0,0,0,0,1,0,0,0,N/A,normal,0,0,none,not_tb,0,not_applicable
9245,59,M,15.1,1,0,0,1,1,0,0,1,1,1,2,1,1,detected,cavity,1,1,pulmonary,smear_positive_ptb,1,failed
9246,42,F,15.7,1,0,0,0,0,0,0,0,0,0,0,0,0,N/A,old_tb_scar,1,0,none,not_tb,0,not_applicable
9247,38,M,21.2,0,0,0,0,1,0,0,0,0,0,1,0,0,N/A,old_tb_scar,1,0,none,not_tb,0,not_applicable
9248,34,M,21.4,0,0,0,0,0,0,0,0,1,1,0,0,0,N/A,other_pathology,1,0,none,not_tb,0,not_applicable
9249,30,F,16.6,1,1,6,1,1,1,0,0,1,1,4,0,1,not_detected,miliary,1,1,pulmonary,smear_negative_ptb,0,completed
9250,39,F,22.9,0,1,2,0,0,0,0,0,0,0,1,0,0,N/A,infiltrate,1,0,none,not_tb,0,not_applicable
9251,42,M,23.7,1,0,0,0,0,1,0,0,0,1,1,0,1,not_detected,cavity,1,1,pulmonary,smear_negative_ptb,0,lost_to_followup
9252,24,M,27.6,0,0,0,0,0,0,0,0,0,0,0,0,0,N/A,normal,0,0,none,not_tb,0,not_applicable
9253,25,F,22.3,0,0,0,0,0,0,0,0,0,0,0,0,0,N/A,normal,0,0,none,not_tb,0,not_applicable
9254,68,F,18.8,0,1,6,1,1,1,1,0,1,1,4,1,1,not_detected,infiltrate,1,1,pulmonary,smear_positive_ptb,0,cured
9255,45,F,24.5,1,1,2,0,0,0,0,1,0,0,1,0,0,N/A,normal,0,0,none,not_tb,0,not_applicable
9256,23,M,19.3,0,1,5,1,0,1,1,0,1,0,3,1,1,not_detected,miliary,1,1,pulmonary,smear_positive_ptb,0,cured
9257,45,M,24.5,0,0,0,0,0,0,0,0,1,0,0,0,0,N/A,other_pathology,1,0,none,not_tb,0,not_applicable
9258,36,F,23.2,0,0,0,0,0,0,0,1,0,0,0,0,0,N/A,normal,0,0,none,not_tb,0,not_applicable
9259,28,M,18.9,1,0,0,0,0,1,0,0,0,1,1,0,0,N/A,normal,0,1,extrapulmonary,extrapulmonary_tb,0,cured
9260,47,M,17.0,0,1,6,0,1,1,0,1,1,1,3,0,1,not_detected,normal,0,1,extrapulmonary,extrapulmonary_tb,0,cured
9261,41,F,23.4,0,1,3,0,0,0,0,0,0,1,1,0,0,N/A,normal,0,0,none,not_tb,0,not_applicable
9262,47,M,14.2,0,0,0,0,0,0,0,0,0,0,0,0,0,N/A,old_tb_scar,1,0,none,not_tb,0,not_applicable
9263,54,F,23.1,0,1,3,0,0,0,0,0,1,0,1,0,0,N/A,normal,0,0,none,not_tb,0,not_applicable
9264,45,F,13.4,1,1,3,1,1,1,1,0,1,1,4,1,1,not_detected,miliary,1,1,pulmonary,smear_positive_ptb,0,cured
9265,41,M,23.1,0,0,0,1,0,0,0,0,1,0,1,0,0,N/A,normal,0,0,none,not_tb,0,not_applicable
9266,37,F,18.7,0,0,0,0,0,0,0,0,0,0,0,0,0,N/A,normal,0,0,none,not_tb,0,not_applicable
9267,33,M,26.6,0,0,0,0,0,0,0,0,0,0,0,0,0,N/A,old_tb_scar,1,0,none,not_tb,0,not_applicable
9268,24,F,22.5,0,0,0,0,0,0,0,0,0,0,0,1,0,N/A,normal,0,0,none,not_tb,0,not_applicable
9269,58,F,22.2,1,0,0,0,0,0,0,0,0,0,0,0,0,N/A,infiltrate,1,0,none,not_tb,0,not_applicable
9270,33,F,23.6,1,0,0,0,0,0,0,0,0,1,0,0,0,N/A,other_pathology,1,0,none,not_tb,0,not_applicable
9271,62,M,19.1,1,0,0,0,0,1,0,0,0,0,1,0,0,N/A,normal,0,0,none,not_tb,0,not_applicable
9272,42,F,21.4,0,1,5,1,1,1,0,0,0,1,4,0,1,not_detected,normal,0,1,pulmonary,smear_negative_ptb,0,cured
9273,59,F,24.6,0,0,0,0,0,0,0,0,0,0,0,0,0,N/A,normal,0,0,none,not_tb,0,not_applicable
9274,23,F,17.2,1,1,6,0,1,0,0,0,0,1,2,0,1,not_detected,normal,0,1,extrapulmonary,extrapulmonary_tb,0,cured
9275,53,F,16.0,1,1,2,0,1,0,0,0,1,0,2,1,1,not_detected,infiltrate,1,1,pulmonary,smear_positive_ptb,0,died
9276,33,M,17.6,1,0,0,1,0,1,0,0,1,0,2,1,1,not_detected,normal,0,1,pulmonary,smear_positive_ptb,0,lost_to_followup
9277,32,F,21.6,0,0,0,0,0,0,0,1,0,0,0,0,0,N/A,other_pathology,1,0,none,not_tb,0,not_applicable
9278,43,M,18.2,0,0,0,0,0,0,0,0,0,0,0,0,0,N/A,normal,0,0,none,not_tb,0,not_applicable
9279,34,M,20.4,0,0,0,0,0,0,0,0,0,0,0,0,0,N/A,other_pathology,1,0,none,not_tb,0,not_applicable
9280,22,F,17.0,0,0,0,0,0,1,0,0,1,1,1,0,0,N/A,normal,0,1,pulmonary,smear_negative_ptb,0,cured
9281,41,F,21.3,0,0,0,1,1,0,0,0,0,0,2,0,0,N/A,other_pathology,1,0,none,not_tb,0,not_applicable
9282,47,F,21.3,0,0,0,0,0,0,0,0,0,0,0,0,0,N/A,other_pathology,1,0,none,not_tb,0,not_applicable
9283,31,M,23.7,1,0,0,0,0,1,0,0,0,1,1,0,0,N/A,normal,0,0,none,not_tb,0,not_applicable
9284,35,M,18.6,1,1,6,1,0,0,0,1,0,1,2,0,1,not_detected,normal,0,1,pulmonary,smear_negative_ptb,0,cured
9285,41,M,23.4,0,0,0,0,0,0,0,0,1,0,0,0,0,N/A,normal,0,0,none,not_tb,0,not_applicable
9286,38,M,22.9,0,0,0,0,0,0,0,0,0,1,0,0,0,N/A,normal,0,0,none,not_tb,0,not_applicable
9287,37,F,21.3,0,0,0,0,0,0,0,0,0,0,0,0,0,N/A,normal,0,0,none,not_tb,0,not_applicable
9288,38,M,20.2,1,0,0,1,0,1,1,1,0,0,2,0,1,not_detected,infiltrate,1,1,pulmonary,smear_negative_ptb,0,cured
9289,22,M,12.0,1,1,9,0,1,0,0,1,0,1,2,1,1,not_detected,normal,0,1,pulmonary,smear_positive_ptb,0,completed
9290,34,M,17.6,1,1,4,0,1,1,0,0,0,0,3,1,1,not_detected,infiltrate,1,1,pulmonary,smear_positive_ptb,0,completed
9291,21,M,17.1,0,1,6,1,1,1,1,1,1,1,4,1,1,detected,pleural_effusion,1,1,pulmonary,smear_positive_ptb,1,cured
9292,38,F,22.4,0,0,0,0,1,0,0,0,0,0,1,0,0,N/A,normal,0,0,none,not_tb,0,not_applicable
9293,34,F,16.9,1,0,0,1,0,0,0,1,1,0,1,0,0,N/A,infiltrate,1,1,pulmonary,smear_negative_ptb,0,lost_to_followup
9294,38,M,23.9,1,1,5,0,0,0,0,0,0,0,1,0,0,N/A,normal,0,0,none,not_tb,0,not_applicable
9295,31,M,20.3,1,0,0,0,1,1,0,1,1,0,2,0,1,not_detected,normal,0,1,extrapulmonary,extrapulmonary_tb,0,cured
9296,29,M,17.2,1,0,0,0,0,1,0,0,0,0,1,0,0,N/A,normal,0,0,none,not_tb,0,not_applicable
9297,58,M,19.1,0,1,2,1,1,0,0,0,1,1,3,0,1,not_detected,infiltrate,1,1,pulmonary,smear_negative_ptb,0,cured
9298,49,F,17.5,0,0,0,0,0,0,0,1,0,0,0,0,0,N/A,old_tb_scar,1,0,none,not_tb,0,not_applicable
9299,35,F,23.7,0,0,0,0,0,0,0,0,0,0,0,0,0,N/A,infiltrate,1,0,none,not_tb,0,not_applicable
9300,43,M,17.3,0,0,0,1,1,0,0,0,1,1,2,1,1,not_detected,normal,0,1,pulmonary,smear_positive_ptb,0,cured
9301,47,F,16.5,0,1,2,0,1,0,0,1,1,1,2,0,1,not_detected,pleural_effusion,1,1,pulmonary,smear_negative_ptb,0,cured
9302,30,M,16.0,0,0,0,1,0,0,0,0,0,0,1,0,0,N/A,normal,0,0,none,not_tb,0,not_applicable
9303,18,M,18.3,0,1,6,1,0,0,0,0,0,1,2,1,1,detected,cavity,1,1,pulmonary,smear_positive_ptb,1,cured
9304,49,M,15.6,0,1,2,1,1,1,0,0,1,1,4,1,1,not_detected,infiltrate,1,1,pulmonary,smear_positive_ptb,0,completed
9305,45,M,16.8,0,0,0,0,0,0,0,0,1,0,0,0,0,N/A,normal,0,0,none,not_tb,0,not_applicable
9306,23,M,22.7,1,0,0,0,0,0,0,0,1,0,0,0,0,N/A,normal,0,0,none,not_tb,0,not_applicable
9307,56,F,20.9,1,0,0,0,1,0,0,1,1,0,1,1,1,not_detected,normal,0,1,pulmonary,smear_positive_ptb,0,lost_to_followup
9308,39,F,23.4,0,0,0,0,0,0,0,1,0,0,0,0,0,N/A,normal,0,0,none,not_tb,0,not_applicable
9309,33,M,14.9,0,0,0,1,0,0,0,0,1,0,1,1,1,not_detected,infiltrate,1,1,pulmonary,smear_positive_ptb,0,cured
9310,35,F,21.5,1,0,0,1,0,0,0,0,0,0,1,0,0,N/A,normal,0,0,none,not_tb,0,not_applicable
9311,57,M,20.2,0,1,5,1,1,0,0,1,1,1,3,1,1,not_detected,miliary,1,1,pulmonary,smear_positive_ptb,0,cured
9312,33,M,21.5,0,0,0,0,1,0,0,0,0,0,1,0,0,N/A,normal,0,0,none,not_tb,0,not_applicable
9313,35,M,19.3,0,0,0,1,1,0,0,0,0,1,2,0,0,N/A,normal,0,1,extrapulmonary,extrapulmonary_tb,0,completed
9314,29,M,20.5,0,0,0,0,0,1,0,0,0,0,1,0,0,N/A,normal,0,0,none,not_tb,0,not_applicable
9315,55,M,17.5,1,1,5,1,0,0,0,0,0,0,2,0,1,not_detected,miliary,1,1,pulmonary,smear_negative_ptb,0,completed
9316,25,F,19.7,0,0,0,1,0,0,0,0,0,1,1,0,0,N/A,normal,0,0,none,not_tb,0,not_applicable
9317,65,F,20.0,1,1,3,1,0,1,0,1,0,1,3,0,0,N/A,normal,0,1,extrapulmonary,extrapulmonary_tb,0,cured
9318,33,M,24.4,0,0,0,1,0,0,0,0,0,0,1,0,0,N/A,normal,0,0,none,not_tb,0,not_applicable
9319,34,F,17.1,1,1,3,0,0,0,0,0,1,0,1,1,1,not_detected,miliary,1,1,pulmonary,smear_positive_ptb,0,died
9320,29,M,24.6,1,0,0,0,0,0,0,0,0,0,0,0,0,N/A,normal,0,0,none,not_tb,0,not_applicable
9321,32,F,17.0,0,0,0,0,0,0,0,0,0,0,0,0,0,N/A,normal,0,0,none,not_tb,0,not_applicable
9322,20,M,18.1,0,1,4,1,0,1,1,1,0,0,3,0,1,not_detected,infiltrate,1,1,pulmonary,smear_negative_ptb,0,cured
9323,35,M,15.1,0,0,0,1,1,1,0,0,1,1,3,1,1,not_detected,cavity,1,1,pulmonary,smear_positive_ptb,0,cured
9324,25,F,18.0,0,0,0,0,0,1,0,0,0,0,1,0,0,N/A,other_pathology,1,0,none,not_tb,0,not_applicable
9325,22,M,15.1,1,0,0,1,0,0,0,0,0,1,1,0,1,detected,cavity,1,1,pulmonary,smear_negative_ptb,1,died
9326,48,M,19.7,0,0,0,0,0,0,0,0,1,1,0,0,0,N/A,normal,0,0,none,not_tb,0,not_applicable
9327,18,M,24.2,1,0,0,0,0,0,0,0,0,0,0,0,0,N/A,normal,0,0,none,not_tb,0,not_applicable
9328,28,M,18.3,1,0,0,1,0,1,0,0,0,0,2,0,1,not_detected,pleural_effusion,1,1,extrapulmonary,extrapulmonary_tb,0,cured
9329,40,M,17.0,0,0,0,0,1,1,0,0,0,1,2,1,1,not_detected,infiltrate,1,1,pulmonary,smear_positive_ptb,0,died
9330,46,F,21.4,0,0,0,0,0,0,0,0,1,0,0,0,0,N/A,infiltrate,1,0,none,not_tb,0,not_applicable
9331,51,F,14.8,0,0,0,0,0,0,0,0,0,0,0,0,0,N/A,old_tb_scar,1,0,none,not_tb,0,not_applicable
9332,38,M,24.0,0,0,0,0,0,0,0,0,0,0,0,0,0,N/A,normal,0,0,none,not_tb,0,not_applicable
9333,58,M,14.1,0,1,6,0,0,0,0,0,0,0,1,0,0,N/A,normal,0,0,none,not_tb,0,not_applicable
9334,28,F,19.5,0,0,0,0,0,0,0,0,0,0,0,0,0,N/A,normal,0,0,none,not_tb,0,not_applicable
9335,27,F,21.7,1,0,0,1,0,0,0,0,0,0,1,1,0,N/A,normal,0,0,none,not_tb,0,not_applicable
9336,39,F,19.6,0,1,3,0,1,1,0,0,1,1,3,0,0,N/A,miliary,1,1,pulmonary,smear_negative_ptb,0,cured
9337,58,M,22.8,0,0,0,0,0,0,0,0,1,0,0,0,0,N/A,old_tb_scar,1,0,none,not_tb,0,not_applicable
9338,49,M,18.4,0,1,3,1,1,1,0,1,1,0,4,0,1,not_detected,infiltrate,1,1,pulmonary,smear_negative_ptb,0,completed
9339,32,M,22.1,0,1,3,1,0,1,0,0,1,1,3,1,1,not_detected,normal,0,1,pulmonary,smear_positive_ptb,0,cured
9340,40,M,29.1,0,0,0,0,1,0,0,0,0,0,1,0,0,N/A,normal,0,0,none,not_tb,0,not_applicable
9341,25,M,22.0,0,0,0,0,0,0,0,0,0,0,0,0,0,N/A,infiltrate,1,0,none,not_tb,0,not_applicable
9342,31,M,21.6,0,0,0,0,0,0,0,0,1,1,0,0,0,N/A,other_pathology,1,0,none,not_tb,0,not_applicable
9343,56,F,18.1,0,0,0,1,1,0,0,1,1,0,2,0,1,not_detected,infiltrate,1,1,pulmonary,smear_negative_ptb,0,completed
9344,32,M,19.9,0,1,3,1,0,0,0,0,0,0,2,0,0,N/A,other_pathology,1,0,none,not_tb,0,not_applicable
9345,35,F,23.3,0,0,0,0,0,0,0,0,0,0,0,0,0,N/A,old_tb_scar,1,0,none,not_tb,0,not_applicable
9346,18,M,26.5,0,0,0,1,0,0,0,0,0,0,1,0,0,N/A,normal,0,0,none,not_tb,0,not_applicable
9347,30,M,12.3,1,0,0,0,0,1,0,0,1,1,1,0,0,N/A,normal,0,1,pulmonary,smear_negative_ptb,0,cured
9348,48,F,21.4,0,0,0,0,0,0,0,0,1,0,0,0,0,N/A,normal,0,0,none,not_tb,0,not_applicable
9349,42,F,22.2,0,0,0,1,0,0,0,1,1,1,1,1,1,not_detected,infiltrate,1,1,pulmonary,smear_positive_ptb,0,cured
9350,31,M,19.5,1,1,5,0,1,0,0,1,1,0,2,1,1,not_detected,normal,0,1,extrapulmonary,extrapulmonary_tb,0,cured
9351,31,F,19.5,1,1,3,1,0,1,1,1,1,1,3,0,0,N/A,normal,0,1,extrapulmonary,extrapulmonary_tb,0,cured
9352,19,M,16.4,0,0,0,1,0,0,0,0,1,1,1,0,0,N/A,normal,0,0,none,not_tb,0,not_applicable
9353,38,M,24.5,1,0,0,0,0,0,0,0,0,0,0,0,0,N/A,normal,0,0,none,not_tb,0,not_applicable
9354,50,F,25.5,0,0,0,0,0,0,0,1,0,0,0,0,0,N/A,normal,0,0,none,not_tb,0,not_applicable
9355,49,F,19.0,1,0,0,0,1,1,0,0,0,0,2,0,0,N/A,pleural_effusion,1,1,pulmonary,smear_negative_ptb,0,completed
9356,28,M,19.7,1,0,0,0,0,0,0,0,1,1,0,0,0,N/A,other_pathology,1,0,none,not_tb,0,not_applicable
9357,31,F,19.6,1,1,5,1,0,1,0,0,1,0,3,0,1,not_detected,infiltrate,1,1,pulmonary,smear_negative_ptb,0,completed
9358,73,F,18.4,0,0,0,0,0,0,0,0,0,0,0,0,0,N/A,normal,0,0,none,not_tb,0,not_applicable
9359,34,F,17.9,0,1,4,0,0,0,0,0,0,0,1,0,0,N/A,normal,0,0,none,not_tb,0,not_applicable
9360,25,M,24.8,0,0,0,0,0,0,0,0,0,0,0,0,0,N/A,normal,0,0,none,not_tb,0,not_applicable
9361,62,M,25.8,0,0,0,0,0,0,0,0,0,1,0,0,0,N/A,normal,0,0,none,not_tb,0,not_applicable
9362,19,M,19.4,0,0,0,1,0,0,0,0,0,0,1,0,0,N/A,normal,0,0,none,not_tb,0,not_applicable
9363,39,F,17.9,1,0,0,0,0,0,0,0,0,0,0,0,0,N/A,normal,0,0,none,not_tb,0,not_applicable
9364,27,M,18.9,1,1,2,0,1,0,0,0,0,1,2,0,0,N/A,normal,0,0,none,not_tb,0,not_applicable
9365,47,F,19.0,0,1,5,1,1,0,1,1,1,0,3,1,1,not_detected,pleural_effusion,1,1,pulmonary,smear_positive_ptb,0,cured
9366,64,M,17.9,0,1,2,0,0,0,0,0,0,0,1,0,0,N/A,normal,0,0,none,not_tb,0,not_applicable
9367,41,F,21.7,0,1,6,0,0,1,0,0,1,1,2,0,1,not_detected,cavity,1,1,pulmonary,smear_negative_ptb,0,completed
9368,38,F,20.4,0,0,0,0,0,0,0,0,0,0,0,0,0,N/A,old_tb_scar,1,0,none,not_tb,0,not_applicable
9369,53,F,19.4,0,0,0,1,0,1,0,0,1,0,2,1,1,not_detected,cavity,1,1,pulmonary,smear_positive_ptb,0,cured
9370,42,F,19.4,0,0,0,0,0,0,0,0,1,0,0,0,0,N/A,normal,0,0,none,not_tb,0,not_applicable
9371,59,F,24.0,0,0,0,0,1,0,0,0,0,0,1,0,0,N/A,other_pathology,1,0,none,not_tb,0,not_applicable
9372,40,M,24.3,0,0,0,1,0,0,0,0,0,0,1,0,0,N/A,old_tb_scar,1,0,none,not_tb,0,not_applicable
9373,45,F,16.1,0,0,0,0,0,0,0,0,0,0,0,0,0,N/A,normal,0,0,none,not_tb,0,not_applicable
9374,19,F,19.6,0,0,0,0,0,0,0,1,0,0,0,0,0,N/A,infiltrate,1,0,none,not_tb,0,not_applicable
9375,44,M,21.5,0,0,0,0,0,0,0,0,1,0,0,0,0,N/A,normal,0,0,none,not_tb,0,not_applicable
9376,37,M,20.2,0,1,3,0,0,0,0,0,0,0,1,0,0,N/A,other_pathology,1,0,none,not_tb,0,not_applicable
9377,17,F,25.1,0,0,0,0,0,1,0,0,0,0,1,0,0,N/A,old_tb_scar,1,0,none,not_tb,0,not_applicable
9378,37,M,19.9,0,0,0,0,0,0,0,1,0,0,0,0,0,N/A,normal,0,0,none,not_tb,0,not_applicable
9379,21,M,24.5,0,0,0,1,0,0,0,0,0,0,1,0,0,N/A,normal,0,0,none,not_tb,0,not_applicable
9380,36,M,19.7,1,1,6,0,0,0,0,1,0,1,1,0,1,detected,miliary,1,1,pulmonary,smear_negative_ptb,0,completed
9381,15,M,21.6,0,0,0,0,0,0,0,0,1,0,0,0,0,N/A,old_tb_scar,1,0,none,not_tb,0,not_applicable
9382,41,M,24.6,0,0,0,0,0,0,0,0,0,0,0,0,0,N/A,normal,0,0,none,not_tb,0,not_applicable
9383,41,M,16.6,0,0,0,0,0,0,0,1,0,0,0,0,0,N/A,other_pathology,1,0,none,not_tb,0,not_applicable
9384,41,F,18.3,1,0,0,1,0,0,0,1,1,0,1,0,1,detected,pleural_effusion,1,1,pulmonary,smear_negative_ptb,0,lost_to_followup
9385,26,M,19.3,0,1,2,0,0,0,0,0,0,0,1,0,0,N/A,normal,0,0,none,not_tb,0,not_applicable
9386,33,M,21.6,0,0,0,1,0,0,0,0,0,0,1,0,0,N/A,old_tb_scar,1,0,none,not_tb,0,not_applicable
9387,43,F,20.4,0,0,0,0,0,0,0,0,0,0,0,0,0,N/A,normal,0,0,none,not_tb,0,not_applicable
9388,50,F,22.2,0,0,0,1,1,0,1,0,0,0,2,0,0,N/A,normal,0,0,none,not_tb,0,not_applicable
9389,36,M,18.5,0,1,5,1,0,1,0,1,0,1,3,1,1,not_detected,infiltrate,1,1,pulmonary,smear_positive_ptb,0,cured
9390,33,M,22.5,0,0,0,0,0,0,0,0,0,0,0,0,0,N/A,normal,0,0,none,not_tb,0,not_applicable
9391,23,F,22.6,1,0,0,0,0,0,0,0,1,0,0,0,0,N/A,normal,0,0,none,not_tb,0,not_applicable
9392,49,F,24.0,0,0,0,1,0,0,0,0,0,1,1,0,0,N/A,infiltrate,1,0,none,not_tb,0,not_applicable
9393,43,M,17.6,0,0,0,0,0,0,0,0,0,0,0,0,0,N/A,other_pathology,1,0,none,not_tb,0,not_applicable
9394,43,M,23.8,0,0,0,0,0,0,0,0,0,0,0,0,0,N/A,normal,0,0,none,not_tb,0,not_applicable
9395,59,F,16.7,0,0,0,1,0,0,0,0,0,0,1,0,0,N/A,normal,0,0,none,not_tb,0,not_applicable
9396,43,F,12.2,0,0,0,0,0,0,0,0,0,0,0,0,0,N/A,normal,0,0,none,not_tb,0,not_applicable
9397,65,M,28.9,1,0,0,0,0,0,0,0,0,0,0,0,0,N/A,normal,0,0,none,not_tb,0,not_applicable
9398,39,F,18.7,0,0,0,1,0,0,0,1,0,0,1,0,0,N/A,normal,0,0,none,not_tb,0,not_applicable
9399,30,F,20.4,0,0,0,0,0,0,0,0,0,0,0,0,0,N/A,normal,0,0,none,not_tb,0,not_applicable
9400,34,F,13.8,0,1,4,0,1,0,0,1,1,1,2,0,0,N/A,infiltrate,1,1,pulmonary,smear_negative_ptb,0,cured
9401,38,F,17.4,0,0,0,0,0,1,0,0,1,0,1,1,0,N/A,normal,0,1,extrapulmonary,extrapulmonary_tb,0,cured
9402,32,F,22.7,0,0,0,0,0,0,0,0,0,0,0,0,0,N/A,normal,0,0,none,not_tb,0,not_applicable
9403,27,M,22.8,0,0,0,0,0,0,0,0,0,0,0,0,0,N/A,normal,0,0,none,not_tb,0,not_applicable
9404,62,M,17.8,0,1,4,0,0,1,0,1,0,0,2,1,0,N/A,old_tb_scar,1,0,none,not_tb,0,not_applicable
9405,49,F,20.4,0,0,0,0,0,0,0,0,0,0,0,0,0,N/A,old_tb_scar,1,0,none,not_tb,0,not_applicable
9406,44,F,23.3,0,0,0,0,0,0,0,0,0,0,0,0,0,N/A,normal,0,0,none,not_tb,0,not_applicable
9407,50,M,19.1,1,1,6,1,1,1,0,1,1,1,4,0,1,not_detected,infiltrate,1,1,pulmonary,smear_negative_ptb,0,lost_to_followup
9408,42,M,22.4,0,1,2,0,0,0,0,0,0,0,1,0,0,N/A,normal,0,0,none,not_tb,0,not_applicable
9409,29,F,24.7,0,0,0,0,0,0,0,0,0,0,0,0,0,N/A,normal,0,0,none,not_tb,0,not_applicable
9410,40,F,18.2,0,1,3,1,1,1,1,0,0,0,4,1,1,not_detected,infiltrate,1,1,pulmonary,smear_positive_ptb,0,completed
9411,51,M,26.9,1,0,0,0,0,0,0,0,0,0,0,0,0,N/A,normal,0,0,none,not_tb,0,not_applicable
9412,36,M,21.0,0,0,0,0,0,0,0,1,0,0,0,0,0,N/A,normal,0,0,none,not_tb,0,not_applicable
9413,56,M,20.2,0,1,7,0,1,1,0,0,1,1,3,1,1,not_detected,miliary,1,1,pulmonary,smear_positive_ptb,0,cured
9414,52,F,24.6,0,0,0,0,1,0,0,0,0,0,1,0,0,N/A,other_pathology,1,0,none,not_tb,0,not_applicable
9415,48,F,16.3,0,0,0,0,0,0,0,0,1,0,0,0,0,N/A,other_pathology,1,0,none,not_tb,0,not_applicable
9416,46,M,23.5,0,0,0,0,0,0,0,0,0,0,0,0,0,N/A,normal,0,0,none,not_tb,0,not_applicable
9417,52,M,19.8,0,0,0,0,0,0,0,0,0,0,0,0,0,N/A,other_pathology,1,0,none,not_tb,0,not_applicable
9418,44,F,18.5,0,0,0,0,0,0,0,0,0,0,0,0,0,N/A,old_tb_scar,1,0,none,not_tb,0,not_applicable
9419,69,M,20.5,0,0,0,0,0,0,0,0,0,0,0,0,0,N/A,normal,0,0,none,not_tb,0,not_applicable
9420,43,F,18.9,0,0,0,0,0,0,0,0,1,1,0,1,1,not_detected,infiltrate,1,1,pulmonary,smear_positive_ptb,0,cured
9421,54,M,16.5,0,0,0,0,0,0,0,0,0,0,0,0,0,N/A,normal,0,0,none,not_tb,0,not_applicable
9422,48,M,22.1,0,0,0,0,0,0,0,0,0,0,0,0,0,N/A,normal,0,0,none,not_tb,0,not_applicable
9423,27,M,21.2,0,0,0,0,0,0,0,0,0,0,0,0,0,N/A,infiltrate,1,0,none,not_tb,0,not_applicable
9424,25,M,25.6,0,0,0,1,0,0,0,0,0,0,1,0,0,N/A,normal,0,0,none,not_tb,0,not_applicable
9425,56,F,16.9,1,0,0,1,0,0,0,1,1,1,1,0,0,N/A,infiltrate,1,1,extrapulmonary,extrapulmonary_tb,0,cured
9426,40,F,26.2,0,0,0,0,0,0,0,0,0,0,0,0,0,N/A,old_tb_scar,1,0,none,not_tb,0,not_applicable
9427,59,M,23.4,0,0,0,0,1,0,0,0,0,0,1,0,0,N/A,normal,0,0,none,not_tb,0,not_applicable
9428,58,M,21.9,0,0,0,0,1,0,0,0,0,0,1,0,0,N/A,normal,0,0,none,not_tb,0,not_applicable
9429,18,F,26.5,0,1,2,0,0,0,0,0,0,0,1,0,0,N/A,normal,0,0,none,not_tb,0,not_applicable
9430,43,F,23.3,0,0,0,1,0,0,0,0,0,0,1,1,1,not_detected,pleural_effusion,1,1,pulmonary,smear_positive_ptb,0,completed
9431,41,M,21.3,0,1,4,0,0,0,0,0,0,0,1,0,0,N/A,normal,0,0,none,not_tb,0,not_applicable
9432,50,M,19.4,0,0,0,0,0,0,0,0,0,0,0,0,0,N/A,other_pathology,1,0,none,not_tb,0,not_applicable
9433,33,F,19.6,1,0,0,0,0,1,0,0,0,1,1,1,1,not_detected,normal,0,1,pulmonary,smear_positive_ptb,0,failed
9434,43,M,17.0,0,1,2,0,0,0,0,0,0,1,1,0,0,N/A,normal,0,0,none,not_tb,0,not_applicable
9435,47,F,17.4,0,0,0,0,0,1,0,0,0,0,1,0,0,N/A,normal,0,0,none,not_tb,0,not_applicable
9436,53,M,26.6,0,1,6,1,0,0,0,0,0,0,2,0,0,N/A,other_pathology,1,0,none,not_tb,0,not_applicable
9437,32,M,24.0,0,0,0,1,0,0,0,0,0,0,1,0,0,N/A,old_tb_scar,1,0,none,not_tb,0,not_applicable
9438,56,F,19.0,0,0,0,0,0,0,0,0,1,0,0,0,0,N/A,normal,0,0,none,not_tb,0,not_applicable
9439,54,M,33.0,0,0,0,0,0,0,0,0,0,1,0,0,0,N/A,old_tb_scar,1,0,none,not_tb,0,not_applicable
9440,18,M,15.0,1,0,0,1,1,1,0,0,1,1,3,0,1,not_detected,cavity,1,1,pulmonary,smear_negative_ptb,0,completed
9441,25,M,20.0,1,0,0,1,0,1,0,1,1,1,2,1,1,not_detected,cavity,1,1,pulmonary,smear_positive_ptb,0,lost_to_followup
9442,51,F,19.2,0,0,0,0,0,0,0,1,0,0,0,0,0,N/A,normal,0,0,none,not_tb,0,not_applicable
9443,40,F,23.0,0,0,0,1,1,0,0,0,0,1,2,1,1,detected,infiltrate,1,1,pulmonary,smear_positive_ptb,1,completed
9444,26,M,17.2,1,0,0,1,0,0,0,0,1,1,1,0,1,not_detected,infiltrate,1,1,pulmonary,smear_negative_ptb,0,completed
9445,46,F,21.0,0,0,0,0,0,0,0,0,0,0,0,0,0,N/A,normal,0,0,none,not_tb,0,not_applicable
9446,38,M,14.0,1,1,2,0,1,1,0,1,1,0,3,1,1,not_detected,infiltrate,1,1,pulmonary,smear_positive_ptb,0,cured
9447,44,M,29.3,1,0,0,0,0,0,1,0,0,0,0,0,0,N/A,old_tb_scar,1,0,none,not_tb,0,not_applicable
9448,47,M,19.8,0,0,0,0,0,1,0,1,1,0,1,0,0,N/A,old_tb_scar,1,0,none,not_tb,0,not_applicable
9449,24,M,23.7,0,0,0,0,0,0,0,0,0,0,0,0,0,N/A,normal,0,0,none,not_tb,0,not_applicable
9450,30,M,22.0,0,0,0,0,0,0,0,1,1,0,0,0,0,N/A,other_pathology,1,0,none,not_tb,0,not_applicable
9451,52,F,20.1,1,0,0,0,0,0,0,0,0,0,0,0,0,N/A,normal,0,0,none,not_tb,0,not_applicable
9452,46,M,14.2,0,0,0,0,0,0,0,0,1,0,0,0,0,N/A,normal,0,0,none,not_tb,0,not_applicable
9453,29,F,17.9,1,1,7,1,1,0,0,1,1,1,3,0,1,detected,cavity,1,1,pulmonary,smear_negative_ptb,0,died
9454,35,F,21.0,0,0,0,0,0,0,0,0,1,0,0,0,0,N/A,normal,0,0,none,not_tb,0,not_applicable
9455,28,M,23.1,0,0,0,0,0,0,0,0,0,0,0,0,0,N/A,other_pathology,1,0,none,not_tb,0,not_applicable
9456,20,M,29.5,0,0,0,0,0,0,0,1,0,0,0,0,0,N/A,infiltrate,1,0,none,not_tb,0,not_applicable
9457,46,M,24.3,0,0,0,0,0,0,0,0,0,0,0,0,1,not_detected,normal,0,0,none,not_tb,0,not_applicable
9458,30,M,25.0,0,0,0,0,0,0,0,0,0,0,0,0,0,N/A,normal,0,0,none,not_tb,0,not_applicable
9459,39,F,17.7,0,0,0,1,0,1,0,1,1,0,2,1,1,not_detected,cavity,1,1,pulmonary,smear_positive_ptb,0,completed
9460,42,F,17.4,1,0,0,0,0,0,0,1,0,0,0,0,0,N/A,normal,0,0,none,not_tb,0,not_applicable
9461,17,F,21.0,0,0,0,0,0,0,0,0,0,0,0,0,0,N/A,other_pathology,1,0,none,not_tb,0,not_applicable
9462,39,M,19.4,0,0,0,0,0,0,0,0,0,0,0,0,0,N/A,normal,0,0,none,not_tb,0,not_applicable
9463,46,M,18.4,1,1,7,1,1,1,0,0,1,0,4,0,1,not_detected,infiltrate,1,1,pulmonary,smear_negative_ptb,0,cured
9464,48,M,17.3,1,1,2,0,1,0,0,0,1,1,2,1,1,not_detected,miliary,1,1,pulmonary,smear_positive_ptb,0,cured
9465,48,F,16.1,0,0,0,0,0,0,0,0,1,0,0,0,0,N/A,old_tb_scar,1,0,none,not_tb,0,not_applicable
9466,15,M,26.4,0,0,0,0,1,0,1,1,0,0,1,0,0,N/A,other_pathology,1,0,none,not_tb,0,not_applicable
9467,22,M,21.5,0,0,0,0,0,0,0,0,1,0,0,0,0,N/A,normal,0,0,none,not_tb,0,not_applicable
9468,27,F,20.8,0,0,0,0,0,0,0,0,0,0,0,0,0,N/A,normal,0,0,none,not_tb,0,not_applicable
9469,43,M,15.7,0,1,8,0,1,0,1,0,1,1,2,0,1,detected,cavity,1,1,pulmonary,smear_negative_ptb,1,cured
9470,49,M,20.3,0,1,8,0,0,0,0,0,0,0,1,0,0,N/A,normal,0,0,none,not_tb,0,not_applicable
9471,25,F,16.3,0,1,4,1,0,1,0,1,1,1,3,1,1,not_detected,infiltrate,1,1,pulmonary,smear_positive_ptb,0,lost_to_followup
9472,35,M,15.5,0,0,0,1,1,0,0,1,1,0,2,0,1,not_detected,infiltrate,1,1,pulmonary,smear_negative_ptb,0,died
9473,44,M,22.6,1,0,0,0,0,0,0,0,0,0,0,0,0,N/A,normal,0,0,none,not_tb,0,not_applicable
9474,38,M,17.3,1,0,0,1,0,1,1,1,1,0,2,0,1,not_detected,infiltrate,1,1,extrapulmonary,extrapulmonary_tb,0,lost_to_followup
9475,55,M,24.6,0,0,0,0,1,0,0,0,0,0,1,0,0,N/A,other_pathology,1,0,none,not_tb,0,not_applicable
9476,20,F,20.7,0,0,0,0,0,0,0,0,0,0,0,0,0,N/A,infiltrate,1,0,none,not_tb,0,not_applicable
9477,22,M,18.8,0,1,5,1,1,1,0,0,0,1,4,1,1,not_detected,infiltrate,1,1,pulmonary,smear_positive_ptb,0,cured
9478,31,F,18.7,1,0,0,1,0,1,0,0,1,1,2,0,0,N/A,miliary,1,1,pulmonary,smear_negative_ptb,0,completed
9479,43,M,23.3,0,0,0,1,0,0,0,0,0,0,1,0,0,N/A,normal,0,0,none,not_tb,0,not_applicable
9480,45,F,19.1,0,0,0,0,0,0,0,0,1,0,0,0,0,N/A,normal,0,0,none,not_tb,0,not_applicable
9481,43,F,25.1,1,0,0,0,0,0,0,0,0,0,0,0,0,N/A,normal,0,0,none,not_tb,0,not_applicable
9482,50,M,17.9,0,0,0,0,0,0,0,0,0,0,0,0,0,N/A,normal,0,0,none,not_tb,0,not_applicable
9483,42,F,22.1,0,1,2,0,0,0,0,0,0,0,1,0,0,N/A,infiltrate,1,0,none,not_tb,0,not_applicable
9484,47,F,17.8,0,0,0,1,0,0,0,0,0,0,1,0,0,N/A,normal,0,0,none,not_tb,0,not_applicable
9485,47,F,21.6,0,1,2,1,0,1,0,0,0,0,3,0,0,N/A,normal,0,0,none,not_tb,0,not_applicable
9486,47,M,25.1,0,0,0,0,0,0,0,0,0,0,0,0,0,N/A,normal,0,0,none,not_tb,0,not_applicable
9487,31,F,23.9,0,0,0,0,0,1,0,1,0,0,1,0,0,N/A,normal,0,0,none,not_tb,0,not_applicable
9488,43,M,21.1,1,1,7,0,0,1,0,0,1,0,2,0,1,not_detected,cavity,1,1,pulmonary,smear_negative_ptb,0,cured
9489,29,F,17.7,0,0,0,1,1,0,1,1,0,0,2,0,1,not_detected,infiltrate,1,1,pulmonary,smear_negative_ptb,0,cured
9490,42,F,25.2,0,0,0,0,0,0,0,0,0,0,0,0,0,N/A,normal,0,0,none,not_tb,0,not_applicable
9491,56,M,16.8,0,1,11,0,0,1,0,0,0,1,2,0,0,N/A,infiltrate,1,1,pulmonary,smear_negative_ptb,0,cured
9492,49,F,20.4,0,0,0,0,0,0,0,0,0,0,0,0,0,N/A,normal,0,0,none,not_tb,0,not_applicable
9493,49,F,22.5,0,0,0,0,0,0,0,0,0,1,0,0,0,N/A,normal,0,0,none,not_tb,0,not_applicable
9494,41,F,25.0,0,0,0,0,0,0,0,0,0,0,0,0,0,N/A,old_tb_scar,1,0,none,not_tb,0,not_applicable
9495,28,M,17.1,0,0,0,0,1,1,0,0,1,1,2,1,1,not_detected,miliary,1,1,pulmonary,smear_positive_ptb,0,cured
9496,29,M,20.2,1,1,5,1,0,1,0,0,1,0,3,1,1,not_detected,pleural_effusion,1,1,pulmonary,smear_positive_ptb,0,completed
9497,33,M,22.8,0,0,0,0,0,0,0,1,0,0,0,0,0,N/A,other_pathology,1,0,none,not_tb,0,not_applicable
9498,36,M,19.3,1,0,0,0,1,1,0,0,0,0,2,0,1,not_detected,infiltrate,1,1,pulmonary,smear_negative_ptb,0,cured
9499,26,F,19.0,0,0,0,0,0,0,0,0,0,0,0,0,0,N/A,normal,0,0,none,not_tb,0,not_applicable
9500,45,M,20.7,0,0,0,0,0,0,0,0,0,1,0,0,0,N/A,normal,0,0,none,not_tb,0,not_applicable
9501,53,F,21.7,1,0,0,0,0,0,0,0,0,0,0,0,0,N/A,normal,0,0,none,not_tb,0,not_applicable
9502,25,F,23.2,0,0,0,1,0,0,0,0,0,0,1,0,0,N/A,infiltrate,1,0,none,not_tb,0,not_applicable
9503,59,F,19.2,0,0,0,0,0,0,0,0,0,0,0,0,0,N/A,normal,0,0,none,not_tb,0,not_applicable
9504,26,M,15.3,0,1,7,1,1,1,0,0,1,1,4,1,1,not_detected,infiltrate,1,1,pulmonary,smear_positive_ptb,0,cured
9505,38,M,14.5,0,0,0,0,1,0,0,0,0,0,1,0,0,N/A,infiltrate,1,0,none,not_tb,0,not_applicable
9506,56,F,24.6,0,0,0,0,0,0,0,0,0,0,0,0,0,N/A,infiltrate,1,0,none,not_tb,0,not_applicable
9507,24,M,25.3,0,0,0,0,0,0,0,0,0,0,0,0,0,N/A,old_tb_scar,1,0,none,not_tb,0,not_applicable
9508,51,M,15.0,0,0,0,0,0,0,0,0,0,0,0,0,0,N/A,normal,0,0,none,not_tb,0,not_applicable
9509,55,F,22.3,0,0,0,0,0,1,0,1,0,0,1,0,0,N/A,normal,0,0,none,not_tb,0,not_applicable
9510,47,M,17.6,0,1,6,1,0,1,0,0,0,0,3,1,1,detected,infiltrate,1,1,pulmonary,smear_positive_ptb,0,failed
9511,48,F,26.3,0,0,0,0,0,0,0,0,0,0,0,0,0,N/A,normal,0,0,none,not_tb,0,not_applicable
9512,29,M,21.3,0,0,0,0,0,0,0,1,0,0,0,0,0,N/A,normal,0,0,none,not_tb,0,not_applicable
9513,18,M,23.9,0,0,0,0,0,0,0,0,1,0,0,0,0,N/A,normal,0,0,none,not_tb,0,not_applicable
9514,35,F,17.4,1,0,0,1,1,0,0,1,1,0,2,0,1,not_detected,cavity,1,1,pulmonary,smear_negative_ptb,0,cured
9515,42,M,19.6,1,0,0,0,0,0,0,0,0,0,0,0,0,N/A,normal,0,0,none,not_tb,0,not_applicable
9516,56,F,20.4,1,1,4,0,1,1,0,1,1,0,3,0,0,N/A,normal,0,1,extrapulmonary,extrapulmonary_tb,0,cured
9517,31,F,21.2,1,0,0,1,0,0,0,0,0,0,1,0,1,not_detected,normal,0,1,pulmonary,smear_negative_ptb,0,completed
9518,57,M,15.3,0,1,3,0,0,0,0,0,1,1,1,0,0,N/A,miliary,1,1,pulmonary,smear_negative_ptb,0,cured
9519,41,M,26.0,0,0,0,0,0,1,0,0,0,0,1,0,0,N/A,normal,0,0,none,not_tb,0,not_applicable
9520,34,M,16.1,1,1,5,1,0,1,0,0,1,0,3,0,1,not_detected,infiltrate,1,1,pulmonary,smear_negative_ptb,0,died
9521,34,F,13.8,0,1,4,1,0,0,0,0,0,0,2,0,0,N/A,infiltrate,1,0,none,not_tb,0,not_applicable
9522,56,F,22.0,1,0,0,0,0,0,0,0,0,0,0,0,0,N/A,normal,0,0,none,not_tb,0,not_applicable
9523,34,M,23.8,0,1,2,0,0,0,0,0,0,1,1,0,0,N/A,old_tb_scar,1,0,none,not_tb,0,not_applicable
9524,51,M,16.7,0,0,0,0,0,0,0,0,1,0,0,0,0,N/A,normal,0,0,none,not_tb,0,not_applicable
9525,49,M,15.1,0,1,2,0,0,0,0,0,1,0,1,0,0,N/A,normal,0,0,none,not_tb,0,not_applicable
9526,41,M,20.3,1,0,0,0,0,1,0,0,0,0,1,0,0,N/A,normal,0,0,none,not_tb,0,not_applicable
9527,40,M,19.8,0,0,0,0,0,1,0,0,0,0,1,0,0,N/A,normal,0,0,none,not_tb,0,not_applicable
9528,54,M,26.8,0,0,0,1,0,0,0,0,0,0,1,0,0,N/A,old_tb_scar,1,0,none,not_tb,0,not_applicable
9529,55,F,22.0,0,0,0,0,0,0,0,0,0,0,0,0,0,N/A,infiltrate,1,0,none,not_tb,0,not_applicable
9530,39,M,24.6,1,0,0,0,0,0,0,0,0,0,0,0,0,N/A,old_tb_scar,1,0,none,not_tb,0,not_applicable
9531,22,M,19.0,0,1,6,1,1,0,0,0,1,0,3,1,1,not_detected,infiltrate,1,1,pulmonary,smear_positive_ptb,0,failed
9532,32,F,27.5,0,0,0,0,0,0,0,0,0,0,0,0,0,N/A,normal,0,0,none,not_tb,0,not_applicable
9533,39,F,16.3,0,1,10,0,0,0,1,1,0,0,1,0,0,N/A,infiltrate,1,1,pulmonary,smear_negative_ptb,0,cured
9534,26,M,21.7,0,0,0,1,0,0,0,0,1,0,1,0,0,N/A,normal,0,0,none,not_tb,0,not_applicable
9535,33,F,16.5,0,0,0,0,0,0,0,0,1,0,0,0,0,N/A,old_tb_scar,1,0,none,not_tb,0,not_applicable
9536,34,M,24.8,0,0,0,1,0,0,0,0,0,0,1,0,0,N/A,other_pathology,1,0,none,not_tb,0,not_applicable
9537,35,F,21.3,1,0,0,1,0,1,0,0,0,1,2,0,1,not_detected,pleural_effusion,1,1,pulmonary,smear_negative_ptb,0,cured
9538,22,M,20.7,1,1,3,1,0,1,0,1,1,1,3,0,1,not_detected,normal,0,1,pulmonary,smear_negative_ptb,0,died
9539,34,F,21.6,0,0,0,1,0,1,0,0,0,0,2,0,0,N/A,normal,0,0,none,not_tb,0,not_applicable
9540,57,M,16.8,1,0,0,0,0,0,0,0,0,0,0,0,0,N/A,normal,0,0,none,not_tb,0,not_applicable
9541,45,F,21.7,0,0,0,0,0,0,0,0,0,0,0,0,0,N/A,normal,0,0,none,not_tb,0,not_applicable
9542,45,F,19.6,0,0,0,0,0,0,0,1,0,0,0,0,0,N/A,old_tb_scar,1,0,none,not_tb,0,not_applicable
9543,34,M,25.2,0,0,0,0,0,0,0,0,0,0,0,0,0,N/A,old_tb_scar,1,0,none,not_tb,0,not_applicable
9544,41,M,20.5,1,0,0,0,0,0,0,0,1,0,0,0,0,N/A,normal,0,0,none,not_tb,0,not_applicable
9545,24,F,20.4,0,0,0,0,0,0,0,0,0,0,0,0,0,N/A,normal,0,0,none,not_tb,0,not_applicable
9546,54,M,29.6,0,0,0,0,0,0,0,0,1,0,0,0,0,N/A,infiltrate,1,0,none,not_tb,0,not_applicable
9547,47,F,24.8,0,0,0,0,0,0,0,0,0,0,0,0,0,N/A,normal,0,0,none,not_tb,0,not_applicable
9548,37,F,21.2,0,0,0,1,0,0,0,0,1,0,1,1,1,not_detected,infiltrate,1,1,pulmonary,smear_positive_ptb,0,completed
9549,26,M,17.2,1,1,6,1,1,1,0,1,1,0,4,0,0,N/A,pleural_effusion,1,1,extrapulmonary,extrapulmonary_tb,0,cured
9550,53,M,18.1,0,1,4,0,0,0,0,0,0,0,1,0,0,N/A,normal,0,0,none,not_tb,0,not_applicable
9551,41,F,21.2,1,0,0,0,0,1,0,1,0,0,1,1,1,detected,infiltrate,1,1,pulmonary,smear_positive_ptb,1,cured
9552,67,M,22.2,0,1,10,0,0,1,0,0,1,0,2,0,1,not_detected,cavity,1,1,pulmonary,smear_negative_ptb,0,completed
9553,55,F,17.5,1,0,0,0,1,0,0,0,0,0,1,0,0,N/A,normal,0,0,none,not_tb,0,not_applicable
9554,29,M,20.2,1,0,0,0,0,0,0,0,0,0,0,0,0,N/A,normal,0,0,none,not_tb,0,not_applicable
9555,59,M,16.2,0,0,0,1,1,0,0,0,0,1,2,0,1,not_detected,infiltrate,1,1,pulmonary,smear_negative_ptb,0,cured
9556,46,M,23.7,1,0,0,1,0,0,0,0,0,0,1,0,0,N/A,normal,0,0,none,not_tb,0,not_applicable
9557,31,M,25.8,0,0,0,0,0,0,0,0,0,0,0,0,0,N/A,normal,0,0,none,not_tb,0,not_applicable
9558,34,F,20.7,0,0,0,0,0,1,0,0,0,0,1,0,1,not_detected,normal,0,0,none,not_tb,0,not_applicable
9559,21,M,20.7,1,0,0,0,0,0,0,0,1,0,0,0,0,N/A,normal,0,0,none,not_tb,0,not_applicable
9560,51,F,13.6,1,1,5,0,0,1,0,0,0,1,2,1,1,not_detected,normal,0,1,pulmonary,smear_positive_ptb,0,cured
9561,26,F,18.7,0,0,0,0,0,0,0,0,0,0,0,0,0,N/A,normal,0,0,none,not_tb,0,not_applicable
9562,36,M,27.3,1,0,0,0,0,0,0,0,0,0,0,0,0,N/A,normal,0,0,none,not_tb,0,not_applicable
9563,44,M,23.7,0,0,0,0,0,1,0,0,0,0,1,0,0,N/A,normal,0,0,none,not_tb,0,not_applicable
9564,38,F,20.8,1,1,4,0,1,1,0,0,1,0,3,0,1,not_detected,normal,0,1,pulmonary,smear_negative_ptb,0,completed
9565,23,F,20.7,0,0,0,1,0,0,0,0,0,0,1,0,0,N/A,normal,0,0,none,not_tb,0,not_applicable
9566,37,M,21.0,0,0,0,0,0,0,0,0,0,0,0,0,0,N/A,normal,0,0,none,not_tb,0,not_applicable
9567,55,M,22.1,1,0,0,0,0,0,0,0,0,0,0,0,0,N/A,normal,0,0,none,not_tb,0,not_applicable
9568,31,F,23.1,0,0,0,0,0,0,0,0,0,0,0,0,0,N/A,old_tb_scar,1,0,none,not_tb,0,not_applicable
9569,38,M,26.8,0,0,0,0,1,0,0,0,0,0,1,0,0,N/A,other_pathology,1,0,none,not_tb,0,not_applicable
9570,24,F,19.6,0,0,0,0,0,0,0,0,0,0,0,0,0,N/A,normal,0,0,none,not_tb,0,not_applicable
9571,49,M,21.5,0,0,0,0,0,0,0,0,0,0,0,0,0,N/A,normal,0,0,none,not_tb,0,not_applicable
9572,35,F,16.5,0,1,7,0,1,1,0,0,1,1,3,0,0,N/A,infiltrate,1,1,pulmonary,smear_negative_ptb,0,failed
9573,16,M,15.1,0,0,0,0,0,1,0,0,1,0,1,0,0,N/A,normal,0,0,none,not_tb,0,not_applicable
9574,35,F,25.2,0,0,0,0,0,0,0,0,0,0,0,0,0,N/A,normal,0,0,none,not_tb,0,not_applicable
9575,40,M,28.1,1,0,0,0,0,0,0,0,1,0,0,0,0,N/A,normal,0,0,none,not_tb,0,not_applicable
9576,41,M,24.7,0,0,0,0,0,0,0,0,0,0,0,0,0,N/A,normal,0,0,none,not_tb,0,not_applicable
9577,24,M,22.8,0,0,0,0,0,0,0,0,0,0,0,0,0,N/A,old_tb_scar,1,0,none,not_tb,0,not_applicable
9578,26,F,23.1,1,0,0,0,1,1,0,0,0,1,2,0,1,not_detected,infiltrate,1,1,pulmonary,smear_negative_ptb,0,cured
9579,45,M,19.6,1,1,5,1,1,0,1,0,0,0,3,1,1,not_detected,pleural_effusion,1,1,pulmonary,smear_positive_ptb,0,failed
9580,57,M,20.5,0,1,9,0,0,1,0,0,1,1,2,1,1,not_detected,infiltrate,1,1,pulmonary,smear_positive_ptb,0,completed
9581,49,F,22.5,0,0,0,0,1,0,0,0,0,0,1,0,0,N/A,normal,0,0,none,not_tb,0,not_applicable
9582,52,M,23.0,1,0,0,1,0,0,0,0,1,0,1,0,0,N/A,normal,0,0,none,not_tb,0,not_applicable
9583,43,M,21.5,1,0,0,0,1,1,0,0,0,0,2,0,0,N/A,normal,0,0,none,not_tb,0,not_applicable
9584,25,F,24.9,1,0,0,0,0,0,0,0,0,0,0,0,0,N/A,normal,0,0,none,not_tb,0,not_applicable
9585,56,F,18.2,0,0,0,0,0,0,0,0,0,0,0,0,0,N/A,other_pathology,1,0,none,not_tb,0,not_applicable
9586,23,F,19.5,1,1,2,1,0,0,0,1,0,1,2,0,1,not_detected,normal,0,1,pulmonary,smear_negative_ptb,0,completed
9587,61,M,16.4,0,0,0,0,1,0,1,0,1,1,1,0,1,not_detected,normal,0,1,pulmonary,smear_negative_ptb,0,cured
9588,30,M,23.8,0,0,0,0,0,1,0,0,0,0,1,0,0,N/A,normal,0,0,none,not_tb,0,not_applicable
9589,48,F,30.4,0,0,0,0,0,0,0,0,0,0,0,0,0,N/A,infiltrate,1,0,none,not_tb,0,not_applicable
9590,26,M,24.4,1,0,0,0,0,0,0,0,0,0,0,0,0,N/A,normal,0,0,none,not_tb,0,not_applicable
9591,18,F,26.1,0,1,4,0,0,0,0,0,0,1,1,0,0,N/A,infiltrate,1,0,none,not_tb,0,not_applicable
9592,53,M,25.2,0,0,0,0,0,0,0,0,1,0,0,0,0,N/A,old_tb_scar,1,0,none,not_tb,0,not_applicable
9593,32,F,13.9,1,0,0,0,0,0,0,0,0,0,0,0,0,N/A,other_pathology,1,0,none,not_tb,0,not_applicable
9594,57,F,21.5,0,0,0,0,0,0,0,0,0,0,0,0,0,N/A,normal,0,0,none,not_tb,0,not_applicable
9595,42,M,23.6,0,0,0,0,0,0,1,0,0,0,0,0,1,not_detected,normal,0,0,none,not_tb,0,not_applicable
9596,48,M,14.7,0,0,0,0,0,0,0,0,0,0,0,0,0,N/A,normal,0,0,none,not_tb,0,not_applicable
9597,28,M,21.0,1,0,0,1,0,0,0,0,0,0,1,0,0,N/A,normal,0,0,none,not_tb,0,not_applicable
9598,27,M,18.3,0,0,0,1,1,1,0,1,1,1,3,1,1,not_detected,infiltrate,1,1,pulmonary,smear_positive_ptb,0,completed
9599,67,F,17.7,0,1,2,0,0,0,0,0,0,0,1,0,0,N/A,infiltrate,1,0,none,not_tb,0,not_applicable
9600,64,M,18.6,0,0,0,0,0,0,0,0,0,1,0,0,0,N/A,normal,0,0,none,not_tb,0,not_applicable
9601,59,M,21.8,0,0,0,1,1,1,0,0,1,1,3,1,1,not_detected,cavity,1,1,pulmonary,smear_positive_ptb,0,cured
9602,22,M,12.0,0,0,0,0,1,0,1,0,1,0,1,0,0,N/A,cavity,1,1,pulmonary,smear_negative_ptb,0,cured
9603,53,F,23.0,0,0,0,0,0,1,0,0,1,0,1,0,0,N/A,normal,0,0,none,not_tb,0,not_applicable
9604,31,M,21.4,1,0,0,1,1,0,1,1,1,1,2,0,1,not_detected,pleural_effusion,1,1,extrapulmonary,extrapulmonary_tb,0,lost_to_followup
9605,79,M,21.9,0,0,0,0,0,0,0,0,0,0,0,0,0,N/A,normal,0,0,none,not_tb,0,not_applicable
9606,28,F,26.9,0,0,0,0,0,0,0,0,0,0,0,0,0,N/A,normal,0,0,none,not_tb,0,not_applicable
9607,25,M,17.4,0,0,0,0,0,1,0,1,1,0,1,0,1,not_detected,infiltrate,1,1,pulmonary,smear_negative_ptb,0,cured
9608,24,M,18.8,1,0,0,0,0,0,0,0,0,1,0,0,0,N/A,normal,0,0,none,not_tb,0,not_applicable
9609,41,F,18.5,1,1,6,0,0,0,0,0,1,0,1,0,0,N/A,normal,0,1,extrapulmonary,extrapulmonary_tb,0,failed
9610,39,M,17.5,1,0,0,1,1,1,0,0,0,0,3,1,1,not_detected,infiltrate,1,1,pulmonary,smear_positive_ptb,0,died
9611,20,F,20.0,0,0,0,1,0,0,0,0,0,0,1,0,0,N/A,old_tb_scar,1,0,none,not_tb,0,not_applicable
9612,23,F,21.4,0,0,0,0,0,0,0,0,0,1,0,0,0,N/A,normal,0,0,none,not_tb,0,not_applicable
9613,28,F,16.5,1,1,9,1,1,1,0,1,0,1,4,0,0,N/A,pleural_effusion,1,1,extrapulmonary,extrapulmonary_tb,0,cured
9614,35,M,19.1,0,0,0,0,0,0,0,0,0,0,0,0,0,N/A,normal,0,0,none,not_tb,0,not_applicable
9615,34,M,18.1,1,0,0,0,0,0,0,0,1,0,0,0,0,N/A,infiltrate,1,0,none,not_tb,0,not_applicable
9616,38,M,19.5,0,0,0,1,0,0,0,1,1,1,1,0,0,N/A,normal,0,1,extrapulmonary,extrapulmonary_tb,0,cured
9617,40,M,16.0,0,1,6,1,0,0,0,0,1,1,2,0,1,not_detected,pleural_effusion,1,1,pulmonary,smear_negative_ptb,0,completed
9618,32,M,17.7,1,0,0,0,0,0,0,0,0,0,0,0,0,N/A,normal,0,0,none,not_tb,0,not_applicable
9619,42,F,18.2,0,0,0,0,0,0,0,0,0,1,0,0,0,N/A,normal,0,0,none,not_tb,0,not_applicable
9620,50,F,19.0,0,1,7,1,1,0,0,0,1,0,3,0,1,not_detected,miliary,1,1,pulmonary,smear_negative_ptb,0,cured
9621,43,M,20.2,0,1,5,0,0,0,0,0,1,1,1,1,1,not_detected,cavity,1,1,pulmonary,smear_positive_ptb,0,cured
9622,43,F,24.6,0,1,3,0,0,0,0,0,0,0,1,0,0,N/A,normal,0,0,none,not_tb,0,not_applicable
9623,29,F,22.8,1,0,0,0,0,0,0,0,0,0,0,0,0,N/A,normal,0,0,none,not_tb,0,not_applicable
9624,29,F,19.8,1,1,7,1,1,1,0,0,1,1,4,0,1,detected,normal,0,1,extrapulmonary,extrapulmonary_tb,1,cured
9625,34,F,18.4,1,0,0,1,1,0,0,1,0,0,2,1,1,not_detected,cavity,1,1,pulmonary,smear_positive_ptb,0,cured
9626,29,F,23.6,0,0,0,0,0,0,0,0,0,0,0,0,0,N/A,normal,0,0,none,not_tb,0,not_applicable
9627,26,M,19.6,0,1,7,1,0,1,0,0,0,1,3,0,0,N/A,pleural_effusion,1,1,pulmonary,smear_negative_ptb,0,cured
9628,21,M,19.4,0,0,0,0,0,0,0,0,0,0,0,0,0,N/A,normal,0,0,none,not_tb,0,not_applicable
9629,30,F,18.2,0,0,0,0,0,0,0,1,0,0,0,0,0,N/A,normal,0,0,none,not_tb,0,not_applicable
9630,33,F,26.7,0,0,0,0,0,1,0,0,0,0,1,0,0,N/A,normal,0,0,none,not_tb,0,not_applicable
9631,22,F,22.4,0,0,0,0,0,0,0,1,0,0,0,0,0,N/A,normal,0,0,none,not_tb,0,not_applicable
9632,39,F,25.7,0,1,3,0,0,0,0,0,0,1,1,0,0,N/A,infiltrate,1,0,none,not_tb,0,not_applicable
9633,39,M,18.2,1,0,0,0,0,0,0,0,0,0,0,0,0,N/A,normal,0,0,none,not_tb,0,not_applicable
9634,35,M,20.6,0,0,0,0,0,0,0,0,0,0,0,0,0,N/A,normal,0,0,none,not_tb,0,not_applicable
9635,33,F,17.2,0,0,0,1,0,1,0,0,0,0,2,0,0,N/A,normal,0,0,none,not_tb,0,not_applicable
9636,35,M,24.3,0,1,4,0,0,0,0,0,0,0,1,0,0,N/A,normal,0,0,none,not_tb,0,not_applicable
9637,61,M,19.8,0,0,0,0,0,0,0,1,0,0,0,0,0,N/A,normal,0,0,none,not_tb,0,not_applicable
9638,48,F,20.1,0,0,0,0,0,0,0,0,0,0,0,0,0,N/A,normal,0,0,none,not_tb,0,not_applicable
9639,58,F,23.4,0,0,0,1,0,0,0,0,1,1,1,0,1,not_detected,infiltrate,1,1,extrapulmonary,extrapulmonary_tb,0,cured
9640,22,M,20.2,1,1,11,0,1,0,0,1,0,1,2,0,1,not_detected,cavity,1,1,pulmonary,smear_negative_ptb,0,died
9641,50,F,24.3,0,0,0,1,0,0,0,0,0,0,1,0,0,N/A,old_tb_scar,1,0,none,not_tb,0,not_applicable
9642,35,M,15.5,1,1,3,0,1,1,0,1,1,0,3,0,1,not_detected,cavity,1,1,pulmonary,smear_negative_ptb,0,completed
9643,36,F,13.9,1,0,0,0,0,0,0,0,1,1,0,1,1,not_detected,pleural_effusion,1,1,pulmonary,smear_positive_ptb,0,cured
9644,33,M,25.4,1,0,0,0,0,0,0,0,0,0,0,0,0,N/A,other_pathology,1,0,none,not_tb,0,not_applicable
9645,27,F,14.2,0,0,0,0,0,0,0,0,1,0,0,0,0,N/A,infiltrate,1,0,none,not_tb,0,not_applicable
9646,41,M,20.2,0,1,2,0,0,0,0,0,0,0,1,0,0,N/A,other_pathology,1,0,none,not_tb,0,not_applicable
9647,39,M,19.2,0,0,0,0,0,0,0,0,1,0,0,0,0,N/A,normal,0,0,none,not_tb,0,not_applicable
9648,59,M,16.2,0,1,5,0,0,1,0,0,1,1,2,1,1,not_detected,infiltrate,1,1,pulmonary,smear_positive_ptb,0,completed
9649,25,M,20.5,1,0,0,0,0,0,1,0,1,0,0,0,0,N/A,old_tb_scar,1,0,none,not_tb,0,not_applicable
9650,31,M,18.3,0,0,0,1,0,0,0,1,0,0,1,0,0,N/A,other_pathology,1,0,none,not_tb,0,not_applicable
9651,36,F,17.7,1,1,2,0,0,0,0,0,1,0,1,0,1,not_detected,normal,0,0,none,not_tb,0,not_applicable
9652,44,F,22.9,0,1,3,0,0,0,0,0,0,0,1,0,0,N/A,normal,0,0,none,not_tb,0,not_applicable
9653,27,M,21.2,0,0,0,1,0,1,0,0,0,1,2,1,1,not_detected,pleural_effusion,1,1,pulmonary,smear_positive_ptb,0,died
9654,34,F,15.9,0,0,0,0,0,0,0,1,0,0,0,0,0,N/A,other_pathology,1,0,none,not_tb,0,not_applicable
9655,23,F,22.7,0,0,0,0,0,0,0,0,0,0,0,0,0,N/A,normal,0,0,none,not_tb,0,not_applicable
9656,45,F,23.9,0,0,0,0,0,0,0,0,0,0,0,0,0,N/A,normal,0,0,none,not_tb,0,not_applicable
9657,23,M,19.6,1,0,0,0,1,0,0,1,1,1,1,0,0,N/A,pleural_effusion,1,1,extrapulmonary,extrapulmonary_tb,1,died
9658,16,M,21.2,0,0,0,0,0,0,0,0,0,0,0,0,0,N/A,normal,0,0,none,not_tb,0,not_applicable
9659,49,F,19.9,1,0,0,0,0,0,0,0,0,0,0,0,0,N/A,normal,0,0,none,not_tb,0,not_applicable
9660,18,M,20.4,0,1,8,1,1,1,1,1,1,1,4,0,0,N/A,normal,0,1,extrapulmonary,extrapulmonary_tb,0,cured
9661,42,M,23.2,0,0,0,0,0,0,0,1,1,0,0,0,0,N/A,normal,0,0,none,not_tb,0,not_applicable
9662,31,F,13.8,0,1,4,1,1,0,0,0,1,0,3,1,0,N/A,infiltrate,1,1,pulmonary,smear_positive_ptb,0,completed
9663,46,M,17.9,0,1,2,0,1,1,0,0,0,1,3,1,1,not_detected,cavity,1,1,pulmonary,smear_positive_ptb,0,cured
9664,53,F,22.2,0,0,0,0,0,0,0,0,0,0,0,0,0,N/A,normal,0,0,none,not_tb,0,not_applicable
9665,65,M,18.2,0,0,0,0,0,0,0,0,0,0,0,0,0,N/A,other_pathology,1,0,none,not_tb,0,not_applicable
9666,58,F,21.1,0,0,0,0,0,0,0,0,0,0,0,0,0,N/A,normal,0,0,none,not_tb,0,not_applicable
9667,19,F,23.7,0,0,0,0,0,1,0,0,0,0,1,0,0,N/A,other_pathology,1,0,none,not_tb,0,not_applicable
9668,32,F,19.1,0,0,0,0,0,0,0,0,0,0,0,0,0,N/A,normal,0,0,none,not_tb,0,not_applicable
9669,25,F,22.8,1,0,0,1,0,0,0,0,0,0,1,0,0,N/A,normal,0,0,none,not_tb,0,not_applicable
9670,46,F,16.0,1,0,0,1,1,1,0,0,0,0,3,0,0,N/A,normal,0,1,pulmonary,smear_negative_ptb,0,cured
9671,45,M,17.7,0,0,0,0,0,1,0,0,0,0,1,0,0,N/A,normal,0,0,none,not_tb,0,not_applicable
9672,46,F,24.2,0,0,0,0,0,0,0,0,0,0,0,0,0,N/A,normal,0,0,none,not_tb,0,not_applicable
9673,42,F,26.1,1,0,0,0,0,0,0,0,0,0,0,0,0,N/A,other_pathology,1,0,none,not_tb,0,not_applicable
9674,45,M,17.9,0,0,0,0,0,1,0,0,1,0,1,0,0,N/A,normal,0,0,none,not_tb,0,not_applicable
9675,39,M,20.9,1,0,0,1,1,1,0,1,1,0,3,1,1,not_detected,infiltrate,1,1,pulmonary,smear_positive_ptb,0,died
9676,24,M,22.0,0,0,0,0,0,0,0,0,0,0,0,0,0,N/A,normal,0,0,none,not_tb,0,not_applicable
9677,37,F,14.3,0,0,0,1,0,0,0,0,0,0,1,0,0,N/A,old_tb_scar,1,0,none,not_tb,0,not_applicable
9678,53,F,17.0,0,0,0,0,0,0,1,0,0,0,0,0,0,N/A,normal,0,0,none,not_tb,0,not_applicable
9679,40,M,20.0,1,0,0,0,1,1,0,1,0,0,2,0,1,not_detected,miliary,1,1,pulmonary,smear_negative_ptb,0,completed
9680,46,M,14.4,1,1,5,1,1,0,1,1,0,1,3,0,1,not_detected,normal,0,1,pulmonary,smear_negative_ptb,0,cured
9681,50,M,17.0,0,1,3,1,1,0,0,1,1,0,3,1,1,not_detected,pleural_effusion,1,1,pulmonary,smear_positive_ptb,0,cured
9682,40,M,21.7,0,0,0,0,0,0,0,0,0,0,0,0,0,N/A,normal,0,0,none,not_tb,0,not_applicable
9683,33,F,19.6,1,0,0,0,0,1,0,0,1,1,1,0,1,not_detected,infiltrate,1,1,pulmonary,smear_negative_ptb,0,lost_to_followup
9684,47,M,22.6,0,0,0,1,0,0,0,0,0,0,1,0,0,N/A,normal,0,0,none,not_tb,0,not_applicable
9685,30,M,22.4,1,0,0,1,1,0,0,1,1,1,2,0,0,N/A,infiltrate,1,1,pulmonary,smear_negative_ptb,0,cured
9686,56,M,16.5,0,1,6,0,1,0,0,0,1,0,2,1,1,not_detected,normal,0,1,pulmonary,smear_positive_ptb,0,cured
9687,34,F,22.3,0,0,0,0,0,0,0,0,0,0,0,0,0,N/A,other_pathology,1,0,none,not_tb,0,not_applicable
9688,54,F,19.6,1,1,6,0,1,1,0,0,1,0,3,1,1,not_detected,pleural_effusion,1,1,pulmonary,smear_positive_ptb,0,cured
9689,31,M,24.5,0,0,0,0,0,0,0,0,0,0,0,0,0,N/A,normal,0,0,none,not_tb,0,not_applicable
9690,49,M,21.1,0,1,7,1,1,1,0,1,1,1,4,1,1,not_detected,pleural_effusion,1,1,pulmonary,smear_positive_ptb,0,completed
9691,31,M,20.5,0,0,0,0,0,1,0,0,0,0,1,0,0,N/A,normal,0,0,none,not_tb,0,not_applicable
9692,53,M,20.1,0,0,0,0,1,0,0,1,0,1,1,0,1,not_detected,infiltrate,1,1,extrapulmonary,extrapulmonary_tb,0,cured
9693,51,F,16.2,0,1,6,1,1,0,1,0,1,1,3,0,1,not_detected,miliary,1,1,pulmonary,smear_negative_ptb,0,cured
9694,61,M,18.3,0,0,0,0,1,0,0,0,1,1,1,1,0,N/A,normal,0,1,pulmonary,smear_positive_ptb,0,cured
9695,65,M,23.8,0,0,0,1,0,1,0,0,0,0,2,0,0,N/A,normal,0,0,none,not_tb,0,not_applicable
9696,17,M,20.9,0,1,4,1,0,1,0,0,1,0,3,0,1,not_detected,infiltrate,1,1,pulmonary,smear_negative_ptb,0,completed
9697,29,M,24.0,1,0,0,1,0,0,0,0,0,0,1,0,0,N/A,normal,0,0,none,not_tb,0,not_applicable
9698,57,M,18.7,1,0,0,0,1,1,0,0,1,1,2,0,0,N/A,miliary,1,1,pulmonary,smear_negative_ptb,0,cured
9699,18,M,18.3,0,1,9,0,1,1,0,0,0,1,3,1,1,not_detected,infiltrate,1,1,pulmonary,smear_positive_ptb,0,completed
9700,17,M,23.9,1,0,0,0,0,0,0,0,0,0,0,0,0,N/A,normal,0,0,none,not_tb,0,not_applicable
9701,53,M,29.7,0,0,0,1,0,1,0,0,0,0,2,0,0,N/A,normal,0,0,none,not_tb,0,not_applicable
9702,41,M,25.0,0,0,0,0,0,1,0,0,0,0,1,0,0,N/A,normal,0,0,none,not_tb,0,not_applicable
9703,65,F,19.5,1,0,0,1,0,0,0,0,1,1,1,0,0,N/A,normal,0,1,extrapulmonary,extrapulmonary_tb,0,failed
9704,36,M,17.2,0,0,0,1,0,0,0,0,0,0,1,0,0,N/A,other_pathology,1,0,none,not_tb,0,not_applicable
9705,41,M,19.0,0,0,0,0,1,0,0,0,1,0,1,0,0,N/A,normal,0,0,none,not_tb,0,not_applicable
9706,47,M,20.9,0,0,0,0,0,0,0,0,0,0,0,0,0,N/A,normal,0,0,none,not_tb,0,not_applicable
9707,32,F,25.2,0,0,0,0,0,0,0,0,0,0,0,0,0,N/A,normal,0,0,none,not_tb,0,not_applicable
9708,37,F,18.7,0,0,0,0,0,0,0,0,0,0,0,0,0,N/A,other_pathology,1,0,none,not_tb,0,not_applicable
9709,43,F,24.2,0,0,0,0,0,0,0,1,0,0,0,0,0,N/A,other_pathology,1,0,none,not_tb,0,not_applicable
9710,52,F,22.4,0,0,0,0,0,0,0,0,0,0,0,0,0,N/A,normal,0,0,none,not_tb,0,not_applicable
9711,37,F,23.2,1,0,0,0,0,0,0,1,0,0,0,0,0,N/A,normal,0,0,none,not_tb,0,not_applicable
9712,25,M,21.2,0,1,5,0,0,0,0,0,0,0,1,0,0,N/A,normal,0,0,none,not_tb,0,not_applicable
9713,31,F,17.0,1,1,3,1,0,0,0,1,1,1,2,0,0,N/A,cavity,1,1,pulmonary,smear_negative_ptb,0,died
9714,53,F,18.6,1,0,0,0,0,0,0,0,0,0,0,0,0,N/A,normal,0,0,none,not_tb,0,not_applicable
9715,39,M,20.0,1,1,7,1,1,1,0,0,0,1,4,1,1,not_detected,cavity,1,1,pulmonary,smear_positive_ptb,0,failed
9716,48,M,18.3,0,1,9,1,0,1,0,0,1,1,3,1,1,not_detected,infiltrate,1,1,pulmonary,smear_positive_ptb,0,completed
9717,56,M,18.2,0,0,0,0,0,0,0,0,0,0,0,0,0,N/A,normal,0,0,none,not_tb,0,not_applicable
9718,36,M,22.8,0,0,0,0,0,0,0,1,1,0,0,0,1,not_detected,normal,0,0,none,not_tb,0,not_applicable
9719,19,F,34.0,0,0,0,0,0,0,0,0,0,0,0,0,0,N/A,normal,0,0,none,not_tb,0,not_applicable
9720,27,M,21.3,0,0,0,0,0,0,0,0,0,1,0,0,0,N/A,old_tb_scar,1,0,none,not_tb,0,not_applicable
9721,19,F,27.8,0,0,0,0,0,0,0,0,1,0,0,0,0,N/A,other_pathology,1,0,none,not_tb,0,not_applicable
9722,66,F,12.0,0,1,9,0,0,0,0,1,1,0,1,0,0,N/A,infiltrate,1,1,pulmonary,smear_negative_ptb,0,cured
9723,66,M,21.1,0,0,0,0,0,0,0,0,0,0,0,0,0,N/A,old_tb_scar,1,0,none,not_tb,0,not_applicable
9724,45,M,20.9,1,0,0,1,1,1,0,0,1,1,3,1,1,not_detected,infiltrate,1,1,pulmonary,smear_positive_ptb,0,cured
9725,26,F,22.1,0,0,0,0,0,0,0,0,0,0,0,0,0,N/A,normal,0,0,none,not_tb,0,not_applicable
9726,36,F,16.9,0,0,0,1,0,1,1,0,1,1,2,0,1,not_detected,infiltrate,1,1,pulmonary,smear_negative_ptb,0,cured
9727,58,M,21.9,0,0,0,1,0,0,0,0,0,0,1,0,0,N/A,old_tb_scar,1,0,none,not_tb,0,not_applicable
9728,51,M,25.4,1,0,0,0,0,0,0,0,0,0,0,0,0,N/A,normal,0,0,none,not_tb,0,not_applicable
9729,27,F,29.5,0,0,0,0,1,0,0,0,0,0,1,0,0,N/A,normal,0,0,none,not_tb,0,not_applicable
9730,63,F,25.7,0,0,0,0,0,0,0,0,0,0,0,0,0,N/A,other_pathology,1,0,none,not_tb,0,not_applicable
9731,34,M,17.2,1,1,6,0,1,0,0,0,1,1,2,0,0,N/A,normal,0,1,extrapulmonary,extrapulmonary_tb,0,cured
9732,44,M,21.2,0,0,0,0,0,0,0,0,0,0,0,0,0,N/A,normal,0,0,none,not_tb,0,not_applicable
9733,34,F,21.2,0,0,0,0,1,0,0,1,0,1,1,0,0,N/A,other_pathology,1,0,none,not_tb,0,not_applicable
9734,17,M,16.3,0,1,6,1,1,0,0,1,0,0,3,0,0,N/A,cavity,1,1,pulmonary,smear_negative_ptb,0,lost_to_followup
9735,22,M,21.5,0,0,0,0,0,0,0,0,0,0,0,1,0,N/A,normal,0,0,none,not_tb,0,not_applicable
9736,25,F,21.0,0,0,0,0,0,0,0,0,0,0,0,0,0,N/A,normal,0,0,none,not_tb,0,not_applicable
9737,37,M,15.5,0,1,5,1,1,0,0,1,1,1,3,1,1,not_detected,pleural_effusion,1,1,pulmonary,smear_positive_ptb,0,cured
9738,21,M,24.9,0,0,0,0,0,0,0,0,1,0,0,0,0,N/A,normal,0,0,none,not_tb,0,not_applicable
9739,31,F,19.6,1,1,4,0,0,1,0,0,1,0,2,0,0,N/A,infiltrate,1,1,extrapulmonary,extrapulmonary_tb,0,cured
9740,33,F,19.8,1,0,0,1,0,0,0,1,0,0,1,0,0,N/A,normal,0,0,none,not_tb,0,not_applicable
9741,39,M,22.5,0,1,4,0,0,0,0,1,0,0,1,0,0,N/A,other_pathology,1,0,none,not_tb,0,not_applicable
9742,28,M,18.6,1,1,2,0,0,0,0,0,0,0,1,0,1,not_detected,normal,0,0,none,not_tb,0,not_applicable
9743,18,M,20.1,0,0,0,0,0,0,0,1,0,0,0,0,0,N/A,normal,0,0,none,not_tb,0,not_applicable
9744,22,F,20.2,1,0,0,1,1,0,0,1,0,0,2,1,1,not_detected,pleural_effusion,1,1,pulmonary,smear_positive_ptb,0,cured
9745,42,F,23.6,0,0,0,0,0,0,0,1,0,0,0,0,0,N/A,normal,0,0,none,not_tb,0,not_applicable
9746,37,F,20.2,0,0,0,0,0,1,0,0,0,0,1,0,0,N/A,infiltrate,1,0,none,not_tb,0,not_applicable
9747,41,F,19.3,0,1,6,1,0,0,0,1,1,0,2,1,1,not_detected,infiltrate,1,1,pulmonary,smear_positive_ptb,0,cured
9748,56,F,21.7,0,0,0,0,0,0,0,0,0,0,0,0,0,N/A,normal,0,0,none,not_tb,0,not_applicable
9749,29,F,18.5,0,0,0,0,0,0,0,0,0,1,0,0,0,N/A,normal,0,0,none,not_tb,0,not_applicable
9750,37,M,21.4,1,0,0,0,0,0,0,0,0,0,0,0,0,N/A,other_pathology,1,0,none,not_tb,0,not_applicable
9751,42,F,19.6,0,0,0,1,0,1,0,1,1,1,2,0,0,N/A,infiltrate,1,1,extrapulmonary,extrapulmonary_tb,0,cured
9752,42,F,19.3,1,0,0,0,0,0,1,0,1,1,0,0,1,detected,cavity,1,1,pulmonary,smear_negative_ptb,1,lost_to_followup
9753,41,M,16.1,0,0,0,0,0,1,0,1,0,0,1,0,0,N/A,normal,0,0,none,not_tb,0,not_applicable
9754,26,M,22.6,0,0,0,0,0,0,0,0,0,0,0,0,0,N/A,normal,0,0,none,not_tb,0,not_applicable
9755,59,F,22.1,0,0,0,0,0,0,1,0,0,0,0,0,0,N/A,normal,0,0,none,not_tb,0,not_applicable
9756,33,M,13.8,1,0,0,0,1,1,0,0,0,1,2,0,1,not_detected,pleural_effusion,1,1,pulmonary,smear_negative_ptb,0,cured
9757,42,F,16.5,1,1,6,1,0,1,0,0,0,0,3,0,0,N/A,normal,0,1,extrapulmonary,extrapulmonary_tb,0,completed
9758,29,M,23.7,0,0,0,0,0,0,0,0,1,0,0,0,0,N/A,old_tb_scar,1,0,none,not_tb,0,not_applicable
9759,54,M,26.8,0,0,0,0,0,0,0,0,0,0,0,0,0,N/A,infiltrate,1,0,none,not_tb,0,not_applicable
9760,37,M,14.4,0,1,3,1,1,0,0,0,0,1,3,0,0,N/A,normal,0,1,extrapulmonary,extrapulmonary_tb,0,cured
9761,50,F,20.9,0,0,0,0,1,1,0,1,1,1,2,0,1,not_detected,normal,0,1,pulmonary,smear_negative_ptb,0,cured
9762,28,M,15.4,0,0,0,0,0,0,0,0,1,0,0,0,0,N/A,normal,0,0,none,not_tb,0,not_applicable
9763,43,F,22.0,0,1,2,1,1,1,0,1,1,0,4,0,1,not_detected,miliary,1,1,pulmonary,smear_negative_ptb,0,failed
9764,73,M,21.2,0,0,0,0,0,0,0,0,0,0,0,0,0,N/A,normal,0,0,none,not_tb,0,not_applicable
9765,38,M,19.5,0,0,0,0,0,0,0,0,0,0,0,0,0,N/A,normal,0,0,none,not_tb,0,not_applicable
9766,22,M,23.2,0,0,0,1,0,0,1,0,1,0,1,0,0,N/A,normal,0,0,none,not_tb,0,not_applicable
9767,45,M,18.6,0,0,0,0,0,0,0,0,0,0,0,0,0,N/A,normal,0,0,none,not_tb,0,not_applicable
9768,28,F,19.8,0,1,6,0,0,1,0,0,0,0,2,1,1,not_detected,infiltrate,1,1,pulmonary,smear_positive_ptb,0,cured
9769,68,F,18.2,1,1,2,1,0,0,0,0,0,0,2,0,1,not_detected,infiltrate,1,1,pulmonary,smear_negative_ptb,0,died
9770,45,M,12.0,1,0,0,0,0,0,0,0,0,0,0,0,0,N/A,normal,0,0,none,not_tb,0,not_applicable
9771,56,M,16.5,1,1,5,1,1,0,0,1,1,0,3,1,1,detected,normal,0,1,pulmonary,smear_positive_ptb,1,cured
9772,51,F,19.0,0,0,0,1,1,0,0,0,1,0,2,1,1,not_detected,pleural_effusion,1,1,pulmonary,smear_positive_ptb,0,completed
9773,56,F,25.7,0,0,0,0,0,0,0,0,0,1,0,0,0,N/A,normal,0,0,none,not_tb,0,not_applicable
9774,36,M,19.3,1,0,0,0,0,1,0,1,1,0,1,1,1,not_detected,normal,0,1,pulmonary,smear_positive_ptb,0,cured
9775,44,F,21.1,1,0,0,1,0,1,0,1,1,0,2,0,0,N/A,pleural_effusion,1,1,extrapulmonary,extrapulmonary_tb,0,completed
9776,25,M,18.9,0,0,0,0,0,0,0,0,0,0,0,0,0,N/A,normal,0,0,none,not_tb,0,not_applicable
9777,40,M,20.3,1,0,0,1,1,0,0,1,1,1,2,0,1,not_detected,cavity,1,1,pulmonary,smear_negative_ptb,0,cured
9778,37,F,20.4,1,1,4,1,0,1,0,1,1,0,3,0,0,N/A,normal,0,1,extrapulmonary,extrapulmonary_tb,0,cured
9779,34,F,14.4,1,1,6,0,0,1,0,1,1,1,2,1,1,not_detected,cavity,1,1,pulmonary,smear_positive_ptb,0,died
9780,36,F,25.8,0,0,0,0,0,0,0,0,1,0,0,0,0,N/A,old_tb_scar,1,0,none,not_tb,0,not_applicable
9781,65,M,23.1,0,1,4,0,0,0,0,0,0,0,1,0,0,N/A,normal,0,0,none,not_tb,0,not_applicable
9782,60,M,21.0,0,0,0,0,0,0,0,0,0,0,0,0,0,N/A,normal,0,0,none,not_tb,0,not_applicable
9783,43,F,17.8,1,1,2,1,0,1,0,1,1,0,3,1,1,not_detected,normal,0,1,pulmonary,smear_positive_ptb,0,cured
9784,38,M,18.4,1,0,0,0,0,0,0,1,1,0,0,0,0,N/A,normal,0,0,none,not_tb,0,not_applicable
9785,51,M,24.2,0,0,0,1,0,0,0,0,0,0,1,0,0,N/A,normal,0,0,none,not_tb,0,not_applicable
9786,31,F,23.1,0,0,0,0,0,1,0,0,0,0,1,0,0,N/A,old_tb_scar,1,0,none,not_tb,0,not_applicable
9787,53,M,24.0,0,0,0,0,0,0,0,0,0,0,0,0,0,N/A,normal,0,0,none,not_tb,0,not_applicable
9788,50,M,18.7,0,0,0,1,1,1,0,1,1,0,3,0,0,N/A,miliary,1,1,pulmonary,smear_negative_ptb,0,cured
9789,64,M,22.7,0,0,0,0,0,0,0,0,0,0,0,0,0,N/A,normal,0,0,none,not_tb,0,not_applicable
9790,30,F,17.8,1,0,0,1,0,1,0,1,1,0,2,1,1,not_detected,cavity,1,1,pulmonary,smear_positive_ptb,0,died
9791,53,M,21.2,0,1,4,1,1,1,0,0,1,1,4,1,1,not_detected,pleural_effusion,1,1,pulmonary,smear_positive_ptb,0,died
9792,36,M,24.1,0,0,0,0,0,0,0,0,0,0,0,0,0,N/A,normal,0,0,none,not_tb,0,not_applicable
9793,44,M,22.6,1,0,0,1,0,1,0,0,0,0,2,0,0,N/A,normal,0,0,none,not_tb,0,not_applicable
9794,25,M,21.5,0,0,0,0,0,0,0,0,0,0,0,0,0,N/A,other_pathology,1,0,none,not_tb,0,not_applicable
9795,58,M,15.8,1,0,0,0,0,0,0,0,0,0,0,0,0,N/A,normal,0,0,none,not_tb,0,not_applicable
9796,36,F,15.1,0,0,0,0,0,1,0,0,0,0,1,0,0,N/A,infiltrate,1,0,none,not_tb,0,not_applicable
9797,45,M,17.6,1,1,7,1,1,1,0,1,1,1,4,0,0,N/A,normal,0,1,extrapulmonary,extrapulmonary_tb,1,died
9798,41,M,26.4,0,0,0,0,0,0,0,0,0,0,0,0,0,N/A,normal,0,0,none,not_tb,0,not_applicable
9799,53,M,19.5,0,0,0,0,0,0,0,0,1,0,0,0,0,N/A,normal,0,0,none,not_tb,0,not_applicable
9800,39,M,19.7,0,1,2,0,0,0,0,0,1,0,1,0,0,N/A,normal,0,0,none,not_tb,0,not_applicable
9801,17,M,16.1,0,1,2,1,0,1,0,1,0,1,3,0,1,detected,pleural_effusion,1,1,pulmonary,smear_negative_ptb,1,failed
9802,69,F,17.5,0,0,0,0,0,0,0,0,0,0,0,0,0,N/A,normal,0,0,none,not_tb,0,not_applicable
9803,33,F,18.8,0,0,0,0,0,0,0,0,1,0,0,0,0,N/A,normal,0,0,none,not_tb,0,not_applicable
9804,42,F,19.2,1,1,10,1,1,0,0,0,1,0,3,0,1,not_detected,infiltrate,1,1,extrapulmonary,extrapulmonary_tb,0,died
9805,51,M,17.3,0,1,6,1,0,1,0,0,1,1,3,1,1,not_detected,pleural_effusion,1,1,pulmonary,smear_positive_ptb,0,cured
9806,37,F,17.2,1,1,5,0,1,1,0,0,0,1,3,0,0,N/A,normal,0,1,extrapulmonary,extrapulmonary_tb,0,completed
9807,21,F,19.8,0,0,0,0,0,1,0,1,1,0,1,0,0,N/A,normal,0,0,none,not_tb,0,not_applicable
9808,31,M,19.1,1,0,0,1,1,1,0,1,1,1,3,1,1,not_detected,infiltrate,1,1,pulmonary,smear_positive_ptb,0,cured
9809,20,M,23.4,0,0,0,0,0,0,0,0,0,0,0,0,0,N/A,normal,0,0,none,not_tb,0,not_applicable
9810,25,F,15.5,1,0,0,0,0,0,0,0,0,0,0,0,0,N/A,other_pathology,1,0,none,not_tb,0,not_applicable
9811,16,M,19.3,0,0,0,0,0,0,0,0,0,0,0,0,0,N/A,normal,0,0,none,not_tb,0,not_applicable
9812,59,M,21.7,0,0,0,0,0,0,0,0,0,1,0,0,0,N/A,normal,0,0,none,not_tb,0,not_applicable
9813,29,F,23.5,1,0,0,0,0,0,0,0,0,0,0,0,0,N/A,normal,0,0,none,not_tb,0,not_applicable
9814,45,M,18.8,0,1,3,1,0,1,0,0,0,1,3,0,0,N/A,infiltrate,1,1,extrapulmonary,extrapulmonary_tb,0,cured
9815,28,F,24.9,1,0,0,1,0,0,0,0,0,0,1,0,0,N/A,normal,0,0,none,not_tb,0,not_applicable
9816,66,M,17.1,0,1,7,0,0,0,0,0,0,0,1,0,0,N/A,other_pathology,1,0,none,not_tb,0,not_applicable
9817,55,M,23.5,0,0,0,0,0,0,0,1,1,0,0,0,0,N/A,infiltrate,1,0,none,not_tb,0,not_applicable
9818,38,M,23.6,0,0,0,1,0,0,0,1,1,1,1,1,1,not_detected,infiltrate,1,1,pulmonary,smear_positive_ptb,0,cured
9819,40,M,22.2,0,0,0,0,0,0,0,0,0,0,0,0,0,N/A,normal,0,0,none,not_tb,0,not_applicable
9820,52,F,18.7,0,1,6,1,1,1,0,0,1,1,4,1,1,not_detected,cavity,1,1,pulmonary,smear_positive_ptb,0,cured
9821,45,F,19.8,1,1,5,0,1,1,0,0,1,1,3,0,1,not_detected,infiltrate,1,1,pulmonary,smear_negative_ptb,0,cured
9822,47,F,20.1,1,0,0,0,0,0,0,1,1,1,0,0,0,N/A,normal,0,0,none,not_tb,0,not_applicable
9823,37,M,18.7,0,0,0,0,0,0,0,0,0,0,0,0,0,N/A,other_pathology,1,0,none,not_tb,0,not_applicable
9824,39,M,22.2,1,0,0,0,0,0,0,0,0,0,0,0,0,N/A,normal,0,0,none,not_tb,0,not_applicable
9825,38,M,14.4,0,1,4,1,0,1,0,1,0,0,3,1,1,not_detected,normal,0,1,pulmonary,smear_positive_ptb,0,completed
9826,37,M,23.4,0,0,0,0,0,0,0,0,0,0,0,0,0,N/A,infiltrate,1,0,none,not_tb,0,not_applicable
9827,29,F,24.0,1,0,0,1,0,0,0,0,0,0,1,0,0,N/A,old_tb_scar,1,0,none,not_tb,0,not_applicable
9828,28,M,16.4,0,0,0,0,0,0,0,0,0,0,0,0,0,N/A,old_tb_scar,1,0,none,not_tb,0,not_applicable
9829,30,M,22.6,0,0,0,0,0,0,0,0,0,0,0,0,0,N/A,other_pathology,1,0,none,not_tb,0,not_applicable
9830,50,M,18.0,0,1,4,0,0,1,0,0,0,1,2,1,1,not_detected,infiltrate,1,1,pulmonary,smear_positive_ptb,0,failed
9831,52,F,27.2,0,0,0,0,0,0,0,0,1,0,0,0,0,N/A,other_pathology,1,0,none,not_tb,0,not_applicable
9832,44,M,21.8,0,0,0,0,1,0,0,0,1,1,1,0,1,detected,infiltrate,1,1,pulmonary,smear_negative_ptb,1,died
9833,44,F,24.9,0,0,0,0,0,0,0,0,0,1,0,0,0,N/A,normal,0,0,none,not_tb,0,not_applicable
9834,18,F,26.2,0,1,7,0,0,0,0,0,0,0,1,0,0,N/A,normal,0,0,none,not_tb,0,not_applicable
9835,54,F,20.7,0,0,0,1,0,0,0,0,0,0,1,0,0,N/A,old_tb_scar,1,0,none,not_tb,0,not_applicable
9836,40,M,22.9,0,0,0,1,0,0,0,0,1,0,1,0,0,N/A,other_pathology,1,0,none,not_tb,0,not_applicable
9837,24,M,21.1,0,0,0,0,0,0,0,0,0,0,0,0,0,N/A,normal,0,0,none,not_tb,0,not_applicable
9838,50,M,18.5,0,0,0,0,0,0,0,1,0,0,0,0,0,N/A,normal,0,0,none,not_tb,0,not_applicable
9839,53,F,18.7,0,1,8,1,1,0,0,0,1,1,3,1,1,not_detected,infiltrate,1,1,pulmonary,smear_positive_ptb,0,cured
9840,37,F,18.3,1,1,4,1,0,0,0,0,0,0,2,0,0,N/A,pleural_effusion,1,1,extrapulmonary,extrapulmonary_tb,0,failed
9841,46,F,21.3,0,0,0,0,0,0,0,1,0,0,0,0,0,N/A,normal,0,0,none,not_tb,0,not_applicable
9842,26,M,21.8,0,0,0,1,0,0,0,1,0,0,1,0,0,N/A,normal,0,0,none,not_tb,0,not_applicable
9843,26,M,22.2,0,1,4,0,0,0,0,0,1,0,1,1,0,N/A,normal,0,0,none,not_tb,0,not_applicable
9844,71,F,25.1,0,0,0,1,0,0,0,1,0,0,1,0,0,N/A,normal,0,0,none,not_tb,0,not_applicable
9845,57,M,20.0,0,0,0,1,0,0,0,0,1,0,1,0,0,N/A,other_pathology,1,0,none,not_tb,0,not_applicable
9846,24,M,17.5,0,1,2,0,0,0,0,0,0,1,1,0,0,N/A,normal,0,0,none,not_tb,0,not_applicable
9847,21,F,24.4,0,0,0,1,0,0,0,0,1,0,1,0,0,N/A,normal,0,0,none,not_tb,0,not_applicable
9848,48,M,20.6,0,0,0,0,1,0,0,0,0,1,1,0,0,N/A,normal,0,1,extrapulmonary,extrapulmonary_tb,0,lost_to_followup
9849,59,M,19.4,0,0,0,0,0,0,0,0,1,0,0,1,1,not_detected,cavity,1,1,pulmonary,smear_positive_ptb,0,lost_to_followup
9850,40,M,15.7,0,1,8,1,1,0,1,0,0,0,3,0,0,N/A,miliary,1,1,pulmonary,smear_negative_ptb,0,cured
9851,39,M,21.5,0,0,0,0,0,0,0,1,0,0,0,0,0,N/A,infiltrate,1,0,none,not_tb,0,not_applicable
9852,27,F,23.0,0,0,0,0,0,0,0,0,0,0,0,0,0,N/A,normal,0,0,none,not_tb,0,not_applicable
9853,63,M,18.3,0,0,0,0,0,0,0,0,0,0,0,0,0,N/A,old_tb_scar,1,0,none,not_tb,0,not_applicable
9854,24,M,16.6,1,0,0,0,0,0,0,0,1,0,0,1,1,not_detected,infiltrate,1,1,pulmonary,smear_positive_ptb,0,cured
9855,42,M,21.5,1,1,2,0,0,0,0,0,0,0,1,0,0,N/A,normal,0,0,none,not_tb,0,not_applicable
9856,45,M,26.1,0,0,0,0,0,0,0,0,1,1,0,0,0,N/A,other_pathology,1,0,none,not_tb,0,not_applicable
9857,31,F,22.8,0,0,0,0,0,1,0,0,1,0,1,0,0,N/A,normal,0,0,none,not_tb,0,not_applicable
9858,33,F,20.0,0,0,0,0,0,0,0,0,0,0,0,0,0,N/A,other_pathology,1,0,none,not_tb,0,not_applicable
9859,36,M,18.0,1,1,4,0,1,0,0,0,1,0,2,1,1,not_detected,cavity,1,1,pulmonary,smear_positive_ptb,0,cured
9860,54,M,16.8,1,1,2,1,1,1,0,0,1,0,4,1,1,detected,pleural_effusion,1,1,pulmonary,smear_positive_ptb,1,completed
9861,43,M,20.6,0,0,0,0,0,0,0,1,0,0,0,0,0,N/A,normal,0,0,none,not_tb,0,not_applicable
9862,63,M,24.5,0,0,0,0,0,0,0,0,0,0,0,0,0,N/A,normal,0,0,none,not_tb,0,not_applicable
9863,33,M,15.3,0,0,0,0,0,0,0,0,0,0,0,0,0,N/A,normal,0,0,none,not_tb,0,not_applicable
9864,38,F,26.6,0,0,0,0,0,1,0,0,1,0,1,0,0,N/A,normal,0,0,none,not_tb,0,not_applicable
9865,41,M,29.7,0,1,2,0,0,0,0,0,1,0,1,0,0,N/A,normal,0,0,none,not_tb,0,not_applicable
9866,69,M,22.6,0,0,0,0,0,0,0,0,0,0,0,0,0,N/A,normal,0,0,none,not_tb,0,not_applicable
9867,41,M,16.4,1,1,2,0,1,1,0,0,1,1,3,0,1,not_detected,infiltrate,1,1,pulmonary,smear_negative_ptb,0,lost_to_followup
9868,41,F,26.1,0,0,0,0,1,0,0,0,0,0,1,0,0,N/A,normal,0,0,none,not_tb,0,not_applicable
9869,29,M,23.0,0,0,0,0,0,0,0,0,0,0,0,0,0,N/A,infiltrate,1,0,none,not_tb,0,not_applicable
9870,31,F,20.2,1,0,0,0,0,0,0,0,1,0,0,0,0,N/A,normal,0,0,none,not_tb,0,not_applicable
9871,47,M,18.6,0,0,0,0,0,0,0,0,0,0,0,0,0,N/A,normal,0,0,none,not_tb,0,not_applicable
9872,30,F,20.6,0,0,0,0,0,0,0,1,0,0,0,0,0,N/A,normal,0,0,none,not_tb,0,not_applicable
9873,35,F,19.0,1,1,6,1,1,1,1,1,1,0,4,0,1,not_detected,infiltrate,1,1,pulmonary,smear_negative_ptb,0,lost_to_followup
9874,56,M,25.1,1,0,0,0,0,0,0,0,0,0,0,0,0,N/A,old_tb_scar,1,0,none,not_tb,0,not_applicable
9875,17,M,23.0,0,1,3,0,0,0,0,0,0,0,1,0,0,N/A,old_tb_scar,1,0,none,not_tb,0,not_applicable
9876,41,M,23.6,0,0,0,0,0,0,0,0,0,0,0,0,0,N/A,normal,0,0,none,not_tb,0,not_applicable
9877,54,F,20.8,0,0,0,0,0,0,0,1,0,0,0,0,0,N/A,normal,0,0,none,not_tb,0,not_applicable
9878,27,F,20.6,1,0,0,1,0,0,0,0,1,1,1,1,1,not_detected,infiltrate,1,1,pulmonary,smear_positive_ptb,0,cured
9879,41,M,18.0,0,1,6,1,1,0,0,0,0,0,3,1,1,not_detected,cavity,1,1,pulmonary,smear_positive_ptb,0,cured
9880,51,M,28.4,1,0,0,0,0,0,0,1,1,0,0,0,0,N/A,normal,0,0,none,not_tb,0,not_applicable
9881,38,M,16.9,0,0,0,0,1,1,0,0,1,0,2,0,1,not_detected,infiltrate,1,1,pulmonary,smear_negative_ptb,0,completed
9882,49,M,19.5,1,0,0,1,1,0,0,0,0,0,2,0,0,N/A,infiltrate,1,1,pulmonary,smear_negative_ptb,0,cured
9883,41,F,24.0,0,1,2,1,0,0,0,1,1,0,2,1,1,not_detected,infiltrate,1,1,pulmonary,smear_positive_ptb,0,cured
9884,49,M,25.6,0,0,0,0,0,0,0,0,0,0,0,0,0,N/A,normal,0,0,none,not_tb,0,not_applicable
9885,20,M,24.6,1,0,0,0,0,0,0,0,1,0,0,0,0,N/A,normal,0,0,none,not_tb,0,not_applicable
9886,41,F,19.2,0,0,0,0,0,1,0,0,0,0,1,1,1,not_detected,pleural_effusion,1,1,pulmonary,smear_positive_ptb,0,cured
9887,34,F,22.2,0,0,0,0,0,0,0,0,1,0,0,0,0,N/A,infiltrate,1,0,none,not_tb,0,not_applicable
9888,35,F,21.4,1,0,0,0,0,0,0,0,0,0,0,0,0,N/A,other_pathology,1,0,none,not_tb,0,not_applicable
9889,47,M,20.0,1,0,0,0,0,0,0,0,0,0,0,0,0,N/A,normal,0,0,none,not_tb,0,not_applicable
9890,44,F,16.6,0,0,0,0,0,0,0,0,0,1,0,0,0,N/A,infiltrate,1,0,none,not_tb,0,not_applicable
9891,32,M,24.2,0,0,0,0,0,0,0,1,0,0,0,0,0,N/A,old_tb_scar,1,0,none,not_tb,0,not_applicable
9892,44,M,16.6,0,0,0,0,0,0,0,0,0,0,0,0,0,N/A,old_tb_scar,1,0,none,not_tb,0,not_applicable
9893,46,M,24.3,0,0,0,0,0,0,0,0,1,0,0,0,0,N/A,normal,0,0,none,not_tb,0,not_applicable
9894,32,F,20.9,0,0,0,1,0,0,0,0,1,0,1,0,0,N/A,old_tb_scar,1,0,none,not_tb,0,not_applicable
9895,20,M,18.7,0,0,0,0,0,0,0,0,1,0,0,0,0,N/A,old_tb_scar,1,0,none,not_tb,0,not_applicable
9896,34,F,26.9,0,0,0,0,0,0,0,0,0,1,0,0,0,N/A,normal,0,0,none,not_tb,0,not_applicable
9897,52,F,16.9,0,0,0,0,0,0,0,0,0,0,0,0,0,N/A,normal,0,0,none,not_tb,0,not_applicable
9898,27,F,19.7,1,0,0,0,0,0,0,0,0,0,0,0,0,N/A,infiltrate,1,0,none,not_tb,0,not_applicable
9899,25,F,20.0,1,0,0,0,0,1,0,0,0,0,1,0,0,N/A,normal,0,0,none,not_tb,0,not_applicable
9900,44,F,22.5,0,1,4,0,0,0,0,0,0,0,1,0,0,N/A,normal,0,0,none,not_tb,0,not_applicable
9901,46,M,19.9,0,0,0,1,0,0,0,0,0,0,1,0,0,N/A,normal,0,0,none,not_tb,0,not_applicable
9902,84,M,22.2,0,1,6,1,0,1,0,1,1,0,3,0,1,not_detected,normal,0,1,pulmonary,smear_negative_ptb,0,completed
9903,40,F,15.1,1,1,7,1,1,0,0,1,1,0,3,0,1,not_detected,normal,0,1,pulmonary,smear_negative_ptb,0,cured
9904,36,M,36.3,0,0,0,1,0,0,0,0,1,0,1,0,0,N/A,normal,0,0,none,not_tb,0,not_applicable
9905,50,F,15.9,0,1,5,1,1,1,0,1,0,1,4,0,0,N/A,normal,0,1,extrapulmonary,extrapulmonary_tb,0,cured
9906,49,F,32.3,0,0,0,0,0,0,0,0,0,0,0,0,0,N/A,normal,0,0,none,not_tb,0,not_applicable
9907,32,M,21.2,1,0,0,1,1,1,1,1,0,1,3,0,1,not_detected,infiltrate,1,1,pulmonary,smear_negative_ptb,0,completed
9908,58,F,18.2,0,0,0,0,0,1,0,1,0,1,1,0,0,N/A,infiltrate,1,1,pulmonary,smear_negative_ptb,0,cured
9909,42,M,22.8,0,0,0,0,0,0,0,1,0,1,0,0,1,not_detected,normal,0,0,none,not_tb,0,not_applicable
9910,46,F,17.6,1,0,0,1,0,0,0,0,1,1,1,0,1,not_detected,normal,0,1,extrapulmonary,extrapulmonary_tb,1,lost_to_followup
9911,40,M,23.2,0,0,0,0,0,0,0,0,0,0,0,0,0,N/A,normal,0,0,none,not_tb,0,not_applicable
9912,46,F,19.4,0,0,0,0,0,1,0,0,1,0,1,0,0,N/A,other_pathology,1,0,none,not_tb,0,not_applicable
9913,58,F,20.3,0,1,5,1,0,0,0,1,1,0,2,1,1,not_detected,cavity,1,1,pulmonary,smear_positive_ptb,0,cured
9914,45,M,22.6,1,0,0,1,0,0,0,0,1,0,1,0,0,N/A,normal,0,0,none,not_tb,0,not_applicable
9915,32,M,18.5,0,0,0,0,0,1,0,1,0,0,1,0,0,N/A,normal,0,0,none,not_tb,0,not_applicable
9916,33,M,19.6,1,0,0,1,1,0,0,1,1,1,2,1,1,not_detected,infiltrate,1,1,pulmonary,smear_positive_ptb,0,completed
9917,38,M,19.4,0,0,0,1,1,0,0,1,0,0,2,1,1,not_detected,miliary,1,1,pulmonary,smear_positive_ptb,0,died
9918,39,M,16.7,1,1,4,0,1,1,0,0,1,1,3,1,1,not_detected,infiltrate,1,1,pulmonary,smear_positive_ptb,0,lost_to_followup
9919,34,M,20.5,0,0,0,0,0,0,0,1,0,0,0,0,0,N/A,normal,0,0,none,not_tb,0,not_applicable
9920,33,F,19.8,1,1,8,1,1,1,0,0,1,0,4,0,1,not_detected,miliary,1,1,pulmonary,smear_negative_ptb,0,died
9921,17,M,25.8,0,0,0,0,0,0,0,0,0,0,0,0,0,N/A,normal,0,0,none,not_tb,0,not_applicable
9922,21,M,21.5,0,0,0,0,0,0,1,0,0,0,0,0,0,N/A,old_tb_scar,1,0,none,not_tb,0,not_applicable
9923,51,F,25.3,0,0,0,0,0,0,0,0,0,0,0,0,0,N/A,normal,0,0,none,not_tb,0,not_applicable
9924,29,M,26.1,1,1,4,0,0,0,0,0,0,1,1,0,0,N/A,normal,0,0,none,not_tb,0,not_applicable
9925,51,M,26.6,0,0,0,0,0,0,0,0,0,0,0,0,0,N/A,normal,0,0,none,not_tb,0,not_applicable
9926,40,F,19.5,0,1,4,1,1,0,0,1,1,1,3,1,1,not_detected,cavity,1,1,pulmonary,smear_positive_ptb,0,cured
9927,35,F,18.8,0,0,0,0,0,0,0,0,1,0,0,1,0,N/A,normal,0,0,none,not_tb,0,not_applicable
9928,34,M,25.1,0,0,0,0,0,0,0,0,1,0,0,0,0,N/A,normal,0,0,none,not_tb,0,not_applicable
9929,43,F,21.3,0,0,0,0,0,1,0,0,0,0,1,0,0,N/A,normal,0,0,none,not_tb,0,not_applicable
9930,32,M,23.8,0,0,0,0,0,1,0,0,0,0,1,0,0,N/A,normal,0,0,none,not_tb,0,not_applicable
9931,58,M,16.9,0,1,6,1,0,1,0,1,0,0,3,0,0,N/A,miliary,1,1,pulmonary,smear_negative_ptb,0,cured
9932,53,F,19.9,1,0,0,0,0,0,0,0,0,0,0,0,0,N/A,infiltrate,1,0,none,not_tb,0,not_applicable
9933,48,M,19.5,1,0,0,0,0,0,0,0,0,1,0,0,0,N/A,normal,0,0,none,not_tb,0,not_applicable
9934,21,M,15.2,0,1,6,0,1,1,0,0,1,1,3,1,1,not_detected,infiltrate,1,1,pulmonary,smear_positive_ptb,0,cured
9935,42,F,19.9,0,0,0,1,0,0,0,0,0,0,1,0,0,N/A,infiltrate,1,0,none,not_tb,0,not_applicable
9936,19,M,18.4,0,0,0,0,0,0,0,0,0,0,0,0,0,N/A,normal,0,0,none,not_tb,0,not_applicable
9937,19,M,19.9,1,1,3,0,0,1,0,0,1,0,2,0,1,not_detected,normal,0,1,extrapulmonary,extrapulmonary_tb,0,cured
9938,48,M,18.3,0,0,0,0,0,0,0,0,1,0,0,0,0,N/A,other_pathology,1,0,none,not_tb,0,not_applicable
9939,52,F,16.8,0,1,8,1,1,1,0,1,0,0,4,0,1,not_detected,miliary,1,1,pulmonary,smear_negative_ptb,0,completed
9940,63,F,18.5,0,1,7,1,0,0,0,0,1,0,2,1,1,not_detected,infiltrate,1,1,pulmonary,smear_positive_ptb,0,cured
9941,45,F,23.0,0,1,2,1,0,0,0,0,1,1,2,1,1,not_detected,cavity,1,1,pulmonary,smear_positive_ptb,0,cured
9942,25,M,19.6,1,0,0,0,0,0,0,0,0,0,0,0,0,N/A,normal,0,0,none,not_tb,0,not_applicable
9943,35,F,15.0,1,0,0,1,0,1,0,0,1,0,2,0,1,not_detected,infiltrate,1,1,pulmonary,smear_negative_ptb,0,lost_to_followup
9944,38,M,17.4,1,0,0,0,0,0,0,0,0,1,0,0,0,N/A,old_tb_scar,1,0,none,not_tb,0,not_applicable
9945,54,M,19.0,0,0,0,0,0,1,0,0,0,0,1,0,0,N/A,old_tb_scar,1,0,none,not_tb,0,not_applicable
9946,42,M,19.7,0,0,0,1,0,0,0,0,0,0,1,0,0,N/A,normal,0,0,none,not_tb,0,not_applicable
9947,24,F,24.3,1,1,5,1,1,1,1,1,1,1,4,1,1,not_detected,cavity,1,1,pulmonary,smear_positive_ptb,0,cured
9948,26,M,20.9,0,1,4,1,1,1,0,0,0,0,4,0,1,not_detected,normal,0,1,extrapulmonary,extrapulmonary_tb,0,cured
9949,60,F,20.9,0,0,0,0,0,0,0,0,0,0,0,0,0,N/A,other_pathology,1,0,none,not_tb,0,not_applicable
9950,52,M,28.5,0,0,0,0,0,0,0,0,0,1,0,0,0,N/A,normal,0,0,none,not_tb,0,not_applicable
9951,48,M,17.0,0,0,0,0,1,1,0,1,0,1,2,1,1,not_detected,normal,0,1,pulmonary,smear_positive_ptb,0,cured
9952,41,F,17.5,0,1,4,1,0,1,1,0,1,0,3,1,1,not_detected,infiltrate,1,1,pulmonary,smear_positive_ptb,0,completed
9953,29,F,20.4,0,0,0,0,1,1,0,0,0,0,2,0,0,N/A,normal,0,0,none,not_tb,0,not_applicable
9954,41,M,25.6,0,0,0,0,0,0,0,0,0,0,0,0,0,N/A,normal,0,0,none,not_tb,0,not_applicable
9955,31,F,21.8,0,0,0,1,0,0,0,0,0,0,1,0,0,N/A,normal,0,0,none,not_tb,0,not_applicable
9956,35,M,22.3,1,1,4,0,0,1,0,1,1,1,2,0,0,N/A,infiltrate,1,1,extrapulmonary,extrapulmonary_tb,0,lost_to_followup
9957,37,F,23.5,1,0,0,0,0,0,0,0,0,0,0,0,0,N/A,other_pathology,1,0,none,not_tb,0,not_applicable
9958,38,M,20.8,1,0,0,0,1,1,0,0,1,0,2,1,1,not_detected,miliary,1,1,pulmonary,smear_positive_ptb,0,completed
9959,28,M,15.6,0,0,0,1,0,0,0,0,0,1,1,0,0,N/A,old_tb_scar,1,0,none,not_tb,0,not_applicable
9960,33,M,14.3,0,1,6,1,1,0,0,0,1,1,3,1,1,not_detected,infiltrate,1,1,pulmonary,smear_positive_ptb,0,cured
9961,21,M,14.3,1,1,6,1,1,0,1,1,1,1,3,0,1,not_detected,infiltrate,1,1,pulmonary,smear_negative_ptb,0,cured
9962,43,M,20.5,0,0,0,1,0,0,0,0,0,0,1,0,0,N/A,normal,0,0,none,not_tb,0,not_applicable
9963,34,M,14.7,0,1,3,1,1,0,0,0,1,1,3,0,1,not_detected,cavity,1,1,pulmonary,smear_negative_ptb,0,cured
9964,38,F,21.6,1,0,0,1,1,1,0,0,0,1,3,0,1,not_detected,infiltrate,1,1,pulmonary,smear_negative_ptb,0,cured
9965,22,M,21.3,0,0,0,1,0,0,0,0,0,0,1,0,0,N/A,normal,0,0,none,not_tb,0,not_applicable
9966,36,M,24.2,0,0,0,1,0,0,0,0,0,0,1,0,0,N/A,infiltrate,1,0,none,not_tb,0,not_applicable
9967,57,M,20.3,1,0,0,0,0,0,0,0,0,0,0,0,0,N/A,normal,0,0,none,not_tb,0,not_applicable
9968,33,F,20.6,0,1,2,1,0,1,0,1,0,1,3,1,1,not_detected,infiltrate,1,1,pulmonary,smear_positive_ptb,0,cured
9969,34,M,13.6,1,1,5,1,1,1,0,1,1,0,4,1,0,N/A,infiltrate,1,1,pulmonary,smear_positive_ptb,1,lost_to_followup
9970,34,M,21.8,0,0,0,0,0,0,1,0,1,0,0,0,0,N/A,normal,0,0,none,not_tb,0,not_applicable
9971,29,F,23.8,0,1,3,0,0,0,0,0,1,1,1,0,0,N/A,other_pathology,1,0,none,not_tb,0,not_applicable
9972,59,M,20.0,0,1,5,1,1,1,0,1,0,0,4,0,1,not_detected,infiltrate,1,1,pulmonary,smear_negative_ptb,0,cured
9973,21,F,20.9,0,0,0,0,0,1,0,0,0,0,1,1,0,N/A,old_tb_scar,1,0,none,not_tb,0,not_applicable
9974,28,M,14.2,1,1,5,1,0,1,0,1,1,1,3,0,1,not_detected,infiltrate,1,1,pulmonary,smear_negative_ptb,0,completed
9975,25,F,21.0,1,1,7,0,0,0,0,1,0,1,1,0,1,detected,pleural_effusion,1,1,extrapulmonary,extrapulmonary_tb,1,lost_to_followup
9976,55,M,17.5,0,1,7,1,0,1,0,0,0,1,3,1,1,not_detected,pleural_effusion,1,1,pulmonary,smear_positive_ptb,0,cured
9977,35,F,20.9,1,0,0,0,0,0,0,0,0,0,0,0,0,N/A,normal,0,0,none,not_tb,0,not_applicable
9978,26,F,24.0,0,1,2,1,1,1,1,1,1,0,4,1,1,not_detected,normal,0,1,pulmonary,smear_positive_ptb,0,completed
9979,48,M,18.7,0,1,4,0,1,0,0,0,1,0,2,0,1,not_detected,miliary,1,1,pulmonary,smear_negative_ptb,0,cured
9980,32,M,17.2,1,1,6,0,1,1,0,0,1,1,3,0,1,not_detected,cavity,1,1,pulmonary,smear_negative_ptb,0,cured
9981,52,M,20.0,0,0,0,0,0,0,0,0,0,0,0,0,0,N/A,normal,0,0,none,not_tb,0,not_applicable
9982,39,M,20.1,0,1,6,1,1,1,0,1,1,1,4,1,1,not_detected,infiltrate,1,1,pulmonary,smear_positive_ptb,0,cured
9983,32,F,19.1,0,0,0,0,0,0,0,0,0,0,0,0,0,N/A,normal,0,0,none,not_tb,0,not_applicable
9984,31,F,23.8,0,0,0,0,0,0,0,0,0,0,0,0,0,N/A,normal,0,0,none,not_tb,0,not_applicable
9985,38,F,21.3,0,0,0,1,0,1,0,1,1,1,2,1,1,not_detected,cavity,1,1,pulmonary,smear_positive_ptb,0,cured
9986,28,F,21.7,0,0,0,0,0,0,0,0,0,0,0,0,0,N/A,normal,0,0,none,not_tb,0,not_applicable
9987,50,F,25.5,0,1,2,0,0,0,0,0,0,0,1,0,0,N/A,normal,0,0,none,not_tb,0,not_applicable
9988,24,F,21.8,0,0,0,0,0,0,0,0,0,0,0,0,0,N/A,normal,0,0,none,not_tb,0,not_applicable
9989,33,M,19.6,0,1,2,0,0,0,0,0,1,1,1,0,0,N/A,normal,0,0,none,not_tb,0,not_applicable
9990,48,M,16.2,0,0,0,0,0,0,0,0,0,0,0,0,0,N/A,normal,0,0,none,not_tb,0,not_applicable
9991,34,M,23.0,1,0,0,0,0,0,0,0,0,1,0,0,0,N/A,normal,0,0,none,not_tb,0,not_applicable
9992,42,M,23.0,0,0,0,0,0,0,0,0,0,0,0,0,0,N/A,normal,0,0,none,not_tb,0,not_applicable
9993,41,M,21.0,1,1,6,1,1,0,0,0,0,1,3,0,1,not_detected,pleural_effusion,1,1,pulmonary,smear_negative_ptb,0,completed
9994,31,M,25.1,0,0,0,0,0,0,0,0,0,0,0,0,0,N/A,normal,0,0,none,not_tb,0,not_applicable
9995,31,M,29.2,0,0,0,0,0,0,0,0,0,0,0,0,0,N/A,normal,0,0,none,not_tb,0,not_applicable
9996,47,M,20.0,0,0,0,0,0,0,0,1,1,0,0,0,0,N/A,normal,0,0,none,not_tb,0,not_applicable
9997,19,M,23.2,0,0,0,0,0,0,0,0,0,0,0,0,0,N/A,infiltrate,1,0,none,not_tb,0,not_applicable
9998,46,M,19.6,0,0,0,0,0,0,0,0,0,0,0,0,1,not_detected,normal,0,0,none,not_tb,0,not_applicable
9999,43,M,20.8,1,1,4,1,1,1,0,0,0,1,4,1,1,detected,infiltrate,1,1,pulmonary,smear_positive_ptb,1,failed
10000,32,M,18.8,0,0,0,0,0,0,0,0,1,0,0,0,0,N/A,normal,0,0,none,not_tb,0,not_applicable
